-- phpMyAdmin SQL Dump
-- version 4.8.0.1
-- https://www.phpmyadmin.net/
--
-- Host: 127.0.0.1
-- Generation Time: Jul 27, 2018 at 11:35 AM
-- Server version: 10.1.32-MariaDB
-- PHP Version: 7.2.5

SET SQL_MODE = "NO_AUTO_VALUE_ON_ZERO";
SET AUTOCOMMIT = 0;
START TRANSACTION;
SET time_zone = "+00:00";


/*!40101 SET @OLD_CHARACTER_SET_CLIENT=@@CHARACTER_SET_CLIENT */;
/*!40101 SET @OLD_CHARACTER_SET_RESULTS=@@CHARACTER_SET_RESULTS */;
/*!40101 SET @OLD_COLLATION_CONNECTION=@@COLLATION_CONNECTION */;
/*!40101 SET NAMES utf8mb4 */;

--
-- Database: `trip`
--

-- --------------------------------------------------------

--
-- Table structure for table `admins`
--

CREATE TABLE `admins` (
  `id` int(10) UNSIGNED NOT NULL,
  `name` varchar(191) COLLATE utf8mb4_unicode_ci NOT NULL,
  `email` varchar(191) COLLATE utf8mb4_unicode_ci NOT NULL,
  `password` varchar(191) COLLATE utf8mb4_unicode_ci NOT NULL,
  `remember_token` varchar(100) COLLATE utf8mb4_unicode_ci DEFAULT NULL,
  `created_at` timestamp NULL DEFAULT NULL,
  `updated_at` timestamp NULL DEFAULT NULL
) ENGINE=InnoDB DEFAULT CHARSET=utf8mb4 COLLATE=utf8mb4_unicode_ci;

--
-- Dumping data for table `admins`
--

INSERT INTO `admins` (`id`, `name`, `email`, `password`, `remember_token`, `created_at`, `updated_at`) VALUES
(1, 'admin', 'admin@mail.com', '$2y$10$PiUu/6g/qwdhjOKpHKGCzutBkiJj8tSXfCg2wZu2qICJC6cah4rB2', 'HVHvKc7LIUaItPQWjrb7Acfg5mS4YhiE48LBLZMzt1JWOohLFrg1KTBCsJ6K', '2018-07-15 21:51:47', '2018-07-15 21:51:47');

-- --------------------------------------------------------

--
-- Table structure for table `akomodasis`
--

CREATE TABLE `akomodasis` (
  `id` int(10) UNSIGNED NOT NULL,
  `deskripsi` longtext COLLATE utf8mb4_unicode_ci NOT NULL,
  `judul` varchar(191) COLLATE utf8mb4_unicode_ci NOT NULL,
  `kota_aceh_id` int(10) UNSIGNED NOT NULL,
  `created_at` timestamp NULL DEFAULT NULL,
  `updated_at` timestamp NULL DEFAULT NULL
) ENGINE=InnoDB DEFAULT CHARSET=utf8mb4 COLLATE=utf8mb4_unicode_ci;

--
-- Dumping data for table `akomodasis`
--

INSERT INTO `akomodasis` (`id`, `deskripsi`, `judul`, `kota_aceh_id`, `created_at`, `updated_at`) VALUES
(1, '<p style=\"margin: 11.25pt 0cm; line-height: 150%; background-image: initial; background-position: initial; background-size: initial; background-repeat: initial; background-attachment: initial; background-origin: initial; background-clip: initial;\"><em><span style=\"mso-bidi-font-size:\n10.5pt;line-height:150%;font-family:&quot;Calibri&quot;,&quot;sans-serif&quot;;mso-ascii-theme-font:\nminor-latin;mso-hansi-theme-font:minor-latin;mso-bidi-theme-font:minor-latin;\nfont-style:normal;mso-bidi-font-style:italic\">Hotel Lading&nbsp;<a href=\"http://2.bp.blogspot.com/-oRLUHY5lVyo/TiAWnsRxi_I/AAAAAAAAAM0/VZpRkXMy7aU/s1600/Map-Lading-depan-1-ok.jpg\" target=\"_blank\" title=\"map\" style=\"box-sizing: border-box;cursor:pointer;\ntransition: color 400ms, background-color 400ms\"><span style=\"color:windowtext\">terletak\ndi Pusat Kota Banda Aceh (Lihat Peta)</span></a>, hanya 5 menit jalan kaki ke\nicon Banda Aceh, Masjid Raya Baiturrahaman dan Pasar Aceh. Juga dekat dengan\nsentra perbankan, Bank Indonesia, BRI, Mandiri, dan BNI. Pemandangan menghadap\nke Kali Aceh, sungai terbesar di Banda Aceh. Hotel Lading terletak hanya 5\nmenit dari Terminal Labi Labi (Angkutan Kota), dan dilalui oleh sebagian besar\nRute Transportasi Umum.</span></em><span style=\"mso-bidi-font-size:10.5pt;\nline-height:150%;font-family:&quot;Calibri&quot;,&quot;sans-serif&quot;;mso-ascii-theme-font:minor-latin;\nmso-hansi-theme-font:minor-latin;mso-bidi-theme-font:minor-latin\"><o:p></o:p></span></p>\n\n<p style=\"margin: 11.25pt 0cm; line-height: 150%; background-image: initial; background-position: initial; background-size: initial; background-repeat: initial; background-attachment: initial; background-origin: initial; background-clip: initial; box-sizing: border-box;\"><em style=\"box-sizing: border-box\"><span style=\"mso-bidi-font-size:10.5pt;\nline-height:150%;font-family:&quot;Calibri&quot;,&quot;sans-serif&quot;;mso-ascii-theme-font:minor-latin;\nmso-hansi-theme-font:minor-latin;mso-bidi-theme-font:minor-latin;font-style:\nnormal;mso-bidi-font-style:italic\">Hotel Lading menyediakan segala kebutuhan\nakomodasi anda, baik anda Tamu Perorangan ataupun Tamu Group. Kami juga\nmenyediakan fasilitas antar jemput ke Airport (Shuttle Services) untuk tamu\nkami.</span></em><span style=\"mso-bidi-font-size:10.5pt;line-height:150%;\nfont-family:&quot;Calibri&quot;,&quot;sans-serif&quot;;mso-ascii-theme-font:minor-latin;mso-hansi-theme-font:\nminor-latin;mso-bidi-theme-font:minor-latin\"><o:p></o:p></span></p>\n\n<p class=\"MsoNormal\" style=\"line-height:150%\"><span style=\"font-size:14.0pt;\nmso-bidi-font-size:11.0pt;line-height:150%;mso-bidi-font-family:Calibri;\nmso-bidi-theme-font:minor-latin\"><o:p>&nbsp;</o:p></span></p>', 'Hotel Lading', 21, '2018-07-17 18:04:19', '2018-07-20 02:50:17'),
(2, '<p style=\"margin: 11.25pt 0cm; line-height: 150%; background-image: initial; background-position: initial; background-size: initial; background-repeat: initial; background-attachment: initial; background-origin: initial; background-clip: initial;\"><em><span style=\"font-family:&quot;Calibri&quot;,&quot;sans-serif&quot;;\nmso-ascii-theme-font:minor-latin;mso-hansi-theme-font:minor-latin;mso-bidi-theme-font:\nminor-latin;font-style:normal;mso-bidi-font-style:italic\">D</span></em><span style=\"font-family: Calibri, sans-serif; color: rgb(44, 62, 80); background-image: initial; background-position: initial; background-size: initial; background-repeat: initial; background-attachment: initial; background-origin: initial; background-clip: initial;\">alam merencanakan perjalanan, ada banyak faktor yang bisa\ndijadikan pertimbangan. Hal yang paling utama tentunya adalah keunikan atau\nkeindahan lokasi yang akan kita tuju, kemudian sisi transportasi yang aman dan\ndapat diandalkan untuk digunakan, akomodasi yang nyaman dan sejuk, dan yang\nterakhir adalah kuliner lokal yang segar dan menantang. Hal tersebut tentu\nsudah kita pertimbangkan sebelum mengunjungi suatu daerah, tak terkecuali para&nbsp;</span><em style=\"box-sizing: border-box;\"><span style=\"font-family:&quot;Calibri&quot;,&quot;sans-serif&quot;;\nmso-ascii-theme-font:minor-latin;mso-hansi-theme-font:minor-latin;mso-bidi-theme-font:\nminor-latin\">backpacker</span></em>. Banyak para&nbsp;<em style=\"box-sizing: border-box;\"><span style=\"font-family:&quot;Calibri&quot;,&quot;sans-serif&quot;;mso-ascii-theme-font:\nminor-latin;mso-hansi-theme-font:minor-latin;mso-bidi-theme-font:minor-latin\">backpacker</span></em>&nbsp;yang\nmenggunakan sosial media untuk mencari informasi atau<em style=\"box-sizing: border-box;\"><span style=\"font-family:&quot;Calibri&quot;,&quot;sans-serif&quot;;\nmso-ascii-theme-font:minor-latin;mso-hansi-theme-font:minor-latin;mso-bidi-theme-font:\nminor-latin\">&nbsp;itinerary</span></em>&nbsp;yang mendukung perjalanan. Untuk di propinsi Aceh\nsendiri terdapat beberapa lokasi tujuan wisata yang cukup banyak dan tersebar\ndi berbagai kabupaten / kota. Sedangkan untuk fasilitas akomodasi/ perhotelan,\nbanyak berada di ibukota propinsi yaitu di Kota Banda Aceh.<span style=\"font-family:&quot;Calibri&quot;,&quot;sans-serif&quot;;mso-ascii-theme-font:minor-latin;\nmso-hansi-theme-font:minor-latin;mso-bidi-theme-font:minor-latin\"><o:p></o:p></span></p><p style=\"margin: 11.25pt 0cm; line-height: 150%; background-image: initial; background-position: initial; background-size: initial; background-repeat: initial; background-attachment: initial; background-origin: initial; background-clip: initial;\">\n\n</p><p class=\"MsoNormal\" style=\"line-height:150%\"><span style=\"font-size:12.0pt;\nline-height:150%;mso-bidi-font-family:Calibri;mso-bidi-theme-font:minor-latin\"><o:p>&nbsp;</o:p></span></p>', 'HOTEL THE PADE ACEH', 3, '2018-07-20 02:52:14', '2018-07-20 02:52:14'),
(3, '<p><span style=\"font-size: large;\"><span style=\"font-size: x-large;\">Hotel Meuligoe Bireuen </span><span style=\"font-size: small;\">adalah\n salah satu penginapan yang berada di Kabupaten Bireuen, mulai \nberoperasi pada 25 Agustus 2010, dan terletak di jalan utama Medan-Banda\n Aceh tidak jauh dari Kantor Bupati Bireuen yang baru.</span></span><br>\n<span style=\"font-size: small;\"><br>\n</span><br>\n<span style=\"font-size: small;\">Kini kami telah menyediakan 7 jenis kamar yang terdiri dari :</span><br>\n<span style=\"font-size: large;\">1. Suite Room Rp 700.000</span><br>\n<span style=\"font-size: large;\">2. Family Room Rp 600.000</span><br>\n<span style=\"font-size: large;\">3. Executive Room Rp 500.000</span><br>\n<span style=\"font-size: large;\">4. Deluxe Room Rp 400.000</span><br>\n<span style=\"font-size: large;\">5. Superior Room Rp 350.000 </span><br>\n<span style=\"font-size: large;\">6. Standard Room Rp 300.000</span><br>\n</p><div style=\"color: red;\">\n<b><span style=\"font-size: small;\">Extra Bed Rp 100.000</span></b></div><p>\n<br>\n<span style=\"font-size: small;\">Sudah termasuk sarapan pagi untuk dua orang</span><br>\n<span style=\"font-size: small;\">Harga kamar belum termasuk 20% pajak dan pelayanan.</span><br>\n<br>\n<span style=\"font-size: small;\">Fasilitas : Lift, AC, TV, Minibar, Bathtub, Water Heater, WiFi, Tempat Parkir, juga tersedia Restaurant and Cafe.</span><br>\n<span style=\"font-size: large;\"><br>\n</span><br>\n<span style=\"font-size: small;\">Kami juga menyediakan tempat pertemuan sesuai dengan kebutuhan.</span><br>\n<br>\n<span style=\"font-size: large;\"><br>\n</span><br>\n<span style=\"font-size: small;\">Untuk informasi dan pemesanan silahkan menghubungi kami di :</span><br>\n<span style=\"font-size: large;\">Telp. (0644) 22111 - 22333 - 323303</span><br>\n<span style=\"font-size: large;\">HP. 0823 4120 0442</span><br>\n<br>\n<span style=\"font-size: large;\">Email : hotel_meuligoe@yahoo.co.id (hunting)</span><br>\n</p><div style=\"text-align: center;\">\n<span style=\"font-size: large;\"><br></span></div>', 'HOTEL MEULIGO', 7, '2018-07-22 14:29:16', '2018-07-22 14:29:16'),
(4, '<p><span style=\"font-size: large;\"><span style=\"font-size: x-large;\">Hotel RENGGALI</span></span></p><p><span style=\"font-size: large;\"><span style=\"font-size: x-large;\">&nbsp;</span><span style=\"font-size: small;\">adalah\n salah satu penginapan yang berada di Kabupaten Bireuen, mulai \nberoperasi pada 25 Agustus 2010, dan terletak di jalan utama Medan-Banda\n Aceh tidak jauh dari Kantor Bupati Bireuen yang baru.</span></span><br>\n<span style=\"font-size: small;\"><br>\n</span><br>\n<span style=\"font-size: small;\">Kini kami telah menyediakan 7 jenis kamar yang terdiri dari :</span><br>\n<span style=\"font-size: large;\">1. Suite Room Rp 700.000</span><br>\n<span style=\"font-size: large;\">2. Family Room Rp 600.000</span><br>\n<span style=\"font-size: large;\">3. Executive Room Rp 500.000</span><br>\n<span style=\"font-size: large;\">4. Deluxe Room Rp 400.000</span><br>\n<span style=\"font-size: large;\">5. Superior Room Rp 350.000 </span><br>\n<span style=\"font-size: large;\">6. Standard Room Rp 300.000</span><br>\n</p><div style=\"color: red;\">\n<b><span style=\"font-size: small;\">Extra Bed Rp 100.000</span></b></div><p>\n<br>\n<span style=\"font-size: small;\">Sudah termasuk sarapan pagi untuk dua orang</span><br>\n<span style=\"font-size: small;\">Harga kamar belum termasuk 20% pajak dan pelayanan.</span><br>\n<br>\n<span style=\"font-size: small;\">Fasilitas : Lift, AC, TV, Minibar, Bathtub, Water Heater, WiFi, Tempat Parkir, juga tersedia Restaurant and Cafe.</span><br>\n<span style=\"font-size: large;\"><br>\n</span><br>\n<span style=\"font-size: small;\">Kami juga menyediakan tempat pertemuan sesuai dengan kebutuhan.</span><br>\n<br>\n<span style=\"font-size: large;\"><br>\n</span><br>\n<span style=\"font-size: small;\">Untuk informasi dan pemesanan silahkan menghubungi kami di :</span><br>\n<span style=\"font-size: large;\">Telp. (0644) 22111 - 22333 - 323303</span><br>\n<span style=\"font-size: large;\">HP. 0823 4120 0442</span><br>\n<br>\n<span style=\"font-size: large;\">Email : hotel_meuligoe@yahoo.co.id (hunting)</span><br>\n</p><div style=\"text-align: center;\">\n<span style=\"font-size: large;\"><br></span></div>', 'Renggali Hotel', 6, '2018-07-22 14:30:38', '2018-07-22 14:30:38'),
(5, '<p style=\"box-sizing: border-box; margin-bottom: 20px; color: rgb(116, 116, 116); font-family: &quot;Open Sans&quot;; font-size: 16px;\">Hampir semua penginapan di Sabang selalu berlokasi di tepi pantai, pun begitu dengan Iboih Inn. Ini adalah penginapan yang bagus dan sangat&nbsp;<em style=\"box-sizing: border-box;\">recommended</em>&nbsp;bila Anda sedang berlibur dan ingin menginap di Sabang. Resort tepi pantai ini juga menawarkan kamar tidur yang bersih, nyaman, dan santai.</p><div class=\"code-block code-block-6\" style=\"box-sizing: border-box; color: rgb(116, 116, 116); font-family: &quot;Open Sans&quot;; font-size: 16px; margin: 8px 0px 18px; text-align: center;\"></div><p style=\"box-sizing: border-box; margin-bottom: 20px; color: rgb(116, 116, 116); font-family: &quot;Open Sans&quot;; font-size: 16px;\">Ketika Anda bermalam di Iboih Inn, Anda bisa menggunakan fasilitas yang diberikan oleh resort ini, mulai dari Wi-Fi di area umum, snorkeling, watersport, perahu, menyelam, taman, restoran, dan jasa tur. Alamat Iboih Inn ada di Teupi Layeu, Iboih, Pulau Weh, Sabang, Aceh.</p>', 'Iboih Bungalow Sabang', 22, '2018-07-25 14:14:10', '2018-07-25 14:14:10'),
(6, '<p style=\"box-sizing: border-box; margin-bottom: 20px; color: rgb(116, 116, 116); font-family: &quot;Open Sans&quot;; font-size: 16px;\">Resort di tepi pantai adalah pilihan yang paling tepat ketika Anda berkunjung ke Sabang. Nah, salah satu referensi penginapan di Sabang yang letaknya berada di tepi pantai adalah Gapang Beach Resort. Tentu saja Anda bisa langsung menikmati pemandangan pantai jika menginap di sini.</p><p style=\"box-sizing: border-box; margin-bottom: 20px; color: rgb(116, 116, 116); font-family: &quot;Open Sans&quot;; font-size: 16px;\">Selain itu, Gapang Beach Resort juga menyediakan sejumlah fasilitas yang lengkap, mulai dari room service, Wi-Fi di area umum, restoran, fasilitas rapat, area merokok/bebas asap rokok, meja, TV, pancuran, jasa laundry, menyelam, berlayar, memancing, bersepeda, watersport, pantai privat, dan masih banyak lagi yang lainnya. Gapang Beach Resort bertempat di Jalan Sabang – 1 B 01H SP, Gapang, Sabang, Aceh.</p>', 'Gapang Beach Resort', 22, '2018-07-25 14:16:33', '2018-07-25 14:16:33'),
(7, '<p style=\"box-sizing: border-box; margin-bottom: 20px; color: rgb(116, 116, 116); font-family: &quot;Open Sans&quot;; font-size: 16px;\">Pantai Iboih merupakan objek wisata di Sabang. Jika Anda ingin mengunjungi pantai tersebut, Anda bisa bermalam di Fina Bungalow yang letaknya memang di kawasan Pantai Iboih. Kamar di penginapan ini sangat rapi, bersih, dan nyaman. Pun begitu dengan pelayanan staff Fina Bungalow yang cukup ramah.</p><div class=\"code-block code-block-3\" style=\"box-sizing: border-box; color: rgb(116, 116, 116); font-family: &quot;Open Sans&quot;; font-size: 16px; margin: 8px 0px 18px; text-align: center;\"></div><p style=\"box-sizing: border-box; margin-bottom: 20px; color: rgb(116, 116, 116); font-family: &quot;Open Sans&quot;; font-size: 16px;\">Tak ada fasilitas yang banyak di penginapan ini, tapi Anda bisa memperoleh fasilitas berupa Wi-Fi di area umum, resepsionis 24 jam, internet kamar, dan penyewaan sepeda. Fina Bungalow terletak di Pantai Iboih, Sabang, Pulau Weh, Aceh.</p>', 'Fina Bungalow', 3, '2018-07-25 14:18:35', '2018-07-25 14:18:35'),
(8, '<p style=\"box-sizing: border-box; margin-bottom: 20px; color: rgb(116, 116, 116); font-family: &quot;Open Sans&quot;; font-size: 16px;\">Bagi Anda yang ingin berbulan madu di Sabang, Casanemo adalah penginapan yang ideal untuk para pasangan yang ingin menghabiskan waktu bersama.</p><p style=\"box-sizing: border-box; margin-bottom: 20px; color: rgb(116, 116, 116); font-family: &quot;Open Sans&quot;; font-size: 16px;\">Bagaimana tidak, suasana kamar di Casanemo begitu romantis dengan penerangan yang temaram dan tempat tidur berkelambu. Keistimewaan dari Casanemo adalah lokasinya yang berada di tepi pantai, sehingga semakin menambah romantisme dalam bulan madu Anda bersama pasangan.</p><p style=\"box-sizing: border-box; margin-bottom: 20px; color: rgb(116, 116, 116); font-family: &quot;Open Sans&quot;; font-size: 16px;\">Fasilitas yang disediakan oleh penginapan ini antara lain adalah room service, brankas, Wi-Fi di area umum, restoran, jasa laundry, jasa tur, penyewaan mobil atau sepeda, dan resepsionis 24 jam. Casanemo bertempat di Jalan K.H. Agus Salim, Kel. Ie Maulee, Kec. Sukajaya, Sabang, Aceh.</p>', 'Casanemo', 22, '2018-07-25 14:19:38', '2018-07-25 14:19:38'),
(9, '<p style=\"box-sizing: border-box; margin-bottom: 20px; color: rgb(116, 116, 116); font-family: &quot;Open Sans&quot;; font-size: 16px;\">Rekomendasi penginapan di Sabang berikutnya adalah Nagoya Inn Sabang. Hotel bintang 3 ini menawarkan kamar yang nyaman dan bersih. Di samping itu, nilai&nbsp;<em style=\"box-sizing: border-box;\">plus</em>&nbsp;bagi hotel ini adalah lokasinya yang strategis dan tarif kamarnya yang murah.</p><p style=\"box-sizing: border-box; margin-bottom: 20px; color: rgb(116, 116, 116); font-family: &quot;Open Sans&quot;; font-size: 16px;\">Nagoya Inn Sabang melengkapi&nbsp;<em style=\"box-sizing: border-box;\">service</em>&nbsp;yang diberikan untuk para tamunya dengan menyediakan fasilitas, seperti Wi-Fi di area umum, fasilitas rapat, internet kamar, area merokok, jasa laundry, penyewaan sepeda, dan resepsionis 24 jam. Untuk sampai ke Nagoya Inn Sabang, Anda bisa mengunjungi hotel ini yang berada di Jalan Cut Mutia No. 34, Sabang, Aceh</p>', 'Nagoya Inn Sabang', 22, '2018-07-25 14:20:38', '2018-07-25 14:20:38'),
(10, '<p style=\"box-sizing: border-box; margin-bottom: 20px; color: rgb(116, 116, 116); font-family: &quot;Open Sans&quot;; font-size: 16px;\">Nah, jika Anda menginginkan hotel yang elit saat menginap di Sabang, Bacaterus merekomendasikan The Pade Dive Resort. Penginapan ini memadukan konsep&nbsp;<em style=\"box-sizing: border-box;\">country</em>&nbsp;dan modern. Dari resort, Anda bisa menikmati&nbsp;<em style=\"box-sizing: border-box;\">view</em>pantai dengan air laut yang nampak sangat biru menyejukkan mata.</p><p style=\"box-sizing: border-box; margin-bottom: 20px; color: rgb(116, 116, 116); font-family: &quot;Open Sans&quot;; font-size: 16px;\">Ketika menginap di The Pade Diver Resort, Anda bisa memanfaatkan fasilitas berupa room service, Wi-Fi di area umum, restoran, internet kamar, AC, TV, pancuran, DVD player, jasa tur, pantai privat, dan resepsionis 24 jam. Semua kenyamanan eksklusif ini hanya bisa Anda peroleh di The Pade Dive Resort di Jalan Balik Gunung Jurong Lhout Gampong Iboih, Kec. Suka Karya, Sabang.</p>', 'The Pade Dive Resort', 3, '2018-07-25 14:21:31', '2018-07-25 14:21:31'),
(11, '<p style=\"box-sizing: border-box; margin-bottom: 20px; color: rgb(116, 116, 116); font-family: &quot;Open Sans&quot;; font-size: 16px;\">Berencana melakukan liburan romantis bersama suami atau istri tercinta? Anda perlu menginap di Freddies Santai Sumurtiga. Pasalnya, ini juga termasuk sebagai salah satu penginapan romantis yang ada di Sabang. Penginapan ini menawarkan&nbsp;<em style=\"box-sizing: border-box;\">view</em>&nbsp;pantai yang sangat jelas dan indah. Bisa dikatakan bahwa Freddies Santai Sumurtiga ini adalah penginapan mewah di Sabang.</p><p style=\"box-sizing: border-box; margin-bottom: 20px; color: rgb(116, 116, 116); font-family: &quot;Open Sans&quot;; font-size: 16px;\">Adapun fasilitas yang bisa Anda nikmati kala menginap di sini adalah room service, internet kamar, restoran, bar, dan fasilitas untuk anak-anak. Freddies Santai Sumurtiga berlokasi Jalan Bahagia, Sabang, Pulau Weh, Aceh.</p>', 'Freddies Santai Sumurtiga', 22, '2018-07-25 14:22:20', '2018-07-25 14:22:20'),
(12, '<p style=\"box-sizing: border-box; margin-bottom: 20px; color: rgb(116, 116, 116); font-family: &quot;Open Sans&quot;; font-size: 16px;\">Belum lengkap rasanya jika ke Sabang tak mengunjungi Pulau Weh. Pasalnya, Sabang merupakan salah satu kota terbesar di Pulau Weh. Nah, jika Anda sedang berlibur di Sabang, Anda bisa menginap di Pulau Weh Dive Resort, sebuah penginapan ekslusif yang bertempat di tepi pantai.</p><p style=\"box-sizing: border-box; margin-bottom: 20px; color: rgb(116, 116, 116); font-family: &quot;Open Sans&quot;; font-size: 16px;\">Bukan hanya dekat dengan pantai, resort ini memungkinkan Anda untuk langsung melangkah ke pantai ketika keluar dari pintu resort. Fasilitas yang disediakan oleh Pulau Weh Dive Resort adalah room service, internet kamar, restoran, dapur kecil, dan sarapan. Lokasi Pulau Weh Dive Resort terletak di Iboih Long Beach, Jalan KM 0, Pulau Weh, Aceh.</p>', 'Pulau Weh Dive Resort', 22, '2018-07-25 14:23:30', '2018-07-25 14:23:30'),
(13, '<p style=\"box-sizing: border-box; margin-bottom: 20px; color: rgb(116, 116, 116); font-family: &quot;Open Sans&quot;; font-size: 16px;\">Hampir semua penginapan di Sabang selalu berlokasi di tepi pantai, pun begitu dengan Iboih Inn. Ini adalah penginapan yang bagus dan sangat&nbsp;<em style=\"box-sizing: border-box;\">recommended</em>&nbsp;bila Anda sedang berlibur dan ingin menginap di Sabang. Resort tepi pantai ini juga menawarkan kamar tidur yang bersih, nyaman, dan santai.</p><div class=\"code-block code-block-6\" style=\"box-sizing: border-box; color: rgb(116, 116, 116); font-family: &quot;Open Sans&quot;; font-size: 16px; margin: 8px 0px 18px; text-align: center;\"></div><p style=\"box-sizing: border-box; margin-bottom: 20px; color: rgb(116, 116, 116); font-family: &quot;Open Sans&quot;; font-size: 16px;\">Ketika Anda bermalam di Iboih Inn, Anda bisa menggunakan fasilitas yang diberikan oleh resort ini, mulai dari Wi-Fi di area umum, snorkeling, watersport, perahu, menyelam, taman, restoran, dan jasa tur. Alamat Iboih Inn ada di Teupi Layeu, Iboih, Pulau Weh, Sabang, Aceh.</p>', 'Iboih Inn', 22, '2018-07-25 14:24:39', '2018-07-25 14:24:39'),
(14, '<p><span style=\"color: rgb(116, 116, 116); font-family: &quot;Open Sans&quot;; font-size: 16px;\">Hotel Sabang Hill adalah solusi menginap bagi Anda yang ingin beristirahat dengan nyaman di tempat ekslusif yang cukup elegan. Hotel ini menawarkan berbagai macam pilihan kamar dan fasilitas yang mumpuni. Dari hotel Anda juga bisa melihat langsung ke pantai yang berada di dekat hotel. Hotel Sabang Hill berlokasi di Jalan Cut Ali, Sabang, Pulau Weh.</span><br></p>', 'Hotel Sabang Hill', 22, '2018-07-25 14:25:28', '2018-07-25 14:25:28'),
(15, '<p><span style=\"color: rgb(116, 116, 116); font-family: &quot;Open Sans&quot;; font-size: 16px;\">Apakah Anda menginginkan tempat menginap yang nyaman saat sedang mengunjungi Sabang, Pulau Weh? Anda bisa&nbsp;</span><em style=\"box-sizing: border-box; color: rgb(116, 116, 116); font-family: &quot;Open Sans&quot;; font-size: 16px;\">stay&nbsp;</em><span style=\"color: rgb(116, 116, 116); font-family: &quot;Open Sans&quot;; font-size: 16px;\">di Rasa Seni Hotel Resort. Karena penginapan ini berada di lokasi yang tenang dan jauh dari hingar bingar.</span><span style=\"color: rgb(116, 116, 116); font-family: &quot;Open Sans&quot;; font-size: 16px;\">Walaupun tidak terlalu ramai, tamu akan terhibur dengan fasilitas yang tersedia di resort ini, seperti peralatan untuk penyandang disabilitas, restoran, AC, minibar, room service, internet kamar, dan jasa laundry. Rasa Seni Hotel Resort bertempat di Anoi Itam, Pulau Weh.</span><br></p><p style=\"box-sizing: border-box; margin-bottom: 20px; color: rgb(116, 116, 116); font-family: &quot;Open Sans&quot;; font-size: 16px;\">Demikian rekomendasi penginapan di Sabang yang bisa menjadi pedoman bagi Anda yang ingin berwisata ke Sabang. Pilihlah hotel yang sesuai dengan lokasi yang Anda inginkan dan dana yang tersedia.</p>', 'Rasa Seni Hotel Resort', 22, '2018-07-25 14:26:21', '2018-07-25 14:26:21'),
(16, '<p><span style=\"color: rgb(51, 51, 51); font-family: &quot;Open Sans&quot;, sans-serif; font-size: 16px;\">Hotel Boutique pertama di Aceh ini merupakan salah satu hotel terbaik di Banda Aceh. Dengan desain arsitektur&nbsp;</span><em style=\"color: rgb(51, 51, 51); font-family: &quot;Open Sans&quot;, sans-serif; font-size: 16px;\">ala&nbsp;</em><span style=\"color: rgb(51, 51, 51); font-family: &quot;Open Sans&quot;, sans-serif; font-size: 16px;\">Timur Tengahnya, The Pade Hotel berikan suasana yang hangat</span></p><p style=\"margin-top: 20px; margin-bottom: 20px; font-family: &quot;Open Sans&quot;, sans-serif; font-size: 16px; line-height: 25.6px; color: rgb(51, 51, 51);\">Keramahan dan kehangatan pelayanan para staff hotel pun mampu membuat setiap tamu merasa nyaman. Ditambah fasilitas pendukung seperti fitness center, lounge, spa, dan kolam renang, kenyamanan bermalam jadi lebih sempurna. Pantaslah kalau hotel di Banda Aceh ini&nbsp;direkomendasikan sebagai tujuan bermalam saat liburan bersama keluarga.&nbsp;</p><p style=\"margin-top: 20px; margin-bottom: 20px; font-family: &quot;Open Sans&quot;, sans-serif; font-size: 16px; line-height: 25.6px; color: rgb(51, 51, 51);\">Lokasi:&nbsp;Jl Soekarno Hatta No.I Desa Daroy Kamue</p><p><br></p>', 'The Pade Hotel', 21, '2018-07-25 14:29:29', '2018-07-25 14:29:29'),
(17, '<p><span style=\"color: rgb(51, 51, 51); font-family: &quot;Open Sans&quot;, sans-serif; font-size: 16px;\">Jika The Pade Hotel merupakan hotel boutique pertama, Hermes Palace Hotel ini adalah hotel bintang empat pertama di provinsi Aceh. Terletak di Jl. T. Panglima Nyak Makam, hotel ini begitu dekat dengan Masjid Raya Baiturrahman. Butuh waktu sekitar 10 berkendara untuk mencapai lokasi masjid.</span></p><p style=\"margin-top: 20px; margin-bottom: 20px; font-family: &quot;Open Sans&quot;, sans-serif; font-size: 16px; line-height: 25.6px; color: rgb(51, 51, 51);\">Tak hanya dekat dengan landmark populer di Aceh, Hermes Palace Hotel pun dekat dengan Bandara Sultan Iskandar Muda. Kurang lebih butuh waktu 20 menit menuju bandara dari hotel.</p><p style=\"margin-top: 20px; margin-bottom: 20px; font-family: &quot;Open Sans&quot;, sans-serif; font-size: 16px; line-height: 25.6px; color: rgb(51, 51, 51);\">Soal kamar dan fasilitasnya, hotel di Banda Aceh ini dibangun setinggi 6 lantai dengan total 159 kamar yang luas. Sama seperti hotel bintang empat lainnya, Hermes Palace Hotel menawarkan kolam renang, bar, lounge, dan fitness center.&nbsp;</p><p style=\"margin-top: 20px; margin-bottom: 20px; font-family: &quot;Open Sans&quot;, sans-serif; font-size: 16px; line-height: 25.6px; color: rgb(51, 51, 51);\">Lokasi :&nbsp;Jl. T. Panglima Nyak Makam, Banda Aceh, Indonesia</p><p><br></p>', 'Hermes Palace Hotel', 21, '2018-07-25 14:31:54', '2018-07-25 14:31:54'),
(18, '<p style=\"margin-top: 20px; margin-bottom: 20px; font-family: &quot;Open Sans&quot;, sans-serif; font-size: 16px; line-height: 25.6px; color: rgb(51, 51, 51);\">Hotel bintang tiga dengan tingkat kenyamanan seperti hotel bintang empat. Sepertinya kalimat tersebut bisa mewakili gambaran kenyamanan bermalam di Kyriad Muraya Hotel.&nbsp;</p><p style=\"margin-top: 20px; margin-bottom: 20px; font-family: &quot;Open Sans&quot;, sans-serif; font-size: 16px; line-height: 25.6px; color: rgb(51, 51, 51);\">Kalau dilihat dari segi fasilitas, hotel yang belum lama dibuka untuk umum ini menawarkan fasilitas selayaknya hotel bintang tiga seperti restoran, kamar bebas rokok, AC, dan layanan antar jemput bandara.&nbsp;</p><p style=\"margin-top: 20px; margin-bottom: 20px; font-family: &quot;Open Sans&quot;, sans-serif; font-size: 16px; line-height: 25.6px; color: rgb(51, 51, 51);\">Spesialnya, hotel di Banda Aceh ini berada dekat dengan pusat kuliner yang terkenal di Banda Aceh, seperti Mie Razali, dan Nasi Goreng Daus. Warung kopi Aceh pun mudah ditemukan di sekitar hotel.</p><p style=\"margin-top: 20px; margin-bottom: 20px; font-family: &quot;Open Sans&quot;, sans-serif; font-size: 16px; line-height: 25.6px; color: rgb(51, 51, 51);\">Selain itu, Kyriad Muraya Hotel juga dekat dengan berbagai objek wisata di sana, seperti Masjid Agung Baiturrahman, Museum Tsunami, dan kapal yang terdampar.&nbsp;</p><p style=\"margin-top: 20px; margin-bottom: 20px; font-family: &quot;Open Sans&quot;, sans-serif; font-size: 16px; line-height: 25.6px; color: rgb(51, 51, 51);\">Lokasi:&nbsp;Jalan Tengku Muhammad Daud Beureuh, Lheue</p>', 'Kyriad Muraya Hotel', 21, '2018-07-25 14:33:19', '2018-07-25 14:33:19');

-- --------------------------------------------------------

--
-- Table structure for table `akomodasi_wisatas`
--

CREATE TABLE `akomodasi_wisatas` (
  `id` int(10) UNSIGNED NOT NULL,
  `akomodasi_id` int(10) UNSIGNED NOT NULL,
  `wisata_id` int(10) UNSIGNED NOT NULL,
  `created_at` timestamp NULL DEFAULT NULL,
  `updated_at` timestamp NULL DEFAULT NULL
) ENGINE=InnoDB DEFAULT CHARSET=utf8mb4 COLLATE=utf8mb4_unicode_ci;

--
-- Dumping data for table `akomodasi_wisatas`
--

INSERT INTO `akomodasi_wisatas` (`id`, `akomodasi_id`, `wisata_id`, `created_at`, `updated_at`) VALUES
(14, 3, 30, '2018-07-25 11:15:43', '2018-07-25 11:15:43'),
(15, 3, 32, '2018-07-25 11:15:43', '2018-07-25 11:15:43'),
(130, 8, 20, '2018-07-25 18:32:59', '2018-07-25 18:32:59'),
(131, 8, 24, '2018-07-25 18:32:59', '2018-07-25 18:32:59'),
(132, 8, 25, '2018-07-25 18:32:59', '2018-07-25 18:32:59'),
(133, 8, 41, '2018-07-25 18:32:59', '2018-07-25 18:32:59'),
(134, 8, 73, '2018-07-25 18:32:59', '2018-07-25 18:32:59'),
(135, 7, 16, '2018-07-25 18:33:11', '2018-07-25 18:33:11'),
(136, 7, 17, '2018-07-25 18:33:11', '2018-07-25 18:33:11'),
(137, 7, 20, '2018-07-25 18:33:11', '2018-07-25 18:33:11'),
(138, 11, 3, '2018-07-25 18:33:23', '2018-07-25 18:33:23'),
(139, 11, 16, '2018-07-25 18:33:23', '2018-07-25 18:33:23'),
(140, 11, 24, '2018-07-25 18:33:23', '2018-07-25 18:33:23'),
(141, 11, 25, '2018-07-25 18:33:23', '2018-07-25 18:33:23'),
(142, 11, 29, '2018-07-25 18:33:23', '2018-07-25 18:33:23'),
(143, 6, 9, '2018-07-25 18:33:44', '2018-07-25 18:33:44'),
(144, 6, 10, '2018-07-25 18:33:44', '2018-07-25 18:33:44'),
(145, 6, 12, '2018-07-25 18:33:44', '2018-07-25 18:33:44'),
(146, 6, 18, '2018-07-25 18:33:44', '2018-07-25 18:33:44'),
(147, 6, 20, '2018-07-25 18:33:44', '2018-07-25 18:33:44'),
(148, 6, 24, '2018-07-25 18:33:44', '2018-07-25 18:33:44'),
(149, 6, 25, '2018-07-25 18:33:44', '2018-07-25 18:33:44'),
(150, 6, 29, '2018-07-25 18:33:44', '2018-07-25 18:33:44'),
(151, 17, 1, '2018-07-25 18:34:20', '2018-07-25 18:34:20'),
(152, 17, 2, '2018-07-25 18:34:20', '2018-07-25 18:34:20'),
(153, 17, 5, '2018-07-25 18:34:20', '2018-07-25 18:34:20'),
(154, 17, 6, '2018-07-25 18:34:20', '2018-07-25 18:34:20'),
(155, 17, 9, '2018-07-25 18:34:20', '2018-07-25 18:34:20'),
(156, 17, 15, '2018-07-25 18:34:20', '2018-07-25 18:34:20'),
(157, 17, 41, '2018-07-25 18:34:20', '2018-07-25 18:34:20'),
(158, 14, 3, '2018-07-25 18:35:24', '2018-07-25 18:35:24'),
(159, 14, 20, '2018-07-25 18:35:24', '2018-07-25 18:35:24'),
(160, 5, 17, '2018-07-25 18:35:51', '2018-07-25 18:35:51'),
(161, 5, 20, '2018-07-25 18:35:51', '2018-07-25 18:35:51'),
(162, 5, 25, '2018-07-25 18:35:51', '2018-07-25 18:35:51'),
(163, 5, 26, '2018-07-25 18:35:51', '2018-07-25 18:35:51'),
(164, 13, 2, '2018-07-25 18:36:07', '2018-07-25 18:36:07'),
(165, 13, 17, '2018-07-25 18:36:07', '2018-07-25 18:36:07'),
(166, 13, 20, '2018-07-25 18:36:07', '2018-07-25 18:36:07'),
(167, 13, 24, '2018-07-25 18:36:07', '2018-07-25 18:36:07'),
(168, 13, 25, '2018-07-25 18:36:07', '2018-07-25 18:36:07'),
(169, 18, 2, '2018-07-25 18:36:29', '2018-07-25 18:36:29'),
(170, 18, 6, '2018-07-25 18:36:29', '2018-07-25 18:36:29'),
(171, 18, 15, '2018-07-25 18:36:29', '2018-07-25 18:36:29'),
(172, 18, 16, '2018-07-25 18:36:29', '2018-07-25 18:36:29'),
(173, 16, 1, '2018-07-25 18:36:44', '2018-07-25 18:36:44'),
(174, 16, 2, '2018-07-25 18:36:44', '2018-07-25 18:36:44'),
(175, 16, 6, '2018-07-25 18:36:44', '2018-07-25 18:36:44'),
(176, 16, 8, '2018-07-25 18:36:44', '2018-07-25 18:36:44'),
(177, 16, 9, '2018-07-25 18:36:44', '2018-07-25 18:36:44'),
(178, 10, 2, '2018-07-25 18:37:31', '2018-07-25 18:37:31'),
(179, 10, 3, '2018-07-25 18:37:31', '2018-07-25 18:37:31'),
(180, 10, 16, '2018-07-25 18:37:31', '2018-07-25 18:37:31'),
(181, 10, 17, '2018-07-25 18:37:31', '2018-07-25 18:37:31'),
(182, 10, 22, '2018-07-25 18:37:31', '2018-07-25 18:37:31'),
(183, 10, 25, '2018-07-25 18:37:31', '2018-07-25 18:37:31'),
(184, 10, 29, '2018-07-25 18:37:31', '2018-07-25 18:37:31'),
(185, 10, 38, '2018-07-25 18:37:31', '2018-07-25 18:37:31'),
(186, 15, 3, '2018-07-25 18:37:56', '2018-07-25 18:37:56'),
(187, 15, 11, '2018-07-25 18:37:56', '2018-07-25 18:37:56'),
(188, 15, 16, '2018-07-25 18:37:56', '2018-07-25 18:37:56'),
(189, 15, 17, '2018-07-25 18:37:56', '2018-07-25 18:37:56'),
(190, 15, 18, '2018-07-25 18:37:56', '2018-07-25 18:37:56'),
(191, 15, 19, '2018-07-25 18:37:56', '2018-07-25 18:37:56'),
(192, 15, 20, '2018-07-25 18:37:56', '2018-07-25 18:37:56'),
(193, 12, 3, '2018-07-25 18:38:28', '2018-07-25 18:38:28'),
(194, 12, 16, '2018-07-25 18:38:28', '2018-07-25 18:38:28'),
(195, 12, 20, '2018-07-25 18:38:28', '2018-07-25 18:38:28'),
(196, 12, 24, '2018-07-25 18:38:28', '2018-07-25 18:38:28'),
(197, 12, 25, '2018-07-25 18:38:28', '2018-07-25 18:38:28'),
(198, 12, 31, '2018-07-25 18:38:28', '2018-07-25 18:38:28'),
(199, 12, 33, '2018-07-25 18:38:28', '2018-07-25 18:38:28'),
(200, 9, 2, '2018-07-25 18:38:42', '2018-07-25 18:38:42'),
(201, 9, 16, '2018-07-25 18:38:42', '2018-07-25 18:38:42'),
(202, 9, 20, '2018-07-25 18:38:42', '2018-07-25 18:38:42'),
(203, 9, 22, '2018-07-25 18:38:42', '2018-07-25 18:38:42'),
(204, 9, 24, '2018-07-25 18:38:42', '2018-07-25 18:38:42');

-- --------------------------------------------------------

--
-- Table structure for table `budayas`
--

CREATE TABLE `budayas` (
  `id` int(10) UNSIGNED NOT NULL,
  `deskripsi` longtext COLLATE utf8mb4_unicode_ci NOT NULL,
  `judul` varchar(255) COLLATE utf8mb4_unicode_ci NOT NULL,
  `kota_aceh_id` int(11) NOT NULL,
  `created_at` timestamp NULL DEFAULT NULL,
  `updated_at` timestamp NULL DEFAULT NULL
) ENGINE=InnoDB DEFAULT CHARSET=utf8mb4 COLLATE=utf8mb4_unicode_ci;

--
-- Dumping data for table `budayas`
--

INSERT INTO `budayas` (`id`, `deskripsi`, `judul`, `kota_aceh_id`, `created_at`, `updated_at`) VALUES
(1, '<p style=\"margin: 0cm 0cm 11.25pt; line-height: 150%; background-image: initial; background-position: initial; background-size: initial; background-repeat: initial; background-attachment: initial; background-origin: initial; background-clip: initial;\"><span style=\"mso-bidi-font-size:10.0pt;\nline-height:150%;font-family:&quot;Calibri&quot;,&quot;sans-serif&quot;;mso-ascii-theme-font:minor-latin;\nmso-hansi-theme-font:minor-latin;mso-bidi-theme-font:minor-latin;color:#2C3E50\">Untuk\nmengenal 10 kebudayaan Aceh yang istimewa ini kita mulai dengan &nbsp;mengenal\nrumah adatnya. Rumah adat Aceh sendiri dikenal dengan nama Rumoh Aceh atau\nkrong Bade. Ada beberapa hal yang unik dan menjadi ciri khas dari rumah adat\nAceh ini. Salah satunya bentuk rumah yang seperti panggung dengan berjarak\nsekitar 2,5 sampai 3 meter dari atas tanah. Keseluruhan bangunan rumah adat ini\njuga dibangun dengan menggunakan kayu. Sedangkan atapnya berasal dari anyaman\ndaun enau atau daun rubia.<o:p></o:p></span></p>\n\n<p style=\"margin: 0cm 0cm 11.25pt; line-height: 150%; background-image: initial; background-position: initial; background-size: initial; background-repeat: initial; background-attachment: initial; background-origin: initial; background-clip: initial; box-sizing: border-box; text-shadow: rgba(0, 0, 0, 0.024) 1px 1px 1px; word-wrap: break-word; -webkit-font-smoothing: antialiased !important; backface-visibility: hidden !important;\"><span style=\"mso-bidi-font-size:10.0pt;line-height:150%;font-family:&quot;Calibri&quot;,&quot;sans-serif&quot;;\nmso-ascii-theme-font:minor-latin;mso-hansi-theme-font:minor-latin;mso-bidi-theme-font:\nminor-latin;color:#2C3E50\">Hal yang menjadikan rumah adat ini semakin unik\nadalah dari segi penggunaannya, seperti bagian kolong rumah yang digunakan\nsebagai tempat menyimpan bahan-bahan makanan sedangkan bagian atas atau\npanggungnya digunakan sebagai tempat istirahat atau penerima tamu. Masih ada\nsatu lagi yang menjadi keunikan mendalam dari Aceh ini yaitu terletak pada\njumlah anak tangga yang mengantarkan pada ruang utama atau panggung.<o:p></o:p></span></p>\n\n<p style=\"margin: 0cm 0cm 11.25pt; line-height: 150%; background-image: initial; background-position: initial; background-size: initial; background-repeat: initial; background-attachment: initial; background-origin: initial; background-clip: initial; box-sizing: border-box; text-shadow: rgba(0, 0, 0, 0.024) 1px 1px 1px; word-wrap: break-word; -webkit-font-smoothing: antialiased !important; backface-visibility: hidden !important;\"><span style=\"mso-bidi-font-size:10.0pt;line-height:150%;font-family:&quot;Calibri&quot;,&quot;sans-serif&quot;;\nmso-ascii-theme-font:minor-latin;mso-hansi-theme-font:minor-latin;mso-bidi-theme-font:\nminor-latin;color:#2C3E50\">Anak tangga tersebut sengaja dibuat ganjil yang\ndimaksudkan sebagai simbol nilai religius Suku Aceh. Selain itu rumah adat yang\nmerupakan 10 kebudayaan Aceh ternama ini juga mempunyai kesan yang khas\nnama-nama setiap bagian rumah dengan fungsinya masing-masing. Seperti Seuramoe\nTeungoh yang merupakan bagian ruangan depan sebagai ruangan khusus keluarga,\nSeuramoe Keue yang difungsikan sebagai tempat menerima tamu, serta Seurameo\nLikot yang difungsikan sebagai dapur.<o:p></o:p></span></p>\n\n<p class=\"MsoNormal\" style=\"line-height:150%\"><span style=\"font-size:14.0pt;\nmso-bidi-font-size:11.0pt;line-height:150%;mso-bidi-font-family:Calibri;\nmso-bidi-theme-font:minor-latin\"><o:p>&nbsp;</o:p></span></p>', 'Rumah Adat Krong Bade', 8, '2018-07-18 17:37:17', '2018-07-20 02:46:14'),
(2, '<p class=\"MsoNormal\" style=\"line-height:150%\"><span style=\"font-size: 12pt; line-height: 150%; color: rgb(34, 34, 34); background-image: initial; background-position: initial; background-size: initial; background-repeat: initial; background-attachment: initial; background-origin: initial; background-clip: initial;\">Menurut catatan sejarah, Rencong merupakan\nsenjata tradisional yang digunakan di&nbsp;</span><span style=\"font-size:12.0pt;line-height:150%;mso-bidi-font-family:Calibri;\nmso-bidi-theme-font:minor-latin\"><a href=\"https://id.wikipedia.org/wiki/Kesultanan_Aceh\" title=\"Kesultanan Aceh\"><span style=\"color: rgb(11, 0, 128); background-image: initial; background-position: initial; background-size: initial; background-repeat: initial; background-attachment: initial; background-origin: initial; background-clip: initial;\">Kesultanan\nAceh</span></a><span style=\"color: rgb(34, 34, 34); background-image: initial; background-position: initial; background-size: initial; background-repeat: initial; background-attachment: initial; background-origin: initial; background-clip: initial;\">&nbsp;sejak masa\npemerintahan&nbsp;</span><a href=\"https://id.wikipedia.org/wiki/Sultan_Ali_Mughayat_Syah\" title=\"Sultan Ali Mughayat Syah\"><span style=\"color: rgb(11, 0, 128); background-image: initial; background-position: initial; background-size: initial; background-repeat: initial; background-attachment: initial; background-origin: initial; background-clip: initial;\">Sultan Ali Mughayat Syah</span></a><span style=\"color: rgb(34, 34, 34); background-image: initial; background-position: initial; background-size: initial; background-repeat: initial; background-attachment: initial; background-origin: initial; background-clip: initial;\">&nbsp;yang merupakan&nbsp;</span><a href=\"https://id.wikipedia.org/wiki/Sultan_Aceh\" title=\"Sultan Aceh\"><span style=\"color: rgb(11, 0, 128); background-image: initial; background-position: initial; background-size: initial; background-repeat: initial; background-attachment: initial; background-origin: initial; background-clip: initial;\">Sultan\nAceh</span></a><span style=\"color: rgb(34, 34, 34); background-image: initial; background-position: initial; background-size: initial; background-repeat: initial; background-attachment: initial; background-origin: initial; background-clip: initial;\">&nbsp;yang pertama.\nKedudukan Rencong di&nbsp;</span><a href=\"https://id.wikipedia.org/wiki/Kesultanan_Aceh\" title=\"Kesultanan Aceh\"><span style=\"color: rgb(11, 0, 128); background-image: initial; background-position: initial; background-size: initial; background-repeat: initial; background-attachment: initial; background-origin: initial; background-clip: initial;\">Kesultanan\nAceh</span></a><span style=\"color: rgb(34, 34, 34); background-image: initial; background-position: initial; background-size: initial; background-repeat: initial; background-attachment: initial; background-origin: initial; background-clip: initial;\">&nbsp;sangatlah\npenting, Rencong selalu diselipkan di pinggang Sultan Aceh, selain itu para\nUlee Balang dan masyarakat biasa juga menggunakan Rencong. Rencong emas milik\nSultan Aceh dapat kita jumpai di Museum Sejarah Aceh, dari bukti sejarah\ntersebut dapat disimpulkan bahwa Rencong memang sudah terlahir sejak masa\nKesultanan Aceh namun pembuat pertamanya sampai saat ini belum diketahui.<o:p></o:p></span></span></p>\n\n<p class=\"MsoNormal\" style=\"margin: 6pt 0cm; line-height: 150%; background-image: initial; background-position: initial; background-size: initial; background-repeat: initial; background-attachment: initial; background-origin: initial; background-clip: initial;\"><span style=\"font-size:12.0pt;\nline-height:150%;mso-fareast-font-family:&quot;Times New Roman&quot;;mso-bidi-font-family:\nCalibri;mso-bidi-theme-font:minor-latin;color:#222222;mso-fareast-language:\nIN\">Rencong memiliki berbagai tingkatan, untuk&nbsp;<a href=\"https://id.wikipedia.org/wiki/Sultan\" title=\"Sultan\"><span style=\"color: rgb(11, 0, 128);\">Sultan</span></a>&nbsp;terbuat\ndari emas yang berukirkan sekutip ayat-ayat suci Al-Qur\'an, sedangkan Rencong\nlainnya biasanya terbuat dari perak, kuningan, besi putih, kayu dan gading.<o:p></o:p></span></p>\n\n<p class=\"MsoNormal\" style=\"margin: 6pt 0cm; line-height: 150%; background-image: initial; background-position: initial; background-size: initial; background-repeat: initial; background-attachment: initial; background-origin: initial; background-clip: initial;\"><span style=\"font-size:12.0pt;\nline-height:150%;mso-fareast-font-family:&quot;Times New Roman&quot;;mso-bidi-font-family:\nCalibri;mso-bidi-theme-font:minor-latin;color:#222222;mso-fareast-language:\nIN\">Masyarakat Aceh menghubungkan kekuatan mistik dengan senjata Rencong.\nRencong masih digunakan dan dipakai sebagai atribut busana di dalam setiap\nupacara-upacara adat Aceh. Masyarakat&nbsp;<a href=\"https://id.wikipedia.org/wiki/Aceh\" title=\"Aceh\"><span style=\"color: rgb(11, 0, 128);\">Aceh</span></a>&nbsp;mempercayai\nbahwa bentuk dari Rencong mewakili simbol dari Bismillah dalam kepercayaan\nAgama&nbsp;<a href=\"https://id.wikipedia.org/wiki/Islam\" title=\"Islam\"><span style=\"color: rgb(11, 0, 128);\">Islam</span></a>.<o:p></o:p></span></p>\n\n<p class=\"MsoNormal\" style=\"margin: 6pt 0cm; line-height: 150%; background-image: initial; background-position: initial; background-size: initial; background-repeat: initial; background-attachment: initial; background-origin: initial; background-clip: initial;\"><span style=\"font-size:12.0pt;\nline-height:150%;mso-fareast-font-family:&quot;Times New Roman&quot;;mso-bidi-font-family:\nCalibri;mso-bidi-theme-font:minor-latin;color:#222222;mso-fareast-language:\nIN\">Karena sejarah dan kepopuleran Rencong, maka masyarakat dunia menjuluki\nAceh sebagai \"Tanah Rencong\"<o:p></o:p></span></p>\n\n<p class=\"MsoNormal\" style=\"margin: 6pt 0cm; line-height: 150%; background-image: initial; background-position: initial; background-size: initial; background-repeat: initial; background-attachment: initial; background-origin: initial; background-clip: initial;\"><span style=\"font-size:12.0pt;\nline-height:150%;mso-fareast-font-family:&quot;Times New Roman&quot;;mso-bidi-font-family:\nCalibri;mso-bidi-theme-font:minor-latin;color:#222222;mso-fareast-language:\nIN\">Saat ini Rencong telah diusulkan menjadi Warisan Karya Budaya Dunia&nbsp;<a href=\"https://id.wikipedia.org/wiki/UNESCO\" title=\"UNESCO\"><span style=\"color: rgb(11, 0, 128);\">UNESCO</span></a>&nbsp;oleh\nBalai Pelestarian Nilai Budaya (BPNB) Aceh.<o:p></o:p></span></p>\n\n<p class=\"MsoNormal\" style=\"line-height:150%\"><span style=\"font-size:12.0pt;\nline-height:150%;mso-bidi-font-family:Calibri;mso-bidi-theme-font:minor-latin\"><o:p>&nbsp;</o:p></span></p>', 'Rencong', 3, '2018-07-18 17:43:02', '2018-07-20 02:47:39'),
(3, '<p><span style=\"font-size: 15.4px;\">Canang adalah alat musik pukul tradisional yang terdapat dalam kelompok masyarakat Aceh, Gayo, Tamiang dan Alas. Masyarakat Aceh menyebutnya “Canang Trieng”, di Gayo disebut “Teganing”, di Tamiang disebut “Kecapi” dan di Alas disebut dengan “Kecapi Olah”.&nbsp; Alat ini terbuat dari seruas bambu pilihan yang cukup tua dan baik. Kemudian bambu tersebut diberi lubang, selanjutnya ditoreh arah memanjang untuk mendapatkan talinya. Lobang yang terdapat pada ruas bambu itu disebut kelupak (Alas dan Gayo). Jumlah tali tidak sama pada setiap daerah. Pada Canang Trieng terdapat 5 buah tali (senar) yaitu 4 buah yang saling berdekatan terletak di kiri sedangkan sebuah lagi agak besar terletak di kanan lubang. Tali sebelah kiri dipetik menggunakan lidi, sedangkan tali sebelah kanan dipetik dengan kuku/ibu jari kiri. Tali kecapi ada yang 3 buah dan ada yang 4 buah. Sedangkan Kecapi Olah terdapat 4 sampai 5 buah, yang masing-masing tali diberi nama sendiri yaitu gong (tali besar dekat keleepak), tingkat (1 atau 2 buah tali yang letaknya di tengah) dan gerindik (tali yang paling halus/tinggi suaranya), dipetik dengan bambu yang telah diraut tipis. Pada teganing terdapat 3 buah tali yang paling tipis terletak paling kanan dan paling kasar terletak paling kiri. Masing-masing tali ini disebut secara berurutan dengan nama canang, memong dan gong. Cara memainkan teganing yaitu dengan memukul talinya dengan kayu pemukul yang disebut peguel.</span><br></p>', 'Canang', 15, '2018-07-25 13:23:41', '2018-07-25 13:23:41'),
(4, '<p><span style=\"font-size: 15.4px;\">Kenduri Blang atau kenduri jak u blang (kenduri sebelum menanam pagi) merupakan salah satu adat dan budaya masyarakat sebelum turun sawah. Tradisi ini sudah ada sejak dahulu dilakukan oleh masyarakat Aceh ketika akan turun sawah atau memasuki masa menanam padi, yang bertujuan untuk memohon doa demi keselamatan tanaman padi dari segala hama dan penyakit. Selain itu, kenduri blang juga bertujuan memohon kepada Allah SWT. supaya mendapatkan hasil panen melimpah ruah.</span></p><p><span style=\"font-size: 15.4px;\"><br></span></p><p><span style=\"font-size: 15.4px;\">Lazimnya sebelum kenduri dimakan bersama, kepala gampong memberikan petunjuk-petunjuk yang dibolehkan atau yang menjadi larangan (pantang blang) kepada masyarakat yang hadir. Tradisi ini sampai sekarang masih dilakukan oleh masyarakat Bireuen, Aceh Utara, dan wilayah lainnya di Aceh.</span></p><div><br></div>', 'Kenduri Belang', 8, '2018-07-25 13:24:36', '2018-07-25 13:24:36'),
(5, '<p><span style=\"font-size: 15.4px;\">Beulangong atau belanga besar, adalah sebutan untuk kuali besar yang ukuran diameternya bisa mencapai satu meter. Di dalam wadah besar itu, dimasaklah daging kambing dengan campuran pisang atau nangka. Lalu diramu bersama bumbu dari rempah-rempah Aceh yang khas. Kayu-kayu bakar menyala di bawah belanga besar ini.&nbsp; Kuah beulangong sebenarnya hanya daging sapi atau kambing yang dimasak dalam belanga besar, kemudian dimakan bersama-sama oleh masyarakat.&nbsp;</span></p><p><span style=\"font-size: 15.4px;\"><br></span></p><p><span style=\"font-size: 15.4px;\">Masyarakat di pedesaan khususnya di Kota Banda Aceh dan Kabupaten Aceh Besar hingga saat ini masih melaksanakan kegiatan tersebut secara turun-temurun. Kuah beulangong juga akan ditemui saat-saat kenduri di rumah masyarakat, baik pesta perkawinan, syukuran, maupun saat mendoakan orang yang telah meninggal.&nbsp;</span></p>', 'Beulangong', 8, '2018-07-25 13:25:13', '2018-07-25 13:25:13'),
(6, '<p><span style=\"font-size: 15.4px;\">Lagu Daerah Juga Budaya Warisan Yang Terkenal</span></p><p><span style=\"font-size: 15.4px;\"><br></span></p><p><span style=\"font-size: 15.4px;\">Barangkali kamu mengenal lagu Bungong Jueumpa? Lagu tersebut cukup terkenal. Lagu yang menggunakan bahasa daerah Aceh, bercerita tentang bunga cempaka yang memiliki aroma yang harum.&nbsp;</span></p><p><span style=\"font-size: 15.4px;\"><br></span></p><p><span style=\"font-size: 15.4px;\">Sebenarnya masih banyak sekali lagu tradisional yang berasal dari Aceh. Meski saat ini Indonesia didominasi oleh dunia permusikan yang penuh dengan lagu cinta, semoga saja lagu tradisional daerah masih dilestarikan masyarakat.</span></p><div><br></div>', 'lagu Aceh', 21, '2018-07-25 13:25:50', '2018-07-25 13:25:50'),
(7, '<p><span style=\"font-size: 15.4px;\">pakaian adat Aceh merupakan peninggalan dari sejarah Kerajaan Perlak dan Kerajaan samudera Pasai. Untuk pakaian adat pria dikenal dengan nama baju Linto Biro, sedangkan untuk pakaian adat wanitanya dikenal dengan nama Daro Buro.</span></p><p><span style=\"font-size: 15.4px;\"><br></span></p><p><span style=\"font-size: 15.4px;\">Pakaian adat Aceh ini biasanya digunakan pada saat-saat istimewa saja, seperti upacara adat atau acara-acara pemerintahan lainnya. Pakaian adat pria sendiri merupakan perpaduan dari beberapa bagian. Mulai dari bagian atas yang disebut Meukasah dan celana atau bagian bawahannya disebut cekak musang atau ada juga yang menyebutnya dengan nama celana sileuweu.</span></p><p><span style=\"font-size: 15.4px;\"><br></span></p><p><span style=\"font-size: 15.4px;\">Sedangkan untuk pakaian adat wanitanya merupakan perpaduan dari baju atasan yang berbentuk baju kurung berlengan panjang dengan kerah baju yang bergaya seperti kerah baju pakaian China. Sedangkan bagian bawahnya juga mengenakan celana cekak musang. Pakaian adat Aceh yang merupakan salah satu dari 10 kebudayaan Aceh ini biasa dikenakan dalam pertunjukan panggung di acara bergengsi dengan jajaran pakaian adat lainnya untuk memperkenalkan keanekaragaman budaya bangsa yang wajib dilestarikan.</span></p>', 'Pakaian Adat Aceh', 7, '2018-07-25 13:26:21', '2018-07-25 13:26:21'),
(8, '<p><span style=\"font-size: 15.4px;\">Rapai Daboh yaitu suatu permainan ketangkasan atau kekebalan. Permainan Rapai Daboh terdiri dari seorang syekh yang bergelar “Khalifah”, beberapa orang penabuh rebana (rapai), dan beberapa pemain rencong atau senjata tajam lainnya, dimana saat mereka sedang menabuh rebana memukul rapainya sambil bernyanyi dengan lagu-lagu tertentu terus menikam-nikam anggota badan dengan sehebat-hebatnya, kadang-kadang rencongnya menjadi bengkok, yang semuanya berada dibawah pimpinan/pengawasan khalifah. Apa sebab tubuh mereka tidak dimakan senjata, hal ini menurut mereka oleh karena suatu keyakinan bahwa yang berkuasa hanya Khalik (Tuhan) sedangkan makhluk sama-sama tidak berkuasa; jadi besi makhluk dan manusia pun makhluk. Pada waktu para penabuh rapai sedang memukul rebana sehebat-hebatnya, maka para pemain rencong memusatkan seluruh pikirannya pada keyakinan diatas, sedikit pun tidak boleh bergoyang, dan kalau goyang pastilah senjata akan makan tubuh mereka.</span><br></p>', 'Rapai Daboh', 5, '2018-07-25 13:26:56', '2018-07-25 13:26:56'),
(9, '<p><span style=\"font-size: 15.4px;\">Serune Kalee adalah instrumen tiup tradisional Aceh yaitu sejenis Clarinet terutama terdapat di daerah Pidie, Aceh Utara, Aceh Besar, dan Aceh Barat. Alat ini terbuat dari kayu, bagian pangkal kecil serta di bagian ujungnya besar menyerupai corong. Di bagian pangkal terdapat piringan penahan bibir peniup yang terbuat dari kuningan yang disebut perise. Serune ini mempunyai 7 buah lobang pengatur nada. Selain itu terdapat lapis kuningan serta 10 ikatan dari tembaga yang disebut klah (ring) serta berfungsi sebagai pengamanan dari kemungkinan retak/pecah badan serune tersebut. Alat ini biasanya digunakan bersama genderang clan rapai dalam upacara-upacara maupun dalam mengiringi tarian-tarian tradisional.</span><br></p>', 'Serune Kalee', 14, '2018-07-25 13:27:30', '2018-07-25 13:27:30'),
(10, '<p><span style=\"font-size: 15.4px;\">Tari memgemalisasikan perempuan-perempuan cantik gemulai, energik dan sedikit genit dengan berbagai aksesoris yang dipakai dalam mengelilingi lekuk tubuh anggunnya, serta pelengkap busana yang senantiasa digunakan dan indetik dengan perempuan seperti payung, kipas, sapu tangan, perpaduan gerak dan tarian yang laku di aceh dengan tarian khas melayu dari daerah timur aceh.</span><br></p>', 'Tari cangklak', 23, '2018-07-25 13:28:04', '2018-07-25 13:28:04'),
(11, '<p><span style=\"font-size: 15.4px;\">Laweut berasal dari kata Seulawet , sanjungan pada Nabi Muhammad S.A.W tari ini di persembahkan oleh delapan orang wanita yang disebut juga seudati iring. Tari ini di pergunakan untuk menyampaikan pesan-pesan dalam keagamaan pendidikan dan pembangunan.</span></p><div><br></div>', 'Tari Laweut', 11, '2018-07-25 13:28:44', '2018-07-25 13:28:44'),
(12, '<p><span style=\"font-size: 15.4px;\">Tentu kita tak asing lagi dengan berbagai tari yang berasal dari Aceh. Ragam tarian khas Aceh bahkan sudah dikenal secara internasional. Bagaimana warga Aceh nggak bangga? Yang namanya tari Saman bahkan ditetapkan sebagai Representatif Budaya Takbenda Warisan Manusia oleh UNESCO.&nbsp;</span></p><p><span style=\"font-size: 15.4px;\"><br></span></p><p><span style=\"font-size: 15.4px;\">Tari Saman sendiri memang sangat unik, biasanya dimainkan oleh kurang dari 10 orang, namun ada pula yang beranggapan makin banyak penari makin semarak pula tarian Saman. Yang jelas, masyarakat Aceh sudah sukses melestarikan hingga mengenalkan budaya mereka di mata internasional. Itu prestasi yang luar biasa.</span></p><div><br></div>', 'Tari Saman', 16, '2018-07-25 13:29:27', '2018-07-25 13:29:27'),
(13, '<p><span style=\"font-size: 15.4px;\">Tari ini merupakan tarian yang diangkat dari kehidupan nelayan pesisir aceh yaitu membuat jarring “pukat” dan menangkap ikan dengan jaring ditengah laut. Suasana menarik pukat dengan harapan mendapat ikan yang banyak dinyatakan dengan semangat kerja keras da riang gembira yang sekali-kali terdengar teriakan senang pawang laut.</span><br></p>', 'Tari Tarek Pukat', 10, '2018-07-25 13:30:01', '2018-07-25 13:30:01'),
(14, '<p><span style=\"font-size: 15.4px;\">Di antara 10 kebudayaan Aceh ini, masih dilengkapi dengan upacara adat yang biasa diselenggarakan dengan tujuan dan fungsinya masing-masing. Ada beberapa upacara adat yang merupakan tradisi masyarakat Aceh seperti upacara perkawinan. Upacara perkawinan di Aceh diselenggarakan dengan berbagai tahapan, mulai dari tahapan melamar calon pengantin wanita, tunangan, pesta pelaminan, penjemputan mempelai wanita, hingga penjemputan mempelai pria.</span><br></p>', 'Adat Perkawinan', 18, '2018-07-25 13:30:35', '2018-07-25 13:30:35'),
(15, '<p><span style=\"font-size: 15.4px;\">Upacara adat yang ada di Aceh bukan hanya upacara yang digelar dalam acara perkawinan saja, masih ada lagi seperti upacara peusijeuk yang merupakan tradisi memercikkan air yang dicampur dengan tepung tawar kepada seseorang yang sedang mempunyai hajat tertentu.</span><br></p>', 'Upacara peusijik', 3, '2018-07-25 13:31:21', '2018-07-25 13:31:21');

-- --------------------------------------------------------

--
-- Table structure for table `images`
--

CREATE TABLE `images` (
  `id` int(10) UNSIGNED NOT NULL,
  `owner_id` varchar(191) COLLATE utf8mb4_unicode_ci NOT NULL,
  `name` varchar(191) COLLATE utf8mb4_unicode_ci NOT NULL,
  `jenis` varchar(191) COLLATE utf8mb4_unicode_ci NOT NULL,
  `created_at` timestamp NULL DEFAULT NULL,
  `updated_at` timestamp NULL DEFAULT NULL
) ENGINE=InnoDB DEFAULT CHARSET=utf8mb4 COLLATE=utf8mb4_unicode_ci;

--
-- Dumping data for table `images`
--

INSERT INTO `images` (`id`, `owner_id`, `name`, `jenis`, `created_at`, `updated_at`) VALUES
(4, '1', '5b5201b8b16df.jpeg', 'Wisata', '2018-07-19 18:37:28', '2018-07-19 18:37:28'),
(5, '1', '5b5201b8c6cf6.jpeg', 'Wisata', '2018-07-19 18:37:28', '2018-07-19 18:37:28'),
(6, '1', '5b5201b8d5b65.jpeg', 'Wisata', '2018-07-19 18:37:28', '2018-07-19 18:37:28'),
(7, '2', '5b5202b0b42cd.jpeg', 'Wisata', '2018-07-19 18:41:36', '2018-07-19 18:41:36'),
(8, '2', '5b5202b0c7287.jpeg', 'Wisata', '2018-07-19 18:41:36', '2018-07-19 18:41:36'),
(9, '2', '5b5202b0dd759.jpeg', 'Wisata', '2018-07-19 18:41:36', '2018-07-19 18:41:36'),
(10, '3', '5b520c3887c8f.jpeg', 'Wisata', '2018-07-19 19:22:16', '2018-07-19 19:22:16'),
(11, '3', '5b520c389c151.jpeg', 'Wisata', '2018-07-19 19:22:16', '2018-07-19 19:22:16'),
(12, '3', '5b520c38af080.jpeg', 'Wisata', '2018-07-19 19:22:16', '2018-07-19 19:22:16'),
(13, '4', '5b520d1a6cbaf.jpeg', 'Wisata', '2018-07-19 19:26:02', '2018-07-19 19:26:02'),
(14, '4', '5b520d1a8484d.jpeg', 'Wisata', '2018-07-19 19:26:02', '2018-07-19 19:26:02'),
(15, '4', '5b520d1aa7997.jpeg', 'Wisata', '2018-07-19 19:26:02', '2018-07-19 19:26:02'),
(16, '1', '5b521132bc13c.jpeg', 'Budaya', '2018-07-19 19:43:30', '2018-07-19 19:43:30'),
(17, '2', '5b52122bec504.jpeg', 'Budaya', '2018-07-19 19:47:39', '2018-07-19 19:47:39'),
(18, '1', '5b5212c99afbc.jpeg', 'Akomodasi', '2018-07-19 19:50:17', '2018-07-19 19:50:17'),
(19, '1', '5b5212c9a9c07.jpeg', 'Akomodasi', '2018-07-19 19:50:17', '2018-07-19 19:50:17'),
(20, '2', '5b52133e75cdd.jpeg', 'Akomodasi', '2018-07-19 19:52:14', '2018-07-19 19:52:14'),
(21, '5', '5b552c98a045a.jpeg', 'Wisata', '2018-07-22 04:17:12', '2018-07-22 04:17:12'),
(22, '5', '5b552c98a3844.jpeg', 'Wisata', '2018-07-22 04:17:12', '2018-07-22 04:17:12'),
(23, '5', '5b552c98a61b0.jpeg', 'Wisata', '2018-07-22 04:17:12', '2018-07-22 04:17:12'),
(24, '5', '5b552c98ac3d8.jpeg', 'Wisata', '2018-07-22 04:17:12', '2018-07-22 04:17:12'),
(25, '6', '5b552fe2de07d.jpeg', 'Wisata', '2018-07-22 04:31:14', '2018-07-22 04:31:14'),
(26, '6', '5b552fe2dfb00.jpeg', 'Wisata', '2018-07-22 04:31:14', '2018-07-22 04:31:14'),
(27, '6', '5b552fe2e36d5.jpeg', 'Wisata', '2018-07-22 04:31:14', '2018-07-22 04:31:14'),
(28, '6', '5b552fe2e4f33.jpeg', 'Wisata', '2018-07-22 04:31:14', '2018-07-22 04:31:14'),
(29, '7', '5b5530a0d3b07.jpeg', 'Wisata', '2018-07-22 04:34:24', '2018-07-22 04:34:24'),
(30, '7', '5b5530a0d6577.jpeg', 'Wisata', '2018-07-22 04:34:24', '2018-07-22 04:34:24'),
(31, '7', '5b5530a0d87a1.jpeg', 'Wisata', '2018-07-22 04:34:24', '2018-07-22 04:34:24'),
(32, '7', '5b5530a0d9fd9.jpeg', 'Wisata', '2018-07-22 04:34:24', '2018-07-22 04:34:24'),
(33, '7', '5b553111360f5.jpeg', 'Wisata', '2018-07-22 04:36:17', '2018-07-22 04:36:17'),
(34, '8', '5b553111380de.jpeg', 'Wisata', '2018-07-22 04:36:17', '2018-07-22 04:36:17'),
(35, '8', '5b5531113c32f.jpeg', 'Wisata', '2018-07-22 04:36:17', '2018-07-22 04:36:17'),
(36, '9', '5b553239ce97a.jpeg', 'Wisata', '2018-07-22 04:41:13', '2018-07-22 04:41:13'),
(37, '9', '5b553239d0e10.jpeg', 'Wisata', '2018-07-22 04:41:13', '2018-07-22 04:41:13'),
(38, '9', '5b553239d2acc.jpeg', 'Wisata', '2018-07-22 04:41:13', '2018-07-22 04:41:13'),
(39, '9', '5b553239d5035.jpeg', 'Wisata', '2018-07-22 04:41:13', '2018-07-22 04:41:13'),
(40, '10', '5b5532b16eb14.jpeg', 'Wisata', '2018-07-22 04:43:13', '2018-07-22 04:43:13'),
(41, '10', '5b5532b172fcd.jpeg', 'Wisata', '2018-07-22 04:43:13', '2018-07-22 04:43:13'),
(42, '10', '5b5532b175d51.jpeg', 'Wisata', '2018-07-22 04:43:13', '2018-07-22 04:43:13'),
(43, '10', '5b5532b17895d.jpeg', 'Wisata', '2018-07-22 04:43:13', '2018-07-22 04:43:13'),
(44, '11', '5b553334854fe.jpeg', 'Wisata', '2018-07-22 04:45:24', '2018-07-22 04:45:24'),
(45, '11', '5b55333487219.jpeg', 'Wisata', '2018-07-22 04:45:24', '2018-07-22 04:45:24'),
(46, '11', '5b55333488f01.jpeg', 'Wisata', '2018-07-22 04:45:24', '2018-07-22 04:45:24'),
(47, '12', '5b5533b040160.jpeg', 'Wisata', '2018-07-22 04:47:28', '2018-07-22 04:47:28'),
(48, '12', '5b5533b042215.jpeg', 'Wisata', '2018-07-22 04:47:28', '2018-07-22 04:47:28'),
(49, '12', '5b5533b043b28.jpeg', 'Wisata', '2018-07-22 04:47:28', '2018-07-22 04:47:28'),
(50, '12', '5b5533b045e5d.jpeg', 'Wisata', '2018-07-22 04:47:28', '2018-07-22 04:47:28'),
(51, '13', '5b5534111fc74.jpeg', 'Wisata', '2018-07-22 04:49:05', '2018-07-22 04:49:05'),
(52, '13', '5b55341122094.jpeg', 'Wisata', '2018-07-22 04:49:05', '2018-07-22 04:49:05'),
(53, '13', '5b5534112492a.jpeg', 'Wisata', '2018-07-22 04:49:05', '2018-07-22 04:49:05'),
(54, '13', '5b55341126538.jpeg', 'Wisata', '2018-07-22 04:49:05', '2018-07-22 04:49:05'),
(55, '14', '5b55348cde280.jpeg', 'Wisata', '2018-07-22 04:51:08', '2018-07-22 04:51:08'),
(56, '14', '5b55348ce001b.jpeg', 'Wisata', '2018-07-22 04:51:08', '2018-07-22 04:51:08'),
(57, '14', '5b55348ce1a3e.jpeg', 'Wisata', '2018-07-22 04:51:08', '2018-07-22 04:51:08'),
(58, '14', '5b55348ce350f.png', 'Wisata', '2018-07-22 04:51:08', '2018-07-22 04:51:08'),
(59, '14', '5b55350842288.jpeg', 'Wisata', '2018-07-22 04:53:12', '2018-07-22 04:53:12'),
(60, '15', '5b55350845919.jpeg', 'Wisata', '2018-07-22 04:53:12', '2018-07-22 04:53:12'),
(61, '15', '5b55350848649.jpeg', 'Wisata', '2018-07-22 04:53:12', '2018-07-22 04:53:12'),
(62, '15', '5b5535084aa08.jpeg', 'Wisata', '2018-07-22 04:53:12', '2018-07-22 04:53:12'),
(63, '16', '5b553603172e9.jpeg', 'Wisata', '2018-07-22 04:57:23', '2018-07-22 04:57:23'),
(64, '16', '5b5536031ee34.jpeg', 'Wisata', '2018-07-22 04:57:23', '2018-07-22 04:57:23'),
(65, '16', '5b553603206ce.jpeg', 'Wisata', '2018-07-22 04:57:23', '2018-07-22 04:57:23'),
(66, '16', '5b55360322367.jpeg', 'Wisata', '2018-07-22 04:57:23', '2018-07-22 04:57:23'),
(67, '16', '5b55360324982.jpeg', 'Wisata', '2018-07-22 04:57:23', '2018-07-22 04:57:23'),
(68, '16', '5b5536032a9a4.png', 'Wisata', '2018-07-22 04:57:23', '2018-07-22 04:57:23'),
(69, '17', '5b55369f16721.jpeg', 'Wisata', '2018-07-22 04:59:59', '2018-07-22 04:59:59'),
(70, '17', '5b55369f19562.jpeg', 'Wisata', '2018-07-22 04:59:59', '2018-07-22 04:59:59'),
(71, '17', '5b55369f1e53b.jpeg', 'Wisata', '2018-07-22 04:59:59', '2018-07-22 04:59:59'),
(72, '17', '5b55369f21d95.jpeg', 'Wisata', '2018-07-22 04:59:59', '2018-07-22 04:59:59'),
(73, '17', '5b55369f23de9.jpeg', 'Wisata', '2018-07-22 04:59:59', '2018-07-22 04:59:59'),
(74, '18', '5b55371566f58.jpeg', 'Wisata', '2018-07-22 05:01:57', '2018-07-22 05:01:57'),
(75, '18', '5b5537156b1a0.jpeg', 'Wisata', '2018-07-22 05:01:57', '2018-07-22 05:01:57'),
(76, '18', '5b5537156d25d.jpeg', 'Wisata', '2018-07-22 05:01:57', '2018-07-22 05:01:57'),
(77, '18', '5b55371570746.jpeg', 'Wisata', '2018-07-22 05:01:57', '2018-07-22 05:01:57'),
(78, '18', '5b55371571eb0.jpeg', 'Wisata', '2018-07-22 05:01:57', '2018-07-22 05:01:57'),
(79, '19', '5b553825a7bd2.jpeg', 'Wisata', '2018-07-22 05:06:29', '2018-07-22 05:06:29'),
(80, '19', '5b553825aa231.jpeg', 'Wisata', '2018-07-22 05:06:29', '2018-07-22 05:06:29'),
(81, '19', '5b553825abfa7.jpeg', 'Wisata', '2018-07-22 05:06:29', '2018-07-22 05:06:29'),
(82, '19', '5b553825b07fd.jpeg', 'Wisata', '2018-07-22 05:06:29', '2018-07-22 05:06:29'),
(83, '19', '5b553825b1e8c.jpeg', 'Wisata', '2018-07-22 05:06:29', '2018-07-22 05:06:29'),
(84, '20', '5b5539db1c3cb.jpeg', 'Wisata', '2018-07-22 05:13:47', '2018-07-22 05:13:47'),
(85, '20', '5b5539db1e668.jpeg', 'Wisata', '2018-07-22 05:13:47', '2018-07-22 05:13:47'),
(86, '20', '5b5539db220c8.jpeg', 'Wisata', '2018-07-22 05:13:47', '2018-07-22 05:13:47'),
(87, '20', '5b5539db23a54.jpeg', 'Wisata', '2018-07-22 05:13:47', '2018-07-22 05:13:47'),
(88, '20', '5b5539db25873.jpeg', 'Wisata', '2018-07-22 05:13:47', '2018-07-22 05:13:47'),
(89, '21', '5b553a4a848da.jpeg', 'Wisata', '2018-07-22 05:15:38', '2018-07-22 05:15:38'),
(90, '21', '5b553a4a86558.jpeg', 'Wisata', '2018-07-22 05:15:38', '2018-07-22 05:15:38'),
(91, '21', '5b553a4a87eea.png', 'Wisata', '2018-07-22 05:15:38', '2018-07-22 05:15:38'),
(92, '21', '5b553a4a8b6bb.jpeg', 'Wisata', '2018-07-22 05:15:38', '2018-07-22 05:15:38'),
(93, '21', '5b553a4a8d0be.jpeg', 'Wisata', '2018-07-22 05:15:38', '2018-07-22 05:15:38'),
(94, '22', '5b553ae0e1861.jpeg', 'Wisata', '2018-07-22 05:18:08', '2018-07-22 05:18:08'),
(95, '22', '5b553ae0e3844.jpeg', 'Wisata', '2018-07-22 05:18:08', '2018-07-22 05:18:08'),
(96, '22', '5b553ae0e5e89.jpeg', 'Wisata', '2018-07-22 05:18:08', '2018-07-22 05:18:08'),
(97, '22', '5b553ae0e7f56.jpeg', 'Wisata', '2018-07-22 05:18:08', '2018-07-22 05:18:08'),
(98, '22', '5b553ae0e9eec.jpeg', 'Wisata', '2018-07-22 05:18:08', '2018-07-22 05:18:08'),
(99, '23', '5b553b5f582c4.jpeg', 'Wisata', '2018-07-22 05:20:15', '2018-07-22 05:20:15'),
(100, '23', '5b553b5f5a033.jpeg', 'Wisata', '2018-07-22 05:20:15', '2018-07-22 05:20:15'),
(101, '23', '5b553b5f5bbdd.jpeg', 'Wisata', '2018-07-22 05:20:15', '2018-07-22 05:20:15'),
(102, '23', '5b553b5f5d8c1.jpeg', 'Wisata', '2018-07-22 05:20:15', '2018-07-22 05:20:15'),
(103, '23', '5b553b5f667fa.jpeg', 'Wisata', '2018-07-22 05:20:15', '2018-07-22 05:20:15'),
(104, '24', '5b553bc83fab9.jpeg', 'Wisata', '2018-07-22 05:22:00', '2018-07-22 05:22:00'),
(105, '24', '5b553bc841ad9.jpeg', 'Wisata', '2018-07-22 05:22:00', '2018-07-22 05:22:00'),
(106, '24', '5b553bc8451f8.jpeg', 'Wisata', '2018-07-22 05:22:00', '2018-07-22 05:22:00'),
(107, '24', '5b553bc8494cb.jpeg', 'Wisata', '2018-07-22 05:22:00', '2018-07-22 05:22:00'),
(108, '25', '5b553c232190a.jpeg', 'Wisata', '2018-07-22 05:23:31', '2018-07-22 05:23:31'),
(109, '25', '5b553c232340d.jpeg', 'Wisata', '2018-07-22 05:23:31', '2018-07-22 05:23:31'),
(110, '25', '5b553c232552d.jpeg', 'Wisata', '2018-07-22 05:23:31', '2018-07-22 05:23:31'),
(111, '25', '5b553c23294a3.jpeg', 'Wisata', '2018-07-22 05:23:31', '2018-07-22 05:23:31'),
(112, '26', '5b553c856e9c6.jpeg', 'Wisata', '2018-07-22 05:25:09', '2018-07-22 05:25:09'),
(113, '26', '5b553c8570801.jpeg', 'Wisata', '2018-07-22 05:25:09', '2018-07-22 05:25:09'),
(114, '26', '5b553c857277f.jpeg', 'Wisata', '2018-07-22 05:25:09', '2018-07-22 05:25:09'),
(115, '26', '5b553c85742b5.jpeg', 'Wisata', '2018-07-22 05:25:09', '2018-07-22 05:25:09'),
(116, '27', '5b553d057b83b.jpeg', 'Wisata', '2018-07-22 05:27:17', '2018-07-22 05:27:17'),
(117, '27', '5b553d057ec1f.jpeg', 'Wisata', '2018-07-22 05:27:17', '2018-07-22 05:27:17'),
(118, '27', '5b553d0581bb7.jpeg', 'Wisata', '2018-07-22 05:27:17', '2018-07-22 05:27:17'),
(119, '27', '5b553d0583d43.jpeg', 'Wisata', '2018-07-22 05:27:17', '2018-07-22 05:27:17'),
(120, '27', '5b553d0586575.jpeg', 'Wisata', '2018-07-22 05:27:17', '2018-07-22 05:27:17'),
(121, '28', '5b553d986d48d.jpeg', 'Wisata', '2018-07-22 05:29:44', '2018-07-22 05:29:44'),
(122, '28', '5b553d9870a34.jpeg', 'Wisata', '2018-07-22 05:29:44', '2018-07-22 05:29:44'),
(123, '28', '5b553d987264d.jpeg', 'Wisata', '2018-07-22 05:29:44', '2018-07-22 05:29:44'),
(124, '29', '5b553e8d6a28d.jpeg', 'Wisata', '2018-07-22 05:33:49', '2018-07-22 05:33:49'),
(125, '29', '5b553e8d6c2e7.jpeg', 'Wisata', '2018-07-22 05:33:49', '2018-07-22 05:33:49'),
(126, '29', '5b553e8d6eeb2.jpeg', 'Wisata', '2018-07-22 05:33:49', '2018-07-22 05:33:49'),
(127, '29', '5b553e8d709ef.jpeg', 'Wisata', '2018-07-22 05:33:49', '2018-07-22 05:33:49'),
(128, '30', '5b553f4d4a40f.jpeg', 'Wisata', '2018-07-22 05:37:01', '2018-07-22 05:37:01'),
(129, '30', '5b553f4d4e435.png', 'Wisata', '2018-07-22 05:37:01', '2018-07-22 05:37:01'),
(130, '30', '5b553f4d518e3.jpeg', 'Wisata', '2018-07-22 05:37:01', '2018-07-22 05:37:01'),
(131, '30', '5b553f4d53139.jpeg', 'Wisata', '2018-07-22 05:37:01', '2018-07-22 05:37:01'),
(132, '31', '5b553f8d9c452.jpeg', 'Wisata', '2018-07-22 05:38:05', '2018-07-22 05:38:05'),
(133, '31', '5b553f8d9dd6e.jpeg', 'Wisata', '2018-07-22 05:38:05', '2018-07-22 05:38:05'),
(134, '31', '5b553f8d9fbd4.jpeg', 'Wisata', '2018-07-22 05:38:05', '2018-07-22 05:38:05'),
(135, '31', '5b553f8da1781.jpeg', 'Wisata', '2018-07-22 05:38:05', '2018-07-22 05:38:05'),
(136, '32', '5b553fe57a924.jpeg', 'Wisata', '2018-07-22 05:39:33', '2018-07-22 05:39:33'),
(137, '32', '5b553fe57cbf9.jpeg', 'Wisata', '2018-07-22 05:39:33', '2018-07-22 05:39:33'),
(138, '32', '5b553fe57ea43.jpeg', 'Wisata', '2018-07-22 05:39:33', '2018-07-22 05:39:33'),
(139, '33', '5b55405996325.jpeg', 'Wisata', '2018-07-22 05:41:29', '2018-07-22 05:41:29'),
(140, '33', '5b554059982bc.jpeg', 'Wisata', '2018-07-22 05:41:29', '2018-07-22 05:41:29'),
(141, '33', '5b5540599c095.jpeg', 'Wisata', '2018-07-22 05:41:29', '2018-07-22 05:41:29'),
(142, '34', '5b5540c29f7b1.jpeg', 'Wisata', '2018-07-22 05:43:14', '2018-07-22 05:43:14'),
(143, '34', '5b5540c2a1be9.jpeg', 'Wisata', '2018-07-22 05:43:14', '2018-07-22 05:43:14'),
(144, '34', '5b5540c2a383c.jpeg', 'Wisata', '2018-07-22 05:43:14', '2018-07-22 05:43:14'),
(145, '34', '5b5540c2a5685.jpeg', 'Wisata', '2018-07-22 05:43:14', '2018-07-22 05:43:14'),
(146, '35', '5b55414d6e4a4.jpeg', 'Wisata', '2018-07-22 05:45:33', '2018-07-22 05:45:33'),
(147, '35', '5b55414d71b20.jpeg', 'Wisata', '2018-07-22 05:45:33', '2018-07-22 05:45:33'),
(148, '35', '5b55414d735e8.jpeg', 'Wisata', '2018-07-22 05:45:33', '2018-07-22 05:45:33'),
(149, '35', '5b55414d756a0.jpeg', 'Wisata', '2018-07-22 05:45:33', '2018-07-22 05:45:33'),
(150, '36', '5b5541ee7b9ce.jpeg', 'Wisata', '2018-07-22 05:48:14', '2018-07-22 05:48:14'),
(151, '36', '5b5541ee7d5c9.jpeg', 'Wisata', '2018-07-22 05:48:14', '2018-07-22 05:48:14'),
(152, '36', '5b5541ee7f4ac.jpeg', 'Wisata', '2018-07-22 05:48:14', '2018-07-22 05:48:14'),
(153, '36', '5b5541ee80f54.png', 'Wisata', '2018-07-22 05:48:14', '2018-07-22 05:48:14'),
(154, '37', '5b5542585c973.jpeg', 'Wisata', '2018-07-22 05:50:00', '2018-07-22 05:50:00'),
(155, '37', '5b5542585e307.jpeg', 'Wisata', '2018-07-22 05:50:00', '2018-07-22 05:50:00'),
(156, '37', '5b554258615c1.jpeg', 'Wisata', '2018-07-22 05:50:00', '2018-07-22 05:50:00'),
(157, '37', '5b55425862ee6.jpeg', 'Wisata', '2018-07-22 05:50:00', '2018-07-22 05:50:00'),
(158, '38', '5b55433d5072b.png', 'Wisata', '2018-07-22 05:53:49', '2018-07-22 05:53:49'),
(159, '38', '5b55433d53c76.jpeg', 'Wisata', '2018-07-22 05:53:49', '2018-07-22 05:53:49'),
(160, '38', '5b55433d559ad.jpeg', 'Wisata', '2018-07-22 05:53:49', '2018-07-22 05:53:49'),
(161, '38', '5b55433d57257.jpeg', 'Wisata', '2018-07-22 05:53:49', '2018-07-22 05:53:49'),
(162, '39', '5b5543baa3b3c.jpeg', 'Wisata', '2018-07-22 05:55:54', '2018-07-22 05:55:54'),
(163, '39', '5b5543baa66ba.jpeg', 'Wisata', '2018-07-22 05:55:54', '2018-07-22 05:55:54'),
(164, '39', '5b5543baa81fe.jpeg', 'Wisata', '2018-07-22 05:55:54', '2018-07-22 05:55:54'),
(165, '39', '5b5543baaa225.jpeg', 'Wisata', '2018-07-22 05:55:54', '2018-07-22 05:55:54'),
(166, '40', '5b554400f1926.jpeg', 'Wisata', '2018-07-22 05:57:04', '2018-07-22 05:57:04'),
(167, '40', '5b554400f3fbd.jpeg', 'Wisata', '2018-07-22 05:57:05', '2018-07-22 05:57:05'),
(168, '40', '5b554401018fc.jpeg', 'Wisata', '2018-07-22 05:57:05', '2018-07-22 05:57:05'),
(169, '41', '5b5544323b9cf.png', 'Wisata', '2018-07-22 05:57:54', '2018-07-22 05:57:54'),
(170, '41', '5b55443248efe.jpeg', 'Wisata', '2018-07-22 05:57:54', '2018-07-22 05:57:54'),
(171, '41', '5b5544324a5eb.jpeg', 'Wisata', '2018-07-22 05:57:54', '2018-07-22 05:57:54'),
(172, '41', '5b5544324b9e3.jpeg', 'Wisata', '2018-07-22 05:57:54', '2018-07-22 05:57:54'),
(173, '42', '5b55447624886.jpeg', 'Wisata', '2018-07-22 05:59:02', '2018-07-22 05:59:02'),
(174, '42', '5b55447628024.jpeg', 'Wisata', '2018-07-22 05:59:02', '2018-07-22 05:59:02'),
(175, '42', '5b5544762b72a.jpeg', 'Wisata', '2018-07-22 05:59:02', '2018-07-22 05:59:02'),
(176, '43', '5b5545afcc2e8.jpeg', 'Wisata', '2018-07-22 06:04:15', '2018-07-22 06:04:15'),
(177, '43', '5b5545afcdb01.jpeg', 'Wisata', '2018-07-22 06:04:15', '2018-07-22 06:04:15'),
(178, '44', '5b5545ea0539c.jpeg', 'Wisata', '2018-07-22 06:05:14', '2018-07-22 06:05:14'),
(179, '44', '5b5545ea084f9.jpeg', 'Wisata', '2018-07-22 06:05:14', '2018-07-22 06:05:14'),
(180, '44', '5b5545ea09d60.jpeg', 'Wisata', '2018-07-22 06:05:14', '2018-07-22 06:05:14'),
(181, '45', '5b55464dc7485.jpeg', 'Wisata', '2018-07-22 06:06:53', '2018-07-22 06:06:53'),
(182, '45', '5b55464dc8a7f.jpeg', 'Wisata', '2018-07-22 06:06:53', '2018-07-22 06:06:53'),
(183, '45', '5b55464dca37e.jpeg', 'Wisata', '2018-07-22 06:06:53', '2018-07-22 06:06:53'),
(184, '46', '5b55469d17521.jpeg', 'Wisata', '2018-07-22 06:08:13', '2018-07-22 06:08:13'),
(185, '46', '5b55469d1920b.jpeg', 'Wisata', '2018-07-22 06:08:13', '2018-07-22 06:08:13'),
(186, '46', '5b55469d1a738.jpeg', 'Wisata', '2018-07-22 06:08:13', '2018-07-22 06:08:13'),
(187, '47', '5b5546cbb0a16.jpeg', 'Wisata', '2018-07-22 06:08:59', '2018-07-22 06:08:59'),
(188, '47', '5b5546cbb246e.jpeg', 'Wisata', '2018-07-22 06:08:59', '2018-07-22 06:08:59'),
(189, '47', '5b5546cbb3a1d.jpeg', 'Wisata', '2018-07-22 06:08:59', '2018-07-22 06:08:59'),
(190, '48', '5b55470871eff.jpeg', 'Wisata', '2018-07-22 06:10:00', '2018-07-22 06:10:00'),
(191, '48', '5b55470873b0a.jpeg', 'Wisata', '2018-07-22 06:10:00', '2018-07-22 06:10:00'),
(192, '48', '5b55470876062.jpeg', 'Wisata', '2018-07-22 06:10:00', '2018-07-22 06:10:00'),
(193, '49', '5b554742e9c28.jpeg', 'Wisata', '2018-07-22 06:10:58', '2018-07-22 06:10:58'),
(194, '49', '5b554742eb4fe.jpeg', 'Wisata', '2018-07-22 06:10:58', '2018-07-22 06:10:58'),
(195, '49', '5b554742ecff9.jpeg', 'Wisata', '2018-07-22 06:10:58', '2018-07-22 06:10:58'),
(196, '49', '5b554742eeda8.jpeg', 'Wisata', '2018-07-22 06:10:58', '2018-07-22 06:10:58'),
(197, '50', '5b554773aafbd.jpeg', 'Wisata', '2018-07-22 06:11:47', '2018-07-22 06:11:47'),
(198, '50', '5b554773ac5cb.jpeg', 'Wisata', '2018-07-22 06:11:47', '2018-07-22 06:11:47'),
(199, '50', '5b554773adec9.jpeg', 'Wisata', '2018-07-22 06:11:47', '2018-07-22 06:11:47'),
(200, '51', '5b5547e29e2d1.jpeg', 'Wisata', '2018-07-22 06:13:38', '2018-07-22 06:13:38'),
(201, '51', '5b5547e29fdb8.png', 'Wisata', '2018-07-22 06:13:38', '2018-07-22 06:13:38'),
(202, '51', '5b5547e2a2360.png', 'Wisata', '2018-07-22 06:13:38', '2018-07-22 06:13:38'),
(203, '52', '5b55486a8ef54.jpeg', 'Wisata', '2018-07-22 06:15:54', '2018-07-22 06:15:54'),
(204, '53', '5b5548a343b52.jpeg', 'Wisata', '2018-07-22 06:16:51', '2018-07-22 06:16:51'),
(205, '53', '5b5548a3460cd.jpeg', 'Wisata', '2018-07-22 06:16:51', '2018-07-22 06:16:51'),
(206, '53', '5b5548a34b07f.jpeg', 'Wisata', '2018-07-22 06:16:51', '2018-07-22 06:16:51'),
(207, '54', '5b5548d776db8.jpeg', 'Wisata', '2018-07-22 06:17:43', '2018-07-22 06:17:43'),
(208, '54', '5b5548d7789df.jpeg', 'Wisata', '2018-07-22 06:17:43', '2018-07-22 06:17:43'),
(209, '54', '5b5548d77b6f3.jpeg', 'Wisata', '2018-07-22 06:17:43', '2018-07-22 06:17:43'),
(210, '54', '5b5548d77ce25.jpeg', 'Wisata', '2018-07-22 06:17:43', '2018-07-22 06:17:43'),
(211, '55', '5b5549169df92.jpeg', 'Wisata', '2018-07-22 06:18:46', '2018-07-22 06:18:46'),
(212, '55', '5b5549169feff.jpeg', 'Wisata', '2018-07-22 06:18:46', '2018-07-22 06:18:46'),
(213, '55', '5b554916a1db2.jpeg', 'Wisata', '2018-07-22 06:18:46', '2018-07-22 06:18:46'),
(214, '55', '5b554916a32fe.jpeg', 'Wisata', '2018-07-22 06:18:46', '2018-07-22 06:18:46'),
(215, '56', '5b55495007fe8.jpeg', 'Wisata', '2018-07-22 06:19:44', '2018-07-22 06:19:44'),
(216, '56', '5b55495009d17.jpeg', 'Wisata', '2018-07-22 06:19:44', '2018-07-22 06:19:44'),
(217, '56', '5b5549500c4e0.jpeg', 'Wisata', '2018-07-22 06:19:44', '2018-07-22 06:19:44'),
(218, '57', '5b5549835c848.jpeg', 'Wisata', '2018-07-22 06:20:35', '2018-07-22 06:20:35'),
(219, '57', '5b5549835e828.jpeg', 'Wisata', '2018-07-22 06:20:35', '2018-07-22 06:20:35'),
(220, '57', '5b55498364878.jpeg', 'Wisata', '2018-07-22 06:20:35', '2018-07-22 06:20:35'),
(221, '58', '5b5549c12e1ed.jpeg', 'Wisata', '2018-07-22 06:21:37', '2018-07-22 06:21:37'),
(222, '58', '5b5549c1303a1.jpeg', 'Wisata', '2018-07-22 06:21:37', '2018-07-22 06:21:37'),
(223, '58', '5b5549c133375.jpeg', 'Wisata', '2018-07-22 06:21:37', '2018-07-22 06:21:37'),
(224, '59', '5b554ad737db0.jpeg', 'Wisata', '2018-07-22 06:26:15', '2018-07-22 06:26:15'),
(225, '59', '5b554ad73c88f.jpeg', 'Wisata', '2018-07-22 06:26:15', '2018-07-22 06:26:15'),
(226, '59', '5b554ad73ea49.jpeg', 'Wisata', '2018-07-22 06:26:15', '2018-07-22 06:26:15'),
(227, '59', '5b554ad740f7c.jpeg', 'Wisata', '2018-07-22 06:26:15', '2018-07-22 06:26:15'),
(228, '60', '5b554b165379b.jpeg', 'Wisata', '2018-07-22 06:27:18', '2018-07-22 06:27:18'),
(229, '60', '5b554b1656258.jpeg', 'Wisata', '2018-07-22 06:27:18', '2018-07-22 06:27:18'),
(230, '60', '5b554b1657f1c.jpeg', 'Wisata', '2018-07-22 06:27:18', '2018-07-22 06:27:18'),
(231, '61', '5b554b5eb47cd.jpeg', 'Wisata', '2018-07-22 06:28:30', '2018-07-22 06:28:30'),
(232, '61', '5b554b5eb7236.jpeg', 'Wisata', '2018-07-22 06:28:30', '2018-07-22 06:28:30'),
(233, '61', '5b554b5eb8984.jpeg', 'Wisata', '2018-07-22 06:28:30', '2018-07-22 06:28:30'),
(234, '3', '5b58be4f51022.jpeg', 'Akomodasi', '2018-07-25 11:15:43', '2018-07-25 11:15:43'),
(235, '3', '5b58be4f538ec.jpeg', 'Akomodasi', '2018-07-25 11:15:43', '2018-07-25 11:15:43'),
(236, '3', '5b58be4f55c55.jpeg', 'Akomodasi', '2018-07-25 11:15:43', '2018-07-25 11:15:43'),
(237, '4', '5b58bed50e283.jpeg', 'Akomodasi', '2018-07-25 11:17:57', '2018-07-25 11:17:57'),
(238, '4', '5b58bed510cfc.jpeg', 'Akomodasi', '2018-07-25 11:17:57', '2018-07-25 11:17:57'),
(239, '4', '5b58bed51d2e4.jpeg', 'Akomodasi', '2018-07-25 11:17:57', '2018-07-25 11:17:57'),
(240, '4', '5b58bed51f898.jpeg', 'Akomodasi', '2018-07-25 11:17:57', '2018-07-25 11:17:57'),
(241, '3', '5b58dc4da2990.png', 'Budaya', '2018-07-25 13:23:41', '2018-07-25 13:23:41'),
(242, '4', '5b58dc84bf6e0.png', 'Budaya', '2018-07-25 13:24:37', '2018-07-25 13:24:37'),
(243, '5', '5b58dca99c6a5.jpeg', 'Budaya', '2018-07-25 13:25:13', '2018-07-25 13:25:13'),
(244, '6', '5b58dcce835c9.jpeg', 'Budaya', '2018-07-25 13:25:50', '2018-07-25 13:25:50'),
(245, '7', '5b58dcedaf0dc.jpeg', 'Budaya', '2018-07-25 13:26:21', '2018-07-25 13:26:21'),
(246, '8', '5b58dd10dace4.jpeg', 'Budaya', '2018-07-25 13:26:56', '2018-07-25 13:26:56'),
(247, '9', '5b58dd32e2426.jpeg', 'Budaya', '2018-07-25 13:27:30', '2018-07-25 13:27:30'),
(248, '10', '5b58dd541584b.jpeg', 'Budaya', '2018-07-25 13:28:04', '2018-07-25 13:28:04'),
(249, '11', '5b58dd7c38a1b.jpeg', 'Budaya', '2018-07-25 13:28:44', '2018-07-25 13:28:44'),
(250, '12', '5b58dda783d76.jpeg', 'Budaya', '2018-07-25 13:29:27', '2018-07-25 13:29:27'),
(251, '13', '5b58ddc9ca929.jpeg', 'Budaya', '2018-07-25 13:30:01', '2018-07-25 13:30:01'),
(252, '14', '5b58ddeb3aa1a.jpeg', 'Budaya', '2018-07-25 13:30:35', '2018-07-25 13:30:35'),
(253, '15', '5b58de195b4e9.jpeg', 'Budaya', '2018-07-25 13:31:21', '2018-07-25 13:31:21'),
(254, '62', '5b58e0971d78b.jpeg', 'Wisata', '2018-07-25 13:41:59', '2018-07-25 13:41:59'),
(255, '62', '5b58e0971f8c9.jpeg', 'Wisata', '2018-07-25 13:41:59', '2018-07-25 13:41:59'),
(256, '62', '5b58e09721f0b.jpeg', 'Wisata', '2018-07-25 13:41:59', '2018-07-25 13:41:59'),
(257, '62', '5b58e0976bc4b.jpeg', 'Wisata', '2018-07-25 13:41:59', '2018-07-25 13:41:59'),
(258, '62', '5b58e097705fe.jpeg', 'Wisata', '2018-07-25 13:41:59', '2018-07-25 13:41:59'),
(259, '63', '5b58e0d1ece9f.jpeg', 'Wisata', '2018-07-25 13:42:57', '2018-07-25 13:42:57'),
(260, '63', '5b58e0d1ef072.jpeg', 'Wisata', '2018-07-25 13:42:58', '2018-07-25 13:42:58'),
(261, '63', '5b58e0d207aeb.jpeg', 'Wisata', '2018-07-25 13:42:58', '2018-07-25 13:42:58'),
(262, '64', '5b58e11401fbd.jpeg', 'Wisata', '2018-07-25 13:44:04', '2018-07-25 13:44:04'),
(263, '64', '5b58e114041b4.jpeg', 'Wisata', '2018-07-25 13:44:04', '2018-07-25 13:44:04'),
(264, '64', '5b58e1140655e.jpeg', 'Wisata', '2018-07-25 13:44:04', '2018-07-25 13:44:04'),
(265, '65', '5b58e144cb583.jpeg', 'Wisata', '2018-07-25 13:44:52', '2018-07-25 13:44:52'),
(266, '66', '5b58e1ab34fb6.jpeg', 'Wisata', '2018-07-25 13:46:35', '2018-07-25 13:46:35'),
(267, '66', '5b58e1ab3751d.jpeg', 'Wisata', '2018-07-25 13:46:35', '2018-07-25 13:46:35'),
(268, '66', '5b58e1ab397a1.jpeg', 'Wisata', '2018-07-25 13:46:35', '2018-07-25 13:46:35'),
(269, '66', '5b58e1ab817c7.jpeg', 'Wisata', '2018-07-25 13:46:35', '2018-07-25 13:46:35'),
(270, '66', '5b58e1ab84430.jpeg', 'Wisata', '2018-07-25 13:46:35', '2018-07-25 13:46:35'),
(271, '67', '5b58e1ee98d34.jpeg', 'Wisata', '2018-07-25 13:47:42', '2018-07-25 13:47:42'),
(272, '67', '5b58e1ee9b089.jpeg', 'Wisata', '2018-07-25 13:47:42', '2018-07-25 13:47:42'),
(273, '67', '5b58e1eea5b68.jpeg', 'Wisata', '2018-07-25 13:47:42', '2018-07-25 13:47:42'),
(274, '68', '5b58e22cf0b4b.jpeg', 'Wisata', '2018-07-25 13:48:44', '2018-07-25 13:48:44'),
(275, '68', '5b58e22cf2a7c.jpeg', 'Wisata', '2018-07-25 13:48:44', '2018-07-25 13:48:44'),
(276, '68', '5b58e22d00902.jpeg', 'Wisata', '2018-07-25 13:48:45', '2018-07-25 13:48:45'),
(277, '68', '5b58e22d0c08e.jpeg', 'Wisata', '2018-07-25 13:48:45', '2018-07-25 13:48:45'),
(278, '69', '5b58e25b23618.jpeg', 'Wisata', '2018-07-25 13:49:31', '2018-07-25 13:49:31'),
(279, '69', '5b58e25b2514d.jpeg', 'Wisata', '2018-07-25 13:49:31', '2018-07-25 13:49:31'),
(280, '69', '5b58e25b266cb.jpeg', 'Wisata', '2018-07-25 13:49:31', '2018-07-25 13:49:31'),
(281, '70', '5b58e2a562191.jpeg', 'Wisata', '2018-07-25 13:50:45', '2018-07-25 13:50:45'),
(282, '70', '5b58e2a5642a8.jpeg', 'Wisata', '2018-07-25 13:50:45', '2018-07-25 13:50:45'),
(283, '70', '5b58e2a565bcb.jpeg', 'Wisata', '2018-07-25 13:50:45', '2018-07-25 13:50:45'),
(284, '70', '5b58e2a5677fb.jpeg', 'Wisata', '2018-07-25 13:50:45', '2018-07-25 13:50:45'),
(285, '71', '5b58e2cdb51a3.jpeg', 'Wisata', '2018-07-25 13:51:25', '2018-07-25 13:51:25'),
(286, '71', '5b58e2cdb6b93.jpeg', 'Wisata', '2018-07-25 13:51:25', '2018-07-25 13:51:25'),
(287, '72', '5b58e2f45c51f.jpeg', 'Wisata', '2018-07-25 13:52:04', '2018-07-25 13:52:04'),
(288, '73', '5b58e323cdca3.jpeg', 'Wisata', '2018-07-25 13:52:51', '2018-07-25 13:52:51'),
(289, '73', '5b58e323d8708.jpeg', 'Wisata', '2018-07-25 13:52:51', '2018-07-25 13:52:51'),
(290, '74', '5b58e37aadfc9.jpeg', 'Wisata', '2018-07-25 13:54:18', '2018-07-25 13:54:18'),
(291, '74', '5b58e37ab11da.jpeg', 'Wisata', '2018-07-25 13:54:18', '2018-07-25 13:54:18'),
(292, '75', '5b58e3c6d4655.jpeg', 'Wisata', '2018-07-25 13:55:34', '2018-07-25 13:55:34'),
(293, '75', '5b58e3c6df66e.jpeg', 'Wisata', '2018-07-25 13:55:34', '2018-07-25 13:55:34'),
(294, '75', '5b58e3c6e1861.jpeg', 'Wisata', '2018-07-25 13:55:34', '2018-07-25 13:55:34'),
(295, '75', '5b58e3c6e4756.jpeg', 'Wisata', '2018-07-25 13:55:34', '2018-07-25 13:55:34'),
(296, '76', '5b58e3eee029a.jpeg', 'Wisata', '2018-07-25 13:56:14', '2018-07-25 13:56:14'),
(297, '76', '5b58e3eeec05b.jpeg', 'Wisata', '2018-07-25 13:56:14', '2018-07-25 13:56:14'),
(298, '77', '5b58e42f7ec21.jpeg', 'Wisata', '2018-07-25 13:57:19', '2018-07-25 13:57:19'),
(299, '77', '5b58e42f80cb3.jpeg', 'Wisata', '2018-07-25 13:57:19', '2018-07-25 13:57:19'),
(300, '77', '5b58e42f82c9d.jpeg', 'Wisata', '2018-07-25 13:57:19', '2018-07-25 13:57:19'),
(301, '78', '5b58e4648f914.jpeg', 'Wisata', '2018-07-25 13:58:12', '2018-07-25 13:58:12'),
(302, '78', '5b58e46497824.jpeg', 'Wisata', '2018-07-25 13:58:12', '2018-07-25 13:58:12'),
(303, '78', '5b58e4649edf7.jpeg', 'Wisata', '2018-07-25 13:58:12', '2018-07-25 13:58:12'),
(304, '78', '5b58e464a1084.jpeg', 'Wisata', '2018-07-25 13:58:12', '2018-07-25 13:58:12'),
(305, '79', '5b58e493797d4.jpeg', 'Wisata', '2018-07-25 13:58:59', '2018-07-25 13:58:59'),
(306, '79', '5b58e4937b62d.jpeg', 'Wisata', '2018-07-25 13:58:59', '2018-07-25 13:58:59'),
(307, '79', '5b58e4937d450.jpeg', 'Wisata', '2018-07-25 13:58:59', '2018-07-25 13:58:59'),
(324, '8', '5b5924cbbbb53.jpeg', 'Akomodasi', '2018-07-25 18:32:59', '2018-07-25 18:32:59'),
(325, '7', '5b5924d7c7947.jpeg', 'Akomodasi', '2018-07-25 18:33:11', '2018-07-25 18:33:11'),
(326, '11', '5b5924e3c2cb1.jpeg', 'Akomodasi', '2018-07-25 18:33:23', '2018-07-25 18:33:23'),
(327, '6', '5b5924f863bb5.jpeg', 'Akomodasi', '2018-07-25 18:33:44', '2018-07-25 18:33:44'),
(328, '17', '5b59251c76775.jpeg', 'Akomodasi', '2018-07-25 18:34:20', '2018-07-25 18:34:20'),
(329, '17', '5b59251c77a2e.png', 'Akomodasi', '2018-07-25 18:34:20', '2018-07-25 18:34:20'),
(330, '14', '5b59255c2c812.jpeg', 'Akomodasi', '2018-07-25 18:35:24', '2018-07-25 18:35:24'),
(331, '5', '5b592577e1f6e.png', 'Akomodasi', '2018-07-25 18:35:51', '2018-07-25 18:35:51'),
(332, '5', '5b592577e3088.png', 'Akomodasi', '2018-07-25 18:35:51', '2018-07-25 18:35:51'),
(333, '5', '5b592577e4214.jpeg', 'Akomodasi', '2018-07-25 18:35:51', '2018-07-25 18:35:51'),
(334, '13', '5b592587693be.png', 'Akomodasi', '2018-07-25 18:36:07', '2018-07-25 18:36:07'),
(335, '18', '5b59259dc26c9.jpeg', 'Akomodasi', '2018-07-25 18:36:29', '2018-07-25 18:36:29'),
(336, '18', '5b59259dc392d.jpeg', 'Akomodasi', '2018-07-25 18:36:29', '2018-07-25 18:36:29'),
(337, '16', '5b5925acaa5a1.jpeg', 'Akomodasi', '2018-07-25 18:36:44', '2018-07-25 18:36:44'),
(338, '16', '5b5925acabb1f.jpeg', 'Akomodasi', '2018-07-25 18:36:44', '2018-07-25 18:36:44'),
(339, '10', '5b5925db3424b.jpeg', 'Akomodasi', '2018-07-25 18:37:31', '2018-07-25 18:37:31'),
(340, '15', '5b5925f485474.jpeg', 'Akomodasi', '2018-07-25 18:37:56', '2018-07-25 18:37:56'),
(341, '12', '5b5926144cb33.jpeg', 'Akomodasi', '2018-07-25 18:38:28', '2018-07-25 18:38:28'),
(342, '9', '5b5926227884c.jpeg', 'Akomodasi', '2018-07-25 18:38:42', '2018-07-25 18:38:42');

-- --------------------------------------------------------

--
-- Table structure for table `kota_acehs`
--

CREATE TABLE `kota_acehs` (
  `id` int(10) UNSIGNED NOT NULL,
  `name` varchar(191) COLLATE utf8mb4_unicode_ci NOT NULL,
  `created_at` timestamp NULL DEFAULT NULL,
  `updated_at` timestamp NULL DEFAULT NULL
) ENGINE=InnoDB DEFAULT CHARSET=utf8mb4 COLLATE=utf8mb4_unicode_ci;

--
-- Dumping data for table `kota_acehs`
--

INSERT INTO `kota_acehs` (`id`, `name`, `created_at`, `updated_at`) VALUES
(3, 'KAB. ACEH SELATAN', '0000-00-00 00:00:00', '0000-00-00 00:00:00'),
(4, 'KAB. ACEH TENGGARA', '0000-00-00 00:00:00', '0000-00-00 00:00:00'),
(5, 'KAB. ACEH TIMUR', '0000-00-00 00:00:00', '0000-00-00 00:00:00'),
(6, 'KAB. ACEH TENGAH', '0000-00-00 00:00:00', '0000-00-00 00:00:00'),
(7, 'KAB. ACEH BARAT', '0000-00-00 00:00:00', '0000-00-00 00:00:00'),
(8, 'KAB. ACEH BESAR', '0000-00-00 00:00:00', '0000-00-00 00:00:00'),
(9, 'KAB. PIDIE', '0000-00-00 00:00:00', '0000-00-00 00:00:00'),
(10, 'KAB. ACEH UTARA', '0000-00-00 00:00:00', '0000-00-00 00:00:00'),
(11, 'KAB. SIMEULUE', '0000-00-00 00:00:00', '0000-00-00 00:00:00'),
(12, 'KAB. ACEH SINGKIL', '0000-00-00 00:00:00', '0000-00-00 00:00:00'),
(13, 'KAB. BIREUEN', '0000-00-00 00:00:00', '0000-00-00 00:00:00'),
(14, 'KAB. ACEH BARAT DAYA', '0000-00-00 00:00:00', '0000-00-00 00:00:00'),
(15, 'KAB. GAYO LUES', '0000-00-00 00:00:00', '0000-00-00 00:00:00'),
(16, 'KAB. ACEH JAYA', '0000-00-00 00:00:00', '0000-00-00 00:00:00'),
(17, 'KAB. NAGAN RAYA', '0000-00-00 00:00:00', '0000-00-00 00:00:00'),
(18, 'KAB. ACEH TAMIANG', '0000-00-00 00:00:00', '0000-00-00 00:00:00'),
(19, 'KAB. BENER MERIAH', '0000-00-00 00:00:00', '0000-00-00 00:00:00'),
(20, 'KAB. PIDIE JAYA', '0000-00-00 00:00:00', '0000-00-00 00:00:00'),
(21, 'KOTA BANDA ACEH', '0000-00-00 00:00:00', '0000-00-00 00:00:00'),
(22, 'KOTA SABANG', '0000-00-00 00:00:00', '0000-00-00 00:00:00'),
(23, 'KOTA LHOKSEUMAWE', '0000-00-00 00:00:00', '0000-00-00 00:00:00'),
(24, 'KOTA LANGSA', '0000-00-00 00:00:00', '0000-00-00 00:00:00'),
(25, 'KOTA SUBULUSSALAM', '0000-00-00 00:00:00', '0000-00-00 00:00:00');

-- --------------------------------------------------------

--
-- Table structure for table `migrations`
--

CREATE TABLE `migrations` (
  `id` int(10) UNSIGNED NOT NULL,
  `migration` varchar(191) COLLATE utf8mb4_unicode_ci NOT NULL,
  `batch` int(11) NOT NULL
) ENGINE=InnoDB DEFAULT CHARSET=utf8mb4 COLLATE=utf8mb4_unicode_ci;

--
-- Dumping data for table `migrations`
--

INSERT INTO `migrations` (`id`, `migration`, `batch`) VALUES
(1, '2014_10_12_000000_create_users_table', 1),
(2, '2014_10_12_100000_create_password_resets_table', 1),
(3, '2018_07_15_234006_create_admins_table', 1),
(4, '2018_07_16_131051_create_kota_acehs_table', 2),
(10, '2018_07_17_033714_create_wisatas_table', 3),
(11, '2018_07_17_044027_create_images_table', 3),
(12, '2018_07_17_093740_create_akomodasis_table', 4),
(13, '2018_07_17_121740_create_budayas_table', 5),
(15, '2018_07_17_123929_create_sliders_table', 6),
(16, '2018_07_19_085919_create_ulasans_table', 7),
(17, '2018_07_20_042143_create_akomodasi_wisatas_table', 8),
(18, '2018_07_23_100617_create_testers_table', 9),
(19, '2018_07_27_075817_create_pengujians_table', 10),
(20, '2018_07_27_080622_create_pengujian_details_table', 10);

-- --------------------------------------------------------

--
-- Table structure for table `password_resets`
--

CREATE TABLE `password_resets` (
  `email` varchar(191) COLLATE utf8mb4_unicode_ci NOT NULL,
  `token` varchar(191) COLLATE utf8mb4_unicode_ci NOT NULL,
  `created_at` timestamp NULL DEFAULT NULL
) ENGINE=InnoDB DEFAULT CHARSET=utf8mb4 COLLATE=utf8mb4_unicode_ci;

-- --------------------------------------------------------

--
-- Table structure for table `pengujians`
--

CREATE TABLE `pengujians` (
  `id` int(10) UNSIGNED NOT NULL,
  `mae` double(8,2) NOT NULL,
  `tmax` int(11) NOT NULL,
  `k` int(11) NOT NULL DEFAULT '2',
  `w0` double(8,2) NOT NULL DEFAULT '0.25',
  `lambda` double(8,2) NOT NULL DEFAULT '0.01',
  `created_at` timestamp NULL DEFAULT NULL,
  `updated_at` timestamp NULL DEFAULT NULL
) ENGINE=InnoDB DEFAULT CHARSET=utf8mb4 COLLATE=utf8mb4_unicode_ci;

--
-- Dumping data for table `pengujians`
--

INSERT INTO `pengujians` (`id`, `mae`, `tmax`, `k`, `w0`, `lambda`, `created_at`, `updated_at`) VALUES
(1, -0.85, 6, 2, 0.25, 0.01, '2018-07-27 01:41:51', '2018-07-27 01:41:51'),
(2, 0.75, 4, 2, 0.25, 0.01, '2018-07-27 01:43:39', '2018-07-27 01:43:39'),
(3, 0.78, 10, 2, 0.25, 0.01, '2018-07-27 01:54:50', '2018-07-27 01:54:50'),
(4, 0.74, 10, 2, 0.25, 0.01, '2018-07-27 01:55:19', '2018-07-27 01:55:19'),
(5, 0.72, 10, 2, 0.25, 0.01, '2018-07-27 01:55:37', '2018-07-27 01:55:37'),
(6, 0.84, 10, 2, 0.25, 0.01, '2018-07-27 01:56:58', '2018-07-27 01:56:58'),
(7, 0.88, 10, 2, 0.25, 0.01, '2018-07-27 01:57:13', '2018-07-27 01:57:13'),
(8, 0.73, 10, 2, 0.25, 0.01, '2018-07-27 01:58:34', '2018-07-27 01:58:34'),
(9, 0.77, 10, 2, 0.25, 0.01, '2018-07-27 01:58:55', '2018-07-27 01:58:55'),
(10, 0.83, 10, 2, 0.25, 0.01, '2018-07-27 01:59:31', '2018-07-27 01:59:31'),
(11, 0.59, 10, 2, 0.25, 0.01, '2018-07-27 02:00:31', '2018-07-27 02:00:31'),
(12, 1.00, 10, 2, 0.25, 0.01, '2018-07-27 02:01:04', '2018-07-27 02:01:04'),
(13, 0.87, 10, 2, 0.25, 0.01, '2018-07-27 02:03:18', '2018-07-27 02:03:18');

-- --------------------------------------------------------

--
-- Table structure for table `pengujian_details`
--

CREATE TABLE `pengujian_details` (
  `id` int(10) UNSIGNED NOT NULL,
  `pengujian_id` int(10) UNSIGNED NOT NULL,
  `wisata_id` int(10) UNSIGNED NOT NULL,
  `hasil` double NOT NULL,
  `created_at` timestamp NULL DEFAULT NULL,
  `updated_at` timestamp NULL DEFAULT NULL
) ENGINE=InnoDB DEFAULT CHARSET=utf8mb4 COLLATE=utf8mb4_unicode_ci;

--
-- Dumping data for table `pengujian_details`
--

INSERT INTO `pengujian_details` (`id`, `pengujian_id`, `wisata_id`, `hasil`, `created_at`, `updated_at`) VALUES
(1, 1, 0, 63.181182629752534, '2018-07-27 01:41:51', '2018-07-27 01:41:51'),
(2, 1, 1, 62.832363212688634, '2018-07-27 01:41:51', '2018-07-27 01:41:51'),
(3, 1, 2, 53.687612279917886, '2018-07-27 01:41:51', '2018-07-27 01:41:51'),
(4, 1, 3, 38.43870042973462, '2018-07-27 01:41:51', '2018-07-27 01:41:51'),
(5, 1, 4, 55.69025149329792, '2018-07-27 01:41:51', '2018-07-27 01:41:51'),
(6, 1, 5, 57.552636976207, '2018-07-27 01:41:52', '2018-07-27 01:41:52'),
(7, 1, 6, 43.06788648476385, '2018-07-27 01:41:52', '2018-07-27 01:41:52'),
(8, 1, 7, 56.920535360866396, '2018-07-27 01:41:52', '2018-07-27 01:41:52'),
(9, 1, 8, 54.97018578713851, '2018-07-27 01:41:52', '2018-07-27 01:41:52'),
(10, 1, 9, 19.44972168052958, '2018-07-27 01:41:52', '2018-07-27 01:41:52'),
(11, 1, 10, 55.82645945151495, '2018-07-27 01:41:52', '2018-07-27 01:41:52'),
(12, 1, 11, 45.3474792308428, '2018-07-27 01:41:52', '2018-07-27 01:41:52'),
(13, 1, 12, 43.079798882288706, '2018-07-27 01:41:52', '2018-07-27 01:41:52'),
(14, 1, 13, 0, '2018-07-27 01:41:52', '2018-07-27 01:41:52'),
(15, 1, 14, 39.68994565271301, '2018-07-27 01:41:52', '2018-07-27 01:41:52'),
(16, 1, 15, 63.68287741204434, '2018-07-27 01:41:52', '2018-07-27 01:41:52'),
(17, 1, 16, 55.24416617795074, '2018-07-27 01:41:52', '2018-07-27 01:41:52'),
(18, 1, 17, 40.71154255740554, '2018-07-27 01:41:52', '2018-07-27 01:41:52'),
(19, 1, 18, 50.98840863613628, '2018-07-27 01:41:52', '2018-07-27 01:41:52'),
(20, 1, 19, 48.419023642388304, '2018-07-27 01:41:52', '2018-07-27 01:41:52'),
(21, 1, 20, 0, '2018-07-27 01:41:52', '2018-07-27 01:41:52'),
(22, 1, 21, 0, '2018-07-27 01:41:52', '2018-07-27 01:41:52'),
(23, 1, 22, 0, '2018-07-27 01:41:52', '2018-07-27 01:41:52'),
(24, 1, 23, 57.13127814987237, '2018-07-27 01:41:52', '2018-07-27 01:41:52'),
(25, 1, 24, 29.17458252079438, '2018-07-27 01:41:52', '2018-07-27 01:41:52'),
(26, 1, 25, 60.42098588406622, '2018-07-27 01:41:52', '2018-07-27 01:41:52'),
(27, 1, 26, 10.994037157427703, '2018-07-27 01:41:52', '2018-07-27 01:41:52'),
(28, 1, 27, 0, '2018-07-27 01:41:52', '2018-07-27 01:41:52'),
(29, 1, 28, 60.132892662800245, '2018-07-27 01:41:52', '2018-07-27 01:41:52'),
(30, 1, 29, 0, '2018-07-27 01:41:52', '2018-07-27 01:41:52'),
(31, 1, 30, 0, '2018-07-27 01:41:52', '2018-07-27 01:41:52'),
(32, 1, 31, 0, '2018-07-27 01:41:52', '2018-07-27 01:41:52'),
(33, 1, 32, 48.39778836487274, '2018-07-27 01:41:52', '2018-07-27 01:41:52'),
(34, 1, 33, 20.419863242600368, '2018-07-27 01:41:52', '2018-07-27 01:41:52'),
(35, 1, 34, 0, '2018-07-27 01:41:52', '2018-07-27 01:41:52'),
(36, 1, 35, 46.19249635617627, '2018-07-27 01:41:52', '2018-07-27 01:41:52'),
(37, 1, 36, 9.72486084026479, '2018-07-27 01:41:52', '2018-07-27 01:41:52'),
(38, 1, 37, 50.98636507235974, '2018-07-27 01:41:52', '2018-07-27 01:41:52'),
(39, 1, 38, 43.97614862971081, '2018-07-27 01:41:52', '2018-07-27 01:41:52'),
(40, 1, 39, 34.03310540433392, '2018-07-27 01:41:52', '2018-07-27 01:41:52'),
(41, 1, 40, 27.22648432346714, '2018-07-27 01:41:52', '2018-07-27 01:41:52'),
(42, 1, 41, 0, '2018-07-27 01:41:52', '2018-07-27 01:41:52'),
(43, 1, 42, 54.97018578713851, '2018-07-27 01:41:52', '2018-07-27 01:41:52'),
(44, 1, 43, 0, '2018-07-27 01:41:52', '2018-07-27 01:41:52'),
(45, 1, 44, 42.186928938867474, '2018-07-27 01:41:52', '2018-07-27 01:41:52'),
(46, 1, 45, 0, '2018-07-27 01:41:52', '2018-07-27 01:41:52'),
(47, 1, 46, 0, '2018-07-27 01:41:52', '2018-07-27 01:41:52'),
(48, 1, 47, 0, '2018-07-27 01:41:52', '2018-07-27 01:41:52'),
(49, 1, 48, 0, '2018-07-27 01:41:52', '2018-07-27 01:41:52'),
(50, 1, 49, 0, '2018-07-27 01:41:52', '2018-07-27 01:41:52'),
(51, 1, 50, 0, '2018-07-27 01:41:52', '2018-07-27 01:41:52'),
(52, 1, 51, 43.285736005464805, '2018-07-27 01:41:52', '2018-07-27 01:41:52'),
(53, 1, 52, 0, '2018-07-27 01:41:52', '2018-07-27 01:41:52'),
(54, 1, 53, 0, '2018-07-27 01:41:52', '2018-07-27 01:41:52'),
(55, 1, 54, 0, '2018-07-27 01:41:52', '2018-07-27 01:41:52'),
(56, 1, 55, 0, '2018-07-27 01:41:52', '2018-07-27 01:41:52'),
(57, 1, 56, 0, '2018-07-27 01:41:52', '2018-07-27 01:41:52'),
(58, 1, 57, 48.419023642388304, '2018-07-27 01:41:52', '2018-07-27 01:41:52'),
(59, 1, 58, 0, '2018-07-27 01:41:52', '2018-07-27 01:41:52'),
(60, 1, 59, 0, '2018-07-27 01:41:52', '2018-07-27 01:41:52'),
(61, 1, 60, 0, '2018-07-27 01:41:52', '2018-07-27 01:41:52'),
(62, 1, 61, 0, '2018-07-27 01:41:52', '2018-07-27 01:41:52'),
(63, 1, 62, 0, '2018-07-27 01:41:52', '2018-07-27 01:41:52'),
(64, 1, 63, 0, '2018-07-27 01:41:52', '2018-07-27 01:41:52'),
(65, 1, 64, 0, '2018-07-27 01:41:52', '2018-07-27 01:41:52'),
(66, 1, 65, 0, '2018-07-27 01:41:52', '2018-07-27 01:41:52'),
(67, 1, 66, 0, '2018-07-27 01:41:52', '2018-07-27 01:41:52'),
(68, 1, 67, 0, '2018-07-27 01:41:52', '2018-07-27 01:41:52'),
(69, 1, 68, 0, '2018-07-27 01:41:52', '2018-07-27 01:41:52'),
(70, 1, 69, 50.96990533219911, '2018-07-27 01:41:52', '2018-07-27 01:41:52'),
(71, 1, 70, 34.03310540433392, '2018-07-27 01:41:52', '2018-07-27 01:41:52'),
(72, 1, 71, 53.47864844310549, '2018-07-27 01:41:52', '2018-07-27 01:41:52'),
(73, 1, 72, 46.50668019208642, '2018-07-27 01:41:52', '2018-07-27 01:41:52'),
(74, 1, 73, 0, '2018-07-27 01:41:52', '2018-07-27 01:41:52'),
(75, 1, 74, 0, '2018-07-27 01:41:52', '2018-07-27 01:41:52'),
(76, 1, 75, 0, '2018-07-27 01:41:52', '2018-07-27 01:41:52'),
(77, 1, 76, 0, '2018-07-27 01:41:52', '2018-07-27 01:41:52'),
(78, 1, 77, 0, '2018-07-27 01:41:52', '2018-07-27 01:41:52'),
(79, 1, 78, 0, '2018-07-27 01:41:52', '2018-07-27 01:41:52'),
(80, 2, 0, 62.28232807596534, '2018-07-27 01:43:39', '2018-07-27 01:43:39'),
(81, 2, 1, 62.68393226592375, '2018-07-27 01:43:39', '2018-07-27 01:43:39'),
(82, 2, 2, 54.987277411679024, '2018-07-27 01:43:39', '2018-07-27 01:43:39'),
(83, 2, 3, 41.016898488613464, '2018-07-27 01:43:39', '2018-07-27 01:43:39'),
(84, 2, 4, 60.2998583491509, '2018-07-27 01:43:39', '2018-07-27 01:43:39'),
(85, 2, 5, 59.43085198499364, '2018-07-27 01:43:39', '2018-07-27 01:43:39'),
(86, 2, 6, 46.831119188678, '2018-07-27 01:43:39', '2018-07-27 01:43:39'),
(87, 2, 7, 54.677643618558314, '2018-07-27 01:43:39', '2018-07-27 01:43:39'),
(88, 2, 8, 54.985620497876845, '2018-07-27 01:43:39', '2018-07-27 01:43:39'),
(89, 2, 9, -14.732135373377947, '2018-07-27 01:43:39', '2018-07-27 01:43:39'),
(90, 2, 10, 58.8058899047281, '2018-07-27 01:43:39', '2018-07-27 01:43:39'),
(91, 2, 11, 58.3679492200362, '2018-07-27 01:43:39', '2018-07-27 01:43:39'),
(92, 2, 12, 59.09962805423209, '2018-07-27 01:43:39', '2018-07-27 01:43:39'),
(93, 2, 13, 0, '2018-07-27 01:43:39', '2018-07-27 01:43:39'),
(94, 2, 14, 32.192923583145706, '2018-07-27 01:43:39', '2018-07-27 01:43:39'),
(95, 2, 15, 63.283935966074125, '2018-07-27 01:43:39', '2018-07-27 01:43:39'),
(96, 2, 16, 65.91808282106527, '2018-07-27 01:43:39', '2018-07-27 01:43:39'),
(97, 2, 17, 39.59317189525385, '2018-07-27 01:43:39', '2018-07-27 01:43:39'),
(98, 2, 18, 46.65315169660068, '2018-07-27 01:43:39', '2018-07-27 01:43:39'),
(99, 2, 19, 51.32132497301565, '2018-07-27 01:43:39', '2018-07-27 01:43:39'),
(100, 2, 20, 0, '2018-07-27 01:43:39', '2018-07-27 01:43:39'),
(101, 2, 21, 0, '2018-07-27 01:43:39', '2018-07-27 01:43:39'),
(102, 2, 22, 0, '2018-07-27 01:43:39', '2018-07-27 01:43:39'),
(103, 2, 23, 60.73257072558536, '2018-07-27 01:43:39', '2018-07-27 01:43:39'),
(104, 2, 24, -22.09820306006693, '2018-07-27 01:43:39', '2018-07-27 01:43:39'),
(105, 2, 25, 64.33985832529571, '2018-07-27 01:43:39', '2018-07-27 01:43:39'),
(106, 2, 26, 10.997124099575366, '2018-07-27 01:43:39', '2018-07-27 01:43:39'),
(107, 2, 27, 0, '2018-07-27 01:43:39', '2018-07-27 01:43:39'),
(108, 2, 28, 58.001069842995484, '2018-07-27 01:43:39', '2018-07-27 01:43:39'),
(109, 2, 29, 0, '2018-07-27 01:43:39', '2018-07-27 01:43:39'),
(110, 2, 30, 0, '2018-07-27 01:43:39', '2018-07-27 01:43:39'),
(111, 2, 31, 0, '2018-07-27 01:43:39', '2018-07-27 01:43:39'),
(112, 2, 32, 62.88491904067119, '2018-07-27 01:43:39', '2018-07-27 01:43:39'),
(113, 2, 33, 37.21604057886605, '2018-07-27 01:43:39', '2018-07-27 01:43:39'),
(114, 2, 34, 0, '2018-07-27 01:43:39', '2018-07-27 01:43:39'),
(115, 2, 35, 46.68477151660916, '2018-07-27 01:43:39', '2018-07-27 01:43:39'),
(116, 2, 36, -7.366067686688973, '2018-07-27 01:43:39', '2018-07-27 01:43:39'),
(117, 2, 37, 62.238194110361675, '2018-07-27 01:43:39', '2018-07-27 01:43:39'),
(118, 2, 38, 43.988496398301464, '2018-07-27 01:43:39', '2018-07-27 01:43:39'),
(119, 2, 39, 62.02673429811004, '2018-07-27 01:43:39', '2018-07-27 01:43:39'),
(120, 2, 40, 49.62138743848805, '2018-07-27 01:43:39', '2018-07-27 01:43:39'),
(121, 2, 41, 0, '2018-07-27 01:43:39', '2018-07-27 01:43:39'),
(122, 2, 42, 54.985620497876845, '2018-07-27 01:43:39', '2018-07-27 01:43:39'),
(123, 2, 43, 0, '2018-07-27 01:43:39', '2018-07-27 01:43:39'),
(124, 2, 44, 50.66563605253316, '2018-07-27 01:43:39', '2018-07-27 01:43:39'),
(125, 2, 45, 0, '2018-07-27 01:43:39', '2018-07-27 01:43:39'),
(126, 2, 46, 0, '2018-07-27 01:43:39', '2018-07-27 01:43:39'),
(127, 2, 47, 0, '2018-07-27 01:43:39', '2018-07-27 01:43:39'),
(128, 2, 48, 0, '2018-07-27 01:43:39', '2018-07-27 01:43:39'),
(129, 2, 49, 0, '2018-07-27 01:43:39', '2018-07-27 01:43:39'),
(130, 2, 50, 0, '2018-07-27 01:43:39', '2018-07-27 01:43:39'),
(131, 2, 51, 46.71698758282812, '2018-07-27 01:43:39', '2018-07-27 01:43:39'),
(132, 2, 52, 0, '2018-07-27 01:43:39', '2018-07-27 01:43:39'),
(133, 2, 53, 0, '2018-07-27 01:43:39', '2018-07-27 01:43:39'),
(134, 2, 54, 0, '2018-07-27 01:43:39', '2018-07-27 01:43:39'),
(135, 2, 55, 0, '2018-07-27 01:43:39', '2018-07-27 01:43:39'),
(136, 2, 56, 0, '2018-07-27 01:43:39', '2018-07-27 01:43:39'),
(137, 2, 57, 51.32132497301565, '2018-07-27 01:43:39', '2018-07-27 01:43:39'),
(138, 2, 58, 0, '2018-07-27 01:43:39', '2018-07-27 01:43:39'),
(139, 2, 59, 0, '2018-07-27 01:43:39', '2018-07-27 01:43:39'),
(140, 2, 60, 0, '2018-07-27 01:43:39', '2018-07-27 01:43:39'),
(141, 2, 61, 0, '2018-07-27 01:43:39', '2018-07-27 01:43:39'),
(142, 2, 62, 0, '2018-07-27 01:43:39', '2018-07-27 01:43:39'),
(143, 2, 63, 0, '2018-07-27 01:43:39', '2018-07-27 01:43:39'),
(144, 2, 64, 0, '2018-07-27 01:43:39', '2018-07-27 01:43:39'),
(145, 2, 65, 0, '2018-07-27 01:43:39', '2018-07-27 01:43:39'),
(146, 2, 66, 0, '2018-07-27 01:43:39', '2018-07-27 01:43:39'),
(147, 2, 67, 0, '2018-07-27 01:43:39', '2018-07-27 01:43:39'),
(148, 2, 68, 0, '2018-07-27 01:43:39', '2018-07-27 01:43:39'),
(149, 2, 69, 54.05509535515313, '2018-07-27 01:43:39', '2018-07-27 01:43:39'),
(150, 2, 70, 62.02673429811004, '2018-07-27 01:43:39', '2018-07-27 01:43:39'),
(151, 2, 71, 67.59282005138675, '2018-07-27 01:43:39', '2018-07-27 01:43:39'),
(152, 2, 72, 56.74736821434198, '2018-07-27 01:43:39', '2018-07-27 01:43:39'),
(153, 2, 73, 0, '2018-07-27 01:43:39', '2018-07-27 01:43:39'),
(154, 2, 74, 0, '2018-07-27 01:43:39', '2018-07-27 01:43:39'),
(155, 2, 75, 0, '2018-07-27 01:43:39', '2018-07-27 01:43:39'),
(156, 2, 76, 0, '2018-07-27 01:43:39', '2018-07-27 01:43:39'),
(157, 2, 77, 0, '2018-07-27 01:43:39', '2018-07-27 01:43:39'),
(158, 2, 78, 0, '2018-07-27 01:43:39', '2018-07-27 01:43:39'),
(159, 3, 0, 64.91029695406274, '2018-07-27 01:54:50', '2018-07-27 01:54:50'),
(160, 3, 1, 63.46958090127032, '2018-07-27 01:54:50', '2018-07-27 01:54:50'),
(161, 3, 2, 57.623724267751186, '2018-07-27 01:54:51', '2018-07-27 01:54:51'),
(162, 3, 3, 43.8460346693806, '2018-07-27 01:54:51', '2018-07-27 01:54:51'),
(163, 3, 4, 62.456233193899756, '2018-07-27 01:54:51', '2018-07-27 01:54:51'),
(164, 3, 5, 51.350891692621275, '2018-07-27 01:54:51', '2018-07-27 01:54:51'),
(165, 3, 6, 46.756189366642616, '2018-07-27 01:54:51', '2018-07-27 01:54:51'),
(166, 3, 7, 55.76507475474139, '2018-07-27 01:54:51', '2018-07-27 01:54:51'),
(167, 3, 8, 51.53135476359234, '2018-07-27 01:54:51', '2018-07-27 01:54:51'),
(168, 3, 9, 22.814247639863552, '2018-07-27 01:54:51', '2018-07-27 01:54:51'),
(169, 3, 10, 57.628102513044816, '2018-07-27 01:54:51', '2018-07-27 01:54:51'),
(170, 3, 11, 57.749191872142376, '2018-07-27 01:54:51', '2018-07-27 01:54:51'),
(171, 3, 12, 42.49640656525544, '2018-07-27 01:54:51', '2018-07-27 01:54:51'),
(172, 3, 13, 0, '2018-07-27 01:54:51', '2018-07-27 01:54:51'),
(173, 3, 14, 52.09129864379759, '2018-07-27 01:54:51', '2018-07-27 01:54:51'),
(174, 3, 15, 63.79323861119639, '2018-07-27 01:54:51', '2018-07-27 01:54:51'),
(175, 3, 16, 58.18149479730319, '2018-07-27 01:54:51', '2018-07-27 01:54:51'),
(176, 3, 17, 53.60658795488853, '2018-07-27 01:54:51', '2018-07-27 01:54:51'),
(177, 3, 18, 56.78300364261452, '2018-07-27 01:54:51', '2018-07-27 01:54:51'),
(178, 3, 19, 55.12757697784316, '2018-07-27 01:54:51', '2018-07-27 01:54:51'),
(179, 3, 20, 0, '2018-07-27 01:54:51', '2018-07-27 01:54:51'),
(180, 3, 21, 0, '2018-07-27 01:54:51', '2018-07-27 01:54:51'),
(181, 3, 22, 0, '2018-07-27 01:54:51', '2018-07-27 01:54:51'),
(182, 3, 23, 63.488884294421, '2018-07-27 01:54:51', '2018-07-27 01:54:51'),
(183, 3, 24, 34.221371459795336, '2018-07-27 01:54:51', '2018-07-27 01:54:51'),
(184, 3, 25, 61.56107042890541, '2018-07-27 01:54:51', '2018-07-27 01:54:51'),
(185, 3, 26, 10.306270952718478, '2018-07-27 01:54:51', '2018-07-27 01:54:51'),
(186, 3, 27, 0, '2018-07-27 01:54:51', '2018-07-27 01:54:51'),
(187, 3, 28, 66.16445539729817, '2018-07-27 01:54:51', '2018-07-27 01:54:51'),
(188, 3, 29, 0, '2018-07-27 01:54:51', '2018-07-27 01:54:51'),
(189, 3, 30, 0, '2018-07-27 01:54:51', '2018-07-27 01:54:51'),
(190, 3, 31, 0, '2018-07-27 01:54:51', '2018-07-27 01:54:51'),
(191, 3, 32, 63.32511316818045, '2018-07-27 01:54:51', '2018-07-27 01:54:51'),
(192, 3, 33, 31.599767052159418, '2018-07-27 01:54:51', '2018-07-27 01:54:51'),
(193, 3, 34, 0, '2018-07-27 01:54:51', '2018-07-27 01:54:51'),
(194, 3, 35, 59.506783823062555, '2018-07-27 01:54:51', '2018-07-27 01:54:51'),
(195, 3, 36, 11.407123819931776, '2018-07-27 01:54:51', '2018-07-27 01:54:51'),
(196, 3, 37, 59.32294174541195, '2018-07-27 01:54:51', '2018-07-27 01:54:51'),
(197, 3, 38, 41.22508381087391, '2018-07-27 01:54:51', '2018-07-27 01:54:51'),
(198, 3, 39, 52.666278420265705, '2018-07-27 01:54:51', '2018-07-27 01:54:51'),
(199, 3, 40, 42.133022736212574, '2018-07-27 01:54:51', '2018-07-27 01:54:51'),
(200, 3, 41, 0, '2018-07-27 01:54:51', '2018-07-27 01:54:51'),
(201, 3, 42, 51.53135476359234, '2018-07-27 01:54:51', '2018-07-27 01:54:51'),
(202, 3, 43, 0, '2018-07-27 01:54:51', '2018-07-27 01:54:51'),
(203, 3, 44, 31.573601553561765, '2018-07-27 01:54:51', '2018-07-27 01:54:51'),
(204, 3, 45, 0, '2018-07-27 01:54:51', '2018-07-27 01:54:51'),
(205, 3, 46, 0, '2018-07-27 01:54:51', '2018-07-27 01:54:51'),
(206, 3, 47, 0, '2018-07-27 01:54:51', '2018-07-27 01:54:51'),
(207, 3, 48, 0, '2018-07-27 01:54:51', '2018-07-27 01:54:51'),
(208, 3, 49, 0, '2018-07-27 01:54:51', '2018-07-27 01:54:51'),
(209, 3, 50, 0, '2018-07-27 01:54:51', '2018-07-27 01:54:51'),
(210, 3, 51, 43.78583870523106, '2018-07-27 01:54:51', '2018-07-27 01:54:51'),
(211, 3, 52, 0, '2018-07-27 01:54:51', '2018-07-27 01:54:51'),
(212, 3, 53, 0, '2018-07-27 01:54:51', '2018-07-27 01:54:51'),
(213, 3, 54, 0, '2018-07-27 01:54:51', '2018-07-27 01:54:51'),
(214, 3, 55, 0, '2018-07-27 01:54:51', '2018-07-27 01:54:51'),
(215, 3, 56, 0, '2018-07-27 01:54:51', '2018-07-27 01:54:51'),
(216, 3, 57, 55.12757697784316, '2018-07-27 01:54:51', '2018-07-27 01:54:51'),
(217, 3, 58, 0, '2018-07-27 01:54:51', '2018-07-27 01:54:51'),
(218, 3, 59, 0, '2018-07-27 01:54:51', '2018-07-27 01:54:51'),
(219, 3, 60, 0, '2018-07-27 01:54:51', '2018-07-27 01:54:51'),
(220, 3, 61, 0, '2018-07-27 01:54:51', '2018-07-27 01:54:51'),
(221, 3, 62, 0, '2018-07-27 01:54:51', '2018-07-27 01:54:51'),
(222, 3, 63, 0, '2018-07-27 01:54:51', '2018-07-27 01:54:51'),
(223, 3, 64, 0, '2018-07-27 01:54:51', '2018-07-27 01:54:51'),
(224, 3, 65, 0, '2018-07-27 01:54:51', '2018-07-27 01:54:51'),
(225, 3, 66, 0, '2018-07-27 01:54:51', '2018-07-27 01:54:51'),
(226, 3, 67, 0, '2018-07-27 01:54:51', '2018-07-27 01:54:51'),
(227, 3, 68, 0, '2018-07-27 01:54:51', '2018-07-27 01:54:51'),
(228, 3, 69, 58.343213494068664, '2018-07-27 01:54:51', '2018-07-27 01:54:51'),
(229, 3, 70, 52.666278420265705, '2018-07-27 01:54:51', '2018-07-27 01:54:51'),
(230, 3, 71, 53.97234364156817, '2018-07-27 01:54:51', '2018-07-27 01:54:51'),
(231, 3, 72, 57.04620506870501, '2018-07-27 01:54:51', '2018-07-27 01:54:51'),
(232, 3, 73, 0, '2018-07-27 01:54:51', '2018-07-27 01:54:51'),
(233, 3, 74, 0, '2018-07-27 01:54:51', '2018-07-27 01:54:51'),
(234, 3, 75, 0, '2018-07-27 01:54:51', '2018-07-27 01:54:51'),
(235, 3, 76, 0, '2018-07-27 01:54:51', '2018-07-27 01:54:51'),
(236, 3, 77, 0, '2018-07-27 01:54:51', '2018-07-27 01:54:51'),
(237, 3, 78, 0, '2018-07-27 01:54:51', '2018-07-27 01:54:51'),
(238, 4, 0, 63.107225266564946, '2018-07-27 01:55:19', '2018-07-27 01:55:19'),
(239, 4, 1, 61.40818761922037, '2018-07-27 01:55:19', '2018-07-27 01:55:19'),
(240, 4, 2, 50.25490278856482, '2018-07-27 01:55:19', '2018-07-27 01:55:19'),
(241, 4, 3, 36.63158879467761, '2018-07-27 01:55:19', '2018-07-27 01:55:19'),
(242, 4, 4, 54.05319323838526, '2018-07-27 01:55:19', '2018-07-27 01:55:19'),
(243, 4, 5, 49.181029905849385, '2018-07-27 01:55:19', '2018-07-27 01:55:19'),
(244, 4, 6, 38.46590545656452, '2018-07-27 01:55:19', '2018-07-27 01:55:19'),
(245, 4, 7, 46.681911957569014, '2018-07-27 01:55:19', '2018-07-27 01:55:19'),
(246, 4, 8, 46.74062480442435, '2018-07-27 01:55:19', '2018-07-27 01:55:19'),
(247, 4, 9, 11.30800135213915, '2018-07-27 01:55:19', '2018-07-27 01:55:19'),
(248, 4, 10, 56.00368017566593, '2018-07-27 01:55:19', '2018-07-27 01:55:19'),
(249, 4, 11, 42.178724261295315, '2018-07-27 01:55:19', '2018-07-27 01:55:19'),
(250, 4, 12, 38.45280485047285, '2018-07-27 01:55:19', '2018-07-27 01:55:19'),
(251, 4, 13, 0, '2018-07-27 01:55:19', '2018-07-27 01:55:19'),
(252, 4, 14, 38.06258779450766, '2018-07-27 01:55:19', '2018-07-27 01:55:19'),
(253, 4, 15, 60.80018979989395, '2018-07-27 01:55:19', '2018-07-27 01:55:19'),
(254, 4, 16, 56.832049842270614, '2018-07-27 01:55:19', '2018-07-27 01:55:19'),
(255, 4, 17, 28.58199908500263, '2018-07-27 01:55:19', '2018-07-27 01:55:19'),
(256, 4, 18, 51.74484162530427, '2018-07-27 01:55:19', '2018-07-27 01:55:19'),
(257, 4, 19, 43.763328028682174, '2018-07-27 01:55:19', '2018-07-27 01:55:19'),
(258, 4, 20, 0, '2018-07-27 01:55:19', '2018-07-27 01:55:19'),
(259, 4, 21, 0, '2018-07-27 01:55:19', '2018-07-27 01:55:19'),
(260, 4, 22, 0, '2018-07-27 01:55:19', '2018-07-27 01:55:19'),
(261, 4, 23, 60.076451349808785, '2018-07-27 01:55:19', '2018-07-27 01:55:19'),
(262, 4, 24, 16.962002028208726, '2018-07-27 01:55:19', '2018-07-27 01:55:19'),
(263, 4, 25, 57.41803584642597, '2018-07-27 01:55:19', '2018-07-27 01:55:19'),
(264, 4, 26, 9.348124960884865, '2018-07-27 01:55:19', '2018-07-27 01:55:19'),
(265, 4, 27, 0, '2018-07-27 01:55:19', '2018-07-27 01:55:19'),
(266, 4, 28, 53.45481819126125, '2018-07-27 01:55:19', '2018-07-27 01:55:19'),
(267, 4, 29, 0, '2018-07-27 01:55:19', '2018-07-27 01:55:19'),
(268, 4, 30, 0, '2018-07-27 01:55:19', '2018-07-27 01:55:19'),
(269, 4, 31, 0, '2018-07-27 01:55:19', '2018-07-27 01:55:19'),
(270, 4, 32, 32.23902926275556, '2018-07-27 01:55:19', '2018-07-27 01:55:19'),
(271, 4, 33, 27.58160518101524, '2018-07-27 01:55:19', '2018-07-27 01:55:19'),
(272, 4, 34, 0, '2018-07-27 01:55:19', '2018-07-27 01:55:19'),
(273, 4, 35, 32.96785072233053, '2018-07-27 01:55:19', '2018-07-27 01:55:19'),
(274, 4, 36, 5.654000676069575, '2018-07-27 01:55:19', '2018-07-27 01:55:19'),
(275, 4, 37, 50.488198870940465, '2018-07-27 01:55:19', '2018-07-27 01:55:19'),
(276, 4, 38, 37.39249984353946, '2018-07-27 01:55:19', '2018-07-27 01:55:19'),
(277, 4, 39, 45.96934196835869, '2018-07-27 01:55:19', '2018-07-27 01:55:19'),
(278, 4, 40, 36.77547357468696, '2018-07-27 01:55:19', '2018-07-27 01:55:19'),
(279, 4, 41, 0, '2018-07-27 01:55:19', '2018-07-27 01:55:19'),
(280, 4, 42, 46.74062480442435, '2018-07-27 01:55:19', '2018-07-27 01:55:19'),
(281, 4, 43, 0, '2018-07-27 01:55:19', '2018-07-27 01:55:19'),
(282, 4, 44, 36.73952197876394, '2018-07-27 01:55:19', '2018-07-27 01:55:19'),
(283, 4, 45, 0, '2018-07-27 01:55:19', '2018-07-27 01:55:19'),
(284, 4, 46, 0, '2018-07-27 01:55:19', '2018-07-27 01:55:19'),
(285, 4, 47, 0, '2018-07-27 01:55:19', '2018-07-27 01:55:19'),
(286, 4, 48, 0, '2018-07-27 01:55:19', '2018-07-27 01:55:19'),
(287, 4, 49, 0, '2018-07-27 01:55:19', '2018-07-27 01:55:19'),
(288, 4, 50, 0, '2018-07-27 01:55:19', '2018-07-27 01:55:19'),
(289, 4, 51, 28.137876158521735, '2018-07-27 01:55:19', '2018-07-27 01:55:19'),
(290, 4, 52, 0, '2018-07-27 01:55:19', '2018-07-27 01:55:19'),
(291, 4, 53, 0, '2018-07-27 01:55:19', '2018-07-27 01:55:19'),
(292, 4, 54, 0, '2018-07-27 01:55:19', '2018-07-27 01:55:19'),
(293, 4, 55, 0, '2018-07-27 01:55:19', '2018-07-27 01:55:19'),
(294, 4, 56, 0, '2018-07-27 01:55:19', '2018-07-27 01:55:19'),
(295, 4, 57, 43.763328028682174, '2018-07-27 01:55:19', '2018-07-27 01:55:19'),
(296, 4, 58, 0, '2018-07-27 01:55:19', '2018-07-27 01:55:19'),
(297, 4, 59, 0, '2018-07-27 01:55:19', '2018-07-27 01:55:19'),
(298, 4, 60, 0, '2018-07-27 01:55:19', '2018-07-27 01:55:19'),
(299, 4, 61, 0, '2018-07-27 01:55:19', '2018-07-27 01:55:19'),
(300, 4, 62, 0, '2018-07-27 01:55:19', '2018-07-27 01:55:19'),
(301, 4, 63, 0, '2018-07-27 01:55:19', '2018-07-27 01:55:19'),
(302, 4, 64, 0, '2018-07-27 01:55:19', '2018-07-27 01:55:19'),
(303, 4, 65, 0, '2018-07-27 01:55:19', '2018-07-27 01:55:19'),
(304, 4, 66, 0, '2018-07-27 01:55:19', '2018-07-27 01:55:19'),
(305, 4, 67, 0, '2018-07-27 01:55:19', '2018-07-27 01:55:19'),
(306, 4, 68, 0, '2018-07-27 01:55:19', '2018-07-27 01:55:19'),
(307, 4, 69, 49.80497768887936, '2018-07-27 01:55:19', '2018-07-27 01:55:19'),
(308, 4, 70, 45.96934196835869, '2018-07-27 01:55:19', '2018-07-27 01:55:19'),
(309, 4, 71, 43.29285426816606, '2018-07-27 01:55:19', '2018-07-27 01:55:19'),
(310, 4, 72, 45.68032654286486, '2018-07-27 01:55:19', '2018-07-27 01:55:19'),
(311, 4, 73, 0, '2018-07-27 01:55:19', '2018-07-27 01:55:19'),
(312, 4, 74, 0, '2018-07-27 01:55:19', '2018-07-27 01:55:19'),
(313, 4, 75, 0, '2018-07-27 01:55:19', '2018-07-27 01:55:19'),
(314, 4, 76, 0, '2018-07-27 01:55:19', '2018-07-27 01:55:19'),
(315, 4, 77, 0, '2018-07-27 01:55:19', '2018-07-27 01:55:19'),
(316, 4, 78, 0, '2018-07-27 01:55:19', '2018-07-27 01:55:19'),
(317, 5, 0, 63.134873459494145, '2018-07-27 01:55:37', '2018-07-27 01:55:37'),
(318, 5, 1, 62.501730123687395, '2018-07-27 01:55:37', '2018-07-27 01:55:37'),
(319, 5, 2, 56.02589547968277, '2018-07-27 01:55:37', '2018-07-27 01:55:37'),
(320, 5, 3, 40.864156349203, '2018-07-27 01:55:37', '2018-07-27 01:55:37'),
(321, 5, 4, 58.65857242276385, '2018-07-27 01:55:37', '2018-07-27 01:55:37'),
(322, 5, 5, 41.659411397158294, '2018-07-27 01:55:37', '2018-07-27 01:55:37'),
(323, 5, 6, 43.29799870360671, '2018-07-27 01:55:37', '2018-07-27 01:55:37'),
(324, 5, 7, 51.0623477864966, '2018-07-27 01:55:37', '2018-07-27 01:55:37'),
(325, 5, 8, 18.558382993907365, '2018-07-27 01:55:37', '2018-07-27 01:55:37'),
(326, 5, 9, 9.886703920956364, '2018-07-27 01:55:37', '2018-07-27 01:55:37'),
(327, 5, 10, 45.91073840389204, '2018-07-27 01:55:37', '2018-07-27 01:55:37'),
(328, 5, 11, 46.96226744625312, '2018-07-27 01:55:37', '2018-07-27 01:55:37'),
(329, 5, 12, 21.417390485581546, '2018-07-27 01:55:37', '2018-07-27 01:55:37'),
(330, 5, 13, 0, '2018-07-27 01:55:37', '2018-07-27 01:55:37'),
(331, 5, 14, 15.50980516093832, '2018-07-27 01:55:37', '2018-07-27 01:55:37'),
(332, 5, 15, 60.794779980487775, '2018-07-27 01:55:37', '2018-07-27 01:55:37'),
(333, 5, 16, 54.69211940349575, '2018-07-27 01:55:37', '2018-07-27 01:55:37'),
(334, 5, 17, 35.21802719899614, '2018-07-27 01:55:37', '2018-07-27 01:55:37'),
(335, 5, 18, 48.14788852057562, '2018-07-27 01:55:37', '2018-07-27 01:55:37'),
(336, 5, 19, 38.67695948767794, '2018-07-27 01:55:37', '2018-07-27 01:55:37'),
(337, 5, 20, 0, '2018-07-27 01:55:37', '2018-07-27 01:55:37'),
(338, 5, 21, 0, '2018-07-27 01:55:37', '2018-07-27 01:55:37'),
(339, 5, 22, 0, '2018-07-27 01:55:37', '2018-07-27 01:55:37'),
(340, 5, 23, 55.46866255326259, '2018-07-27 01:55:37', '2018-07-27 01:55:37'),
(341, 5, 24, 14.830055881434545, '2018-07-27 01:55:37', '2018-07-27 01:55:37'),
(342, 5, 25, 55.08247800197282, '2018-07-27 01:55:37', '2018-07-27 01:55:37'),
(343, 5, 26, 3.711676598781472, '2018-07-27 01:55:37', '2018-07-27 01:55:37'),
(344, 5, 27, 0, '2018-07-27 01:55:37', '2018-07-27 01:55:37'),
(345, 5, 28, 59.597460166889846, '2018-07-27 01:55:37', '2018-07-27 01:55:37'),
(346, 5, 29, 0, '2018-07-27 01:55:37', '2018-07-27 01:55:37'),
(347, 5, 30, 0, '2018-07-27 01:55:37', '2018-07-27 01:55:37'),
(348, 5, 31, 0, '2018-07-27 01:55:37', '2018-07-27 01:55:37'),
(349, 5, 32, 20.548674219080226, '2018-07-27 01:55:37', '2018-07-27 01:55:37'),
(350, 5, 33, 8.96388939762533, '2018-07-27 01:55:37', '2018-07-27 01:55:37'),
(351, 5, 34, 0, '2018-07-27 01:55:37', '2018-07-27 01:55:37'),
(352, 5, 35, 48.898367980131965, '2018-07-27 01:55:37', '2018-07-27 01:55:37'),
(353, 5, 36, 4.943351960478182, '2018-07-27 01:55:37', '2018-07-27 01:55:37'),
(354, 5, 37, 49.31633569181942, '2018-07-27 01:55:37', '2018-07-27 01:55:37'),
(355, 5, 38, 14.846706395125889, '2018-07-27 01:55:37', '2018-07-27 01:55:37'),
(356, 5, 39, 14.939815662708892, '2018-07-27 01:55:37', '2018-07-27 01:55:37'),
(357, 5, 40, 11.951852530167098, '2018-07-27 01:55:37', '2018-07-27 01:55:37'),
(358, 5, 41, 0, '2018-07-27 01:55:37', '2018-07-27 01:55:37'),
(359, 5, 42, 18.558382993907365, '2018-07-27 01:55:37', '2018-07-27 01:55:37'),
(360, 5, 43, 0, '2018-07-27 01:55:37', '2018-07-27 01:55:37'),
(361, 5, 44, 43.95779156900759, '2018-07-27 01:55:37', '2018-07-27 01:55:37'),
(362, 5, 45, 0, '2018-07-27 01:55:37', '2018-07-27 01:55:37'),
(363, 5, 46, 0, '2018-07-27 01:55:37', '2018-07-27 01:55:37'),
(364, 5, 47, 0, '2018-07-27 01:55:37', '2018-07-27 01:55:37'),
(365, 5, 48, 0, '2018-07-27 01:55:37', '2018-07-27 01:55:37'),
(366, 5, 49, 0, '2018-07-27 01:55:37', '2018-07-27 01:55:37'),
(367, 5, 50, 0, '2018-07-27 01:55:37', '2018-07-27 01:55:37'),
(368, 5, 51, 29.970458593055618, '2018-07-27 01:55:37', '2018-07-27 01:55:37'),
(369, 5, 52, 0, '2018-07-27 01:55:37', '2018-07-27 01:55:37'),
(370, 5, 53, 0, '2018-07-27 01:55:37', '2018-07-27 01:55:37'),
(371, 5, 54, 0, '2018-07-27 01:55:37', '2018-07-27 01:55:37'),
(372, 5, 55, 0, '2018-07-27 01:55:37', '2018-07-27 01:55:37'),
(373, 5, 56, 0, '2018-07-27 01:55:37', '2018-07-27 01:55:37'),
(374, 5, 57, 38.67695948767794, '2018-07-27 01:55:37', '2018-07-27 01:55:37'),
(375, 5, 58, 0, '2018-07-27 01:55:37', '2018-07-27 01:55:37'),
(376, 5, 59, 0, '2018-07-27 01:55:37', '2018-07-27 01:55:37'),
(377, 5, 60, 0, '2018-07-27 01:55:37', '2018-07-27 01:55:37'),
(378, 5, 61, 0, '2018-07-27 01:55:37', '2018-07-27 01:55:37'),
(379, 5, 62, 0, '2018-07-27 01:55:37', '2018-07-27 01:55:37'),
(380, 5, 63, 0, '2018-07-27 01:55:37', '2018-07-27 01:55:37'),
(381, 5, 64, 0, '2018-07-27 01:55:37', '2018-07-27 01:55:37'),
(382, 5, 65, 0, '2018-07-27 01:55:37', '2018-07-27 01:55:37'),
(383, 5, 66, 0, '2018-07-27 01:55:37', '2018-07-27 01:55:37'),
(384, 5, 67, 0, '2018-07-27 01:55:37', '2018-07-27 01:55:37'),
(385, 5, 68, 0, '2018-07-27 01:55:37', '2018-07-27 01:55:37'),
(386, 5, 69, 56.722514295405524, '2018-07-27 01:55:37', '2018-07-27 01:55:37'),
(387, 5, 70, 14.939815662708892, '2018-07-27 01:55:37', '2018-07-27 01:55:37'),
(388, 5, 71, 48.59558528793576, '2018-07-27 01:55:37', '2018-07-27 01:55:37'),
(389, 5, 72, 46.60816480622375, '2018-07-27 01:55:37', '2018-07-27 01:55:37'),
(390, 5, 73, 0, '2018-07-27 01:55:37', '2018-07-27 01:55:37'),
(391, 5, 74, 0, '2018-07-27 01:55:37', '2018-07-27 01:55:37'),
(392, 5, 75, 0, '2018-07-27 01:55:37', '2018-07-27 01:55:37'),
(393, 5, 76, 0, '2018-07-27 01:55:37', '2018-07-27 01:55:37'),
(394, 5, 77, 0, '2018-07-27 01:55:37', '2018-07-27 01:55:37'),
(395, 5, 78, 0, '2018-07-27 01:55:37', '2018-07-27 01:55:37'),
(396, 6, 0, 63.07987458154314, '2018-07-27 01:56:58', '2018-07-27 01:56:58'),
(397, 6, 1, 63.212616614790036, '2018-07-27 01:56:58', '2018-07-27 01:56:58'),
(398, 6, 2, 61.71649533312914, '2018-07-27 01:56:58', '2018-07-27 01:56:58'),
(399, 6, 3, 58.675899192850885, '2018-07-27 01:56:58', '2018-07-27 01:56:58'),
(400, 6, 4, 69.23919108557249, '2018-07-27 01:56:58', '2018-07-27 01:56:58'),
(401, 6, 5, 56.43029240202356, '2018-07-27 01:56:58', '2018-07-27 01:56:58'),
(402, 6, 6, 37.271367415577174, '2018-07-27 01:56:58', '2018-07-27 01:56:58'),
(403, 6, 7, 59.192921349689556, '2018-07-27 01:56:58', '2018-07-27 01:56:58'),
(404, 6, 8, 35.2031499211794, '2018-07-27 01:56:58', '2018-07-27 01:56:58'),
(405, 6, 9, 8.269823495015368, '2018-07-27 01:56:58', '2018-07-27 01:56:58'),
(406, 6, 10, 57.854014741657934, '2018-07-27 01:56:58', '2018-07-27 01:56:58'),
(407, 6, 11, 57.80550613717616, '2018-07-27 01:56:58', '2018-07-27 01:56:58'),
(408, 6, 12, 62.386915910424015, '2018-07-27 01:56:58', '2018-07-27 01:56:58'),
(409, 6, 13, 0, '2018-07-27 01:56:58', '2018-07-27 01:56:58'),
(410, 6, 14, 59.10380571098876, '2018-07-27 01:56:58', '2018-07-27 01:56:58'),
(411, 6, 15, 61.80922408820442, '2018-07-27 01:56:58', '2018-07-27 01:56:58'),
(412, 6, 16, 59.663988953929746, '2018-07-27 01:56:58', '2018-07-27 01:56:58'),
(413, 6, 17, 49.22310749852341, '2018-07-27 01:56:58', '2018-07-27 01:56:58'),
(414, 6, 18, 64.42496960750286, '2018-07-27 01:56:58', '2018-07-27 01:56:58'),
(415, 6, 19, 71.7354078309228, '2018-07-27 01:56:58', '2018-07-27 01:56:58'),
(416, 6, 20, 0, '2018-07-27 01:56:58', '2018-07-27 01:56:58'),
(417, 6, 21, 0, '2018-07-27 01:56:58', '2018-07-27 01:56:58'),
(418, 6, 22, 0, '2018-07-27 01:56:58', '2018-07-27 01:56:58'),
(419, 6, 23, 61.5568349602056, '2018-07-27 01:56:58', '2018-07-27 01:56:58'),
(420, 6, 24, 12.404735242523047, '2018-07-27 01:56:58', '2018-07-27 01:56:58'),
(421, 6, 25, 65.69725052280145, '2018-07-27 01:56:58', '2018-07-27 01:56:58'),
(422, 6, 26, 7.040629984235877, '2018-07-27 01:56:58', '2018-07-27 01:56:58'),
(423, 6, 27, 0, '2018-07-27 01:56:58', '2018-07-27 01:56:58'),
(424, 6, 28, 58.54853572124816, '2018-07-27 01:56:58', '2018-07-27 01:56:58'),
(425, 6, 29, 0, '2018-07-27 01:56:58', '2018-07-27 01:56:58'),
(426, 6, 30, 0, '2018-07-27 01:56:58', '2018-07-27 01:56:58'),
(427, 6, 31, 0, '2018-07-27 01:56:58', '2018-07-27 01:56:58'),
(428, 6, 32, 56.7020776887121, '2018-07-27 01:56:58', '2018-07-27 01:56:58'),
(429, 6, 33, 25.828256923565586, '2018-07-27 01:56:58', '2018-07-27 01:56:58'),
(430, 6, 34, 0, '2018-07-27 01:56:58', '2018-07-27 01:56:58'),
(431, 6, 35, 56.19653671141408, '2018-07-27 01:56:58', '2018-07-27 01:56:58'),
(432, 6, 36, 4.134911747507684, '2018-07-27 01:56:58', '2018-07-27 01:56:58'),
(433, 6, 37, 60.920721921072584, '2018-07-27 01:56:58', '2018-07-27 01:56:58'),
(434, 6, 38, 28.162519936943507, '2018-07-27 01:56:58', '2018-07-27 01:56:58'),
(435, 6, 39, 43.04709487260932, '2018-07-27 01:56:58', '2018-07-27 01:56:58'),
(436, 6, 40, 34.437675898087456, '2018-07-27 01:56:58', '2018-07-27 01:56:58'),
(437, 6, 41, 0, '2018-07-27 01:56:58', '2018-07-27 01:56:58'),
(438, 6, 42, 35.2031499211794, '2018-07-27 01:56:58', '2018-07-27 01:56:58'),
(439, 6, 43, 0, '2018-07-27 01:56:58', '2018-07-27 01:56:58'),
(440, 6, 44, 63.06382839153446, '2018-07-27 01:56:58', '2018-07-27 01:56:58'),
(441, 6, 45, 0, '2018-07-27 01:56:58', '2018-07-27 01:56:58'),
(442, 6, 46, 0, '2018-07-27 01:56:58', '2018-07-27 01:56:58'),
(443, 6, 47, 0, '2018-07-27 01:56:58', '2018-07-27 01:56:58'),
(444, 6, 48, 0, '2018-07-27 01:56:58', '2018-07-27 01:56:58'),
(445, 6, 49, 0, '2018-07-27 01:56:58', '2018-07-27 01:56:58'),
(446, 6, 50, 0, '2018-07-27 01:56:58', '2018-07-27 01:56:58'),
(447, 6, 51, 52.33544276240894, '2018-07-27 01:56:59', '2018-07-27 01:56:59'),
(448, 6, 52, 0, '2018-07-27 01:56:59', '2018-07-27 01:56:59'),
(449, 6, 53, 0, '2018-07-27 01:56:59', '2018-07-27 01:56:59'),
(450, 6, 54, 0, '2018-07-27 01:56:59', '2018-07-27 01:56:59'),
(451, 6, 55, 0, '2018-07-27 01:56:59', '2018-07-27 01:56:59'),
(452, 6, 56, 0, '2018-07-27 01:56:59', '2018-07-27 01:56:59'),
(453, 6, 57, 71.7354078309228, '2018-07-27 01:56:59', '2018-07-27 01:56:59'),
(454, 6, 58, 0, '2018-07-27 01:56:59', '2018-07-27 01:56:59'),
(455, 6, 59, 0, '2018-07-27 01:56:59', '2018-07-27 01:56:59'),
(456, 6, 60, 0, '2018-07-27 01:56:59', '2018-07-27 01:56:59'),
(457, 6, 61, 0, '2018-07-27 01:56:59', '2018-07-27 01:56:59'),
(458, 6, 62, 0, '2018-07-27 01:56:59', '2018-07-27 01:56:59'),
(459, 6, 63, 0, '2018-07-27 01:56:59', '2018-07-27 01:56:59'),
(460, 6, 64, 0, '2018-07-27 01:56:59', '2018-07-27 01:56:59'),
(461, 6, 65, 0, '2018-07-27 01:56:59', '2018-07-27 01:56:59'),
(462, 6, 66, 0, '2018-07-27 01:56:59', '2018-07-27 01:56:59'),
(463, 6, 67, 0, '2018-07-27 01:56:59', '2018-07-27 01:56:59'),
(464, 6, 68, 0, '2018-07-27 01:56:59', '2018-07-27 01:56:59'),
(465, 6, 69, 58.09697179291023, '2018-07-27 01:56:59', '2018-07-27 01:56:59'),
(466, 6, 70, 43.04709487260932, '2018-07-27 01:56:59', '2018-07-27 01:56:59'),
(467, 6, 71, 47.19276231623145, '2018-07-27 01:56:59', '2018-07-27 01:56:59'),
(468, 6, 72, 59.72525648007386, '2018-07-27 01:56:59', '2018-07-27 01:56:59'),
(469, 6, 73, 0, '2018-07-27 01:56:59', '2018-07-27 01:56:59'),
(470, 6, 74, 0, '2018-07-27 01:56:59', '2018-07-27 01:56:59'),
(471, 6, 75, 0, '2018-07-27 01:56:59', '2018-07-27 01:56:59'),
(472, 6, 76, 0, '2018-07-27 01:56:59', '2018-07-27 01:56:59'),
(473, 6, 77, 0, '2018-07-27 01:56:59', '2018-07-27 01:56:59'),
(474, 6, 78, 0, '2018-07-27 01:56:59', '2018-07-27 01:56:59'),
(475, 7, 0, 63.91391250997013, '2018-07-27 01:57:13', '2018-07-27 01:57:13'),
(476, 7, 1, 63.646140600206124, '2018-07-27 01:57:13', '2018-07-27 01:57:13'),
(477, 7, 2, 56.479382474259815, '2018-07-27 01:57:13', '2018-07-27 01:57:13'),
(478, 7, 3, 44.24592653701728, '2018-07-27 01:57:13', '2018-07-27 01:57:13'),
(479, 7, 4, 61.88975423159885, '2018-07-27 01:57:13', '2018-07-27 01:57:13'),
(480, 7, 5, 41.15757874466847, '2018-07-27 01:57:13', '2018-07-27 01:57:13'),
(481, 7, 6, 48.1020618107937, '2018-07-27 01:57:13', '2018-07-27 01:57:13'),
(482, 7, 7, 61.78070986117028, '2018-07-27 01:57:13', '2018-07-27 01:57:13'),
(483, 7, 8, 37.73965295429147, '2018-07-27 01:57:13', '2018-07-27 01:57:13'),
(484, 7, 9, 17.025511366052157, '2018-07-27 01:57:13', '2018-07-27 01:57:13'),
(485, 7, 10, 60.088344102206534, '2018-07-27 01:57:13', '2018-07-27 01:57:13'),
(486, 7, 11, 58.185935571894326, '2018-07-27 01:57:13', '2018-07-27 01:57:13'),
(487, 7, 12, 42.52587232852352, '2018-07-27 01:57:13', '2018-07-27 01:57:13'),
(488, 7, 13, 0, '2018-07-27 01:57:13', '2018-07-27 01:57:13'),
(489, 7, 14, 50.85290854250941, '2018-07-27 01:57:13', '2018-07-27 01:57:13'),
(490, 7, 15, 62.37037616722944, '2018-07-27 01:57:13', '2018-07-27 01:57:13'),
(491, 7, 16, 60.802344222125804, '2018-07-27 01:57:13', '2018-07-27 01:57:13'),
(492, 7, 17, 55.79079412938718, '2018-07-27 01:57:13', '2018-07-27 01:57:13'),
(493, 7, 18, 57.85455777255056, '2018-07-27 01:57:13', '2018-07-27 01:57:13'),
(494, 7, 19, 29.677256749248734, '2018-07-27 01:57:13', '2018-07-27 01:57:13'),
(495, 7, 20, 0, '2018-07-27 01:57:13', '2018-07-27 01:57:13'),
(496, 7, 21, 0, '2018-07-27 01:57:13', '2018-07-27 01:57:13'),
(497, 7, 22, 0, '2018-07-27 01:57:13', '2018-07-27 01:57:13'),
(498, 7, 23, 63.11949262998506, '2018-07-27 01:57:13', '2018-07-27 01:57:13'),
(499, 7, 24, 25.538267049078225, '2018-07-27 01:57:13', '2018-07-27 01:57:13'),
(500, 7, 25, 63.79454190125745, '2018-07-27 01:57:13', '2018-07-27 01:57:13'),
(501, 7, 26, 7.547930590858294, '2018-07-27 01:57:13', '2018-07-27 01:57:13'),
(502, 7, 27, 0, '2018-07-27 01:57:13', '2018-07-27 01:57:13'),
(503, 7, 28, 56.83656909469928, '2018-07-27 01:57:13', '2018-07-27 01:57:13'),
(504, 7, 29, 0, '2018-07-27 01:57:13', '2018-07-27 01:57:13'),
(505, 7, 30, 0, '2018-07-27 01:57:13', '2018-07-27 01:57:13'),
(506, 7, 31, 0, '2018-07-27 01:57:13', '2018-07-27 01:57:13'),
(507, 7, 32, 57.54050971965608, '2018-07-27 01:57:13', '2018-07-27 01:57:13'),
(508, 7, 33, 32.26640808621366, '2018-07-27 01:57:13', '2018-07-27 01:57:13'),
(509, 7, 34, 0, '2018-07-27 01:57:13', '2018-07-27 01:57:13'),
(510, 7, 35, 51.01776740014396, '2018-07-27 01:57:13', '2018-07-27 01:57:13'),
(511, 7, 36, 8.512755683026079, '2018-07-27 01:57:13', '2018-07-27 01:57:13'),
(512, 7, 37, 55.479115215191094, '2018-07-27 01:57:13', '2018-07-27 01:57:13'),
(513, 7, 38, 30.191722363433176, '2018-07-27 01:57:13', '2018-07-27 01:57:13'),
(514, 7, 39, 53.777346810356086, '2018-07-27 01:57:13', '2018-07-27 01:57:13'),
(515, 7, 40, 43.021877448284876, '2018-07-27 01:57:13', '2018-07-27 01:57:13'),
(516, 7, 41, 0, '2018-07-27 01:57:13', '2018-07-27 01:57:13'),
(517, 7, 42, 37.73965295429147, '2018-07-27 01:57:13', '2018-07-27 01:57:13'),
(518, 7, 43, 0, '2018-07-27 01:57:13', '2018-07-27 01:57:13'),
(519, 7, 44, 57.93789774413733, '2018-07-27 01:57:13', '2018-07-27 01:57:13'),
(520, 7, 45, 0, '2018-07-27 01:57:13', '2018-07-27 01:57:13'),
(521, 7, 46, 0, '2018-07-27 01:57:13', '2018-07-27 01:57:13'),
(522, 7, 47, 0, '2018-07-27 01:57:13', '2018-07-27 01:57:13'),
(523, 7, 48, 0, '2018-07-27 01:57:13', '2018-07-27 01:57:13'),
(524, 7, 49, 0, '2018-07-27 01:57:13', '2018-07-27 01:57:13'),
(525, 7, 50, 0, '2018-07-27 01:57:13', '2018-07-27 01:57:13'),
(526, 7, 51, 50.31875667391284, '2018-07-27 01:57:13', '2018-07-27 01:57:13'),
(527, 7, 52, 0, '2018-07-27 01:57:13', '2018-07-27 01:57:13'),
(528, 7, 53, 0, '2018-07-27 01:57:13', '2018-07-27 01:57:13'),
(529, 7, 54, 0, '2018-07-27 01:57:13', '2018-07-27 01:57:13'),
(530, 7, 55, 0, '2018-07-27 01:57:13', '2018-07-27 01:57:13'),
(531, 7, 56, 0, '2018-07-27 01:57:13', '2018-07-27 01:57:13'),
(532, 7, 57, 29.677256749248734, '2018-07-27 01:57:13', '2018-07-27 01:57:13'),
(533, 7, 58, 0, '2018-07-27 01:57:13', '2018-07-27 01:57:13'),
(534, 7, 59, 0, '2018-07-27 01:57:13', '2018-07-27 01:57:13'),
(535, 7, 60, 0, '2018-07-27 01:57:13', '2018-07-27 01:57:13'),
(536, 7, 61, 0, '2018-07-27 01:57:13', '2018-07-27 01:57:13'),
(537, 7, 62, 0, '2018-07-27 01:57:13', '2018-07-27 01:57:13'),
(538, 7, 63, 0, '2018-07-27 01:57:13', '2018-07-27 01:57:13'),
(539, 7, 64, 0, '2018-07-27 01:57:13', '2018-07-27 01:57:13'),
(540, 7, 65, 0, '2018-07-27 01:57:13', '2018-07-27 01:57:13'),
(541, 7, 66, 0, '2018-07-27 01:57:13', '2018-07-27 01:57:13'),
(542, 7, 67, 0, '2018-07-27 01:57:13', '2018-07-27 01:57:13'),
(543, 7, 68, 0, '2018-07-27 01:57:13', '2018-07-27 01:57:13'),
(544, 7, 69, 56.70102912367235, '2018-07-27 01:57:13', '2018-07-27 01:57:13'),
(545, 7, 70, 53.777346810356086, '2018-07-27 01:57:13', '2018-07-27 01:57:13'),
(546, 7, 71, 52.94204125028587, '2018-07-27 01:57:13', '2018-07-27 01:57:13'),
(547, 7, 72, 34.200859199237144, '2018-07-27 01:57:13', '2018-07-27 01:57:13'),
(548, 7, 73, 0, '2018-07-27 01:57:13', '2018-07-27 01:57:13'),
(549, 7, 74, 0, '2018-07-27 01:57:13', '2018-07-27 01:57:13'),
(550, 7, 75, 0, '2018-07-27 01:57:13', '2018-07-27 01:57:13'),
(551, 7, 76, 0, '2018-07-27 01:57:13', '2018-07-27 01:57:13'),
(552, 7, 77, 0, '2018-07-27 01:57:13', '2018-07-27 01:57:13'),
(553, 7, 78, 0, '2018-07-27 01:57:13', '2018-07-27 01:57:13'),
(554, 8, 0, 62.569052456214244, '2018-07-27 01:58:34', '2018-07-27 01:58:34'),
(555, 8, 1, 61.998699906426594, '2018-07-27 01:58:34', '2018-07-27 01:58:34'),
(556, 8, 2, 54.180412114134356, '2018-07-27 01:58:34', '2018-07-27 01:58:34'),
(557, 8, 3, 42.931559003848555, '2018-07-27 01:58:34', '2018-07-27 01:58:34'),
(558, 8, 4, 56.7768952097393, '2018-07-27 01:58:34', '2018-07-27 01:58:34'),
(559, 8, 5, 36.139505426856076, '2018-07-27 01:58:34', '2018-07-27 01:58:34'),
(560, 8, 6, 44.896279420251496, '2018-07-27 01:58:34', '2018-07-27 01:58:34'),
(561, 8, 7, 53.85522948005079, '2018-07-27 01:58:34', '2018-07-27 01:58:34'),
(562, 8, 8, 16.228287924226578, '2018-07-27 01:58:34', '2018-07-27 01:58:34'),
(563, 8, 9, 14.072554885913675, '2018-07-27 01:58:34', '2018-07-27 01:58:34'),
(564, 8, 10, 51.53449267101647, '2018-07-27 01:58:34', '2018-07-27 01:58:34'),
(565, 8, 11, 34.491928989268, '2018-07-27 01:58:34', '2018-07-27 01:58:34'),
(566, 8, 12, 24.099289944060505, '2018-07-27 01:58:34', '2018-07-27 01:58:34'),
(567, 8, 13, 0, '2018-07-27 01:58:34', '2018-07-27 01:58:34'),
(568, 8, 14, 44.4951143373929, '2018-07-27 01:58:34', '2018-07-27 01:58:34'),
(569, 8, 15, 61.13311358442561, '2018-07-27 01:58:34', '2018-07-27 01:58:34'),
(570, 8, 16, 56.269122288036165, '2018-07-27 01:58:34', '2018-07-27 01:58:34'),
(571, 8, 17, 40.6173696379786, '2018-07-27 01:58:34', '2018-07-27 01:58:34'),
(572, 8, 18, 52.45593603170724, '2018-07-27 01:58:34', '2018-07-27 01:58:34'),
(573, 8, 19, 32.565582268414914, '2018-07-27 01:58:34', '2018-07-27 01:58:34'),
(574, 8, 20, 0, '2018-07-27 01:58:34', '2018-07-27 01:58:34'),
(575, 8, 21, 0, '2018-07-27 01:58:34', '2018-07-27 01:58:34'),
(576, 8, 22, 0, '2018-07-27 01:58:34', '2018-07-27 01:58:34'),
(577, 8, 23, 50.34085792043337, '2018-07-27 01:58:34', '2018-07-27 01:58:34'),
(578, 8, 24, 21.108832328870506, '2018-07-27 01:58:34', '2018-07-27 01:58:34'),
(579, 8, 25, 57.063905860963416, '2018-07-27 01:58:34', '2018-07-27 01:58:34'),
(580, 8, 26, 3.2456575848453166, '2018-07-27 01:58:34', '2018-07-27 01:58:34'),
(581, 8, 27, 0, '2018-07-27 01:58:34', '2018-07-27 01:58:34'),
(582, 8, 28, 57.606472407008724, '2018-07-27 01:58:34', '2018-07-27 01:58:34'),
(583, 8, 29, 0, '2018-07-27 01:58:34', '2018-07-27 01:58:34'),
(584, 8, 30, 0, '2018-07-27 01:58:34', '2018-07-27 01:58:34'),
(585, 8, 31, 0, '2018-07-27 01:58:34', '2018-07-27 01:58:34'),
(586, 8, 32, 47.21917897881972, '2018-07-27 01:58:34', '2018-07-27 01:58:34'),
(587, 8, 33, 20.48085026999923, '2018-07-27 01:58:34', '2018-07-27 01:58:34'),
(588, 8, 34, 0, '2018-07-27 01:58:34', '2018-07-27 01:58:34'),
(589, 8, 35, 49.07188229806417, '2018-07-27 01:58:34', '2018-07-27 01:58:34'),
(590, 8, 36, 7.0362774429568375, '2018-07-27 01:58:34', '2018-07-27 01:58:34'),
(591, 8, 37, 42.10249941951737, '2018-07-27 01:58:34', '2018-07-27 01:58:34'),
(592, 8, 38, 12.982630339381267, '2018-07-27 01:58:34', '2018-07-27 01:58:34'),
(593, 8, 39, 34.13475044999871, '2018-07-27 01:58:34', '2018-07-27 01:58:34'),
(594, 8, 40, 27.307800359998975, '2018-07-27 01:58:34', '2018-07-27 01:58:34'),
(595, 8, 41, 0, '2018-07-27 01:58:34', '2018-07-27 01:58:34'),
(596, 8, 42, 16.228287924226578, '2018-07-27 01:58:34', '2018-07-27 01:58:34'),
(597, 8, 43, 0, '2018-07-27 01:58:34', '2018-07-27 01:58:34'),
(598, 8, 44, 34.7841181959775, '2018-07-27 01:58:34', '2018-07-27 01:58:34'),
(599, 8, 45, 0, '2018-07-27 01:58:34', '2018-07-27 01:58:34'),
(600, 8, 46, 0, '2018-07-27 01:58:34', '2018-07-27 01:58:34'),
(601, 8, 47, 0, '2018-07-27 01:58:34', '2018-07-27 01:58:34'),
(602, 8, 48, 0, '2018-07-27 01:58:34', '2018-07-27 01:58:34'),
(603, 8, 49, 0, '2018-07-27 01:58:34', '2018-07-27 01:58:34'),
(604, 8, 50, 0, '2018-07-27 01:58:34', '2018-07-27 01:58:34'),
(605, 8, 51, 41.56339021432662, '2018-07-27 01:58:34', '2018-07-27 01:58:34'),
(606, 8, 52, 0, '2018-07-27 01:58:34', '2018-07-27 01:58:34'),
(607, 8, 53, 0, '2018-07-27 01:58:34', '2018-07-27 01:58:34'),
(608, 8, 54, 0, '2018-07-27 01:58:34', '2018-07-27 01:58:34'),
(609, 8, 55, 0, '2018-07-27 01:58:34', '2018-07-27 01:58:34'),
(610, 8, 56, 0, '2018-07-27 01:58:34', '2018-07-27 01:58:34'),
(611, 8, 57, 32.565582268414914, '2018-07-27 01:58:34', '2018-07-27 01:58:34'),
(612, 8, 58, 0, '2018-07-27 01:58:34', '2018-07-27 01:58:34'),
(613, 8, 59, 0, '2018-07-27 01:58:34', '2018-07-27 01:58:34'),
(614, 8, 60, 0, '2018-07-27 01:58:34', '2018-07-27 01:58:34'),
(615, 8, 61, 0, '2018-07-27 01:58:34', '2018-07-27 01:58:34'),
(616, 8, 62, 0, '2018-07-27 01:58:34', '2018-07-27 01:58:34'),
(617, 8, 63, 0, '2018-07-27 01:58:34', '2018-07-27 01:58:34'),
(618, 8, 64, 0, '2018-07-27 01:58:34', '2018-07-27 01:58:34'),
(619, 8, 65, 0, '2018-07-27 01:58:34', '2018-07-27 01:58:34'),
(620, 8, 66, 0, '2018-07-27 01:58:34', '2018-07-27 01:58:34'),
(621, 8, 67, 0, '2018-07-27 01:58:34', '2018-07-27 01:58:34'),
(622, 8, 68, 0, '2018-07-27 01:58:34', '2018-07-27 01:58:34'),
(623, 8, 69, 55.293829521407545, '2018-07-27 01:58:34', '2018-07-27 01:58:34'),
(624, 8, 70, 34.13475044999871, '2018-07-27 01:58:34', '2018-07-27 01:58:34'),
(625, 8, 71, 48.53150974720513, '2018-07-27 01:58:34', '2018-07-27 01:58:34'),
(626, 8, 72, 30.755459245813423, '2018-07-27 01:58:34', '2018-07-27 01:58:34'),
(627, 8, 73, 0, '2018-07-27 01:58:34', '2018-07-27 01:58:34'),
(628, 8, 74, 0, '2018-07-27 01:58:34', '2018-07-27 01:58:34'),
(629, 8, 75, 0, '2018-07-27 01:58:34', '2018-07-27 01:58:34'),
(630, 8, 76, 0, '2018-07-27 01:58:34', '2018-07-27 01:58:34'),
(631, 8, 77, 0, '2018-07-27 01:58:34', '2018-07-27 01:58:34'),
(632, 8, 78, 0, '2018-07-27 01:58:34', '2018-07-27 01:58:34'),
(633, 9, 0, 62.8375659908948, '2018-07-27 01:58:55', '2018-07-27 01:58:55'),
(634, 9, 1, 61.04973195998815, '2018-07-27 01:58:55', '2018-07-27 01:58:55'),
(635, 9, 2, 55.91719620467722, '2018-07-27 01:58:55', '2018-07-27 01:58:55'),
(636, 9, 3, 39.715072272865505, '2018-07-27 01:58:55', '2018-07-27 01:58:55'),
(637, 9, 4, 60.02568863512689, '2018-07-27 01:58:55', '2018-07-27 01:58:55'),
(638, 9, 5, 36.42071326883637, '2018-07-27 01:58:55', '2018-07-27 01:58:55'),
(639, 9, 6, 40.46631310850752, '2018-07-27 01:58:55', '2018-07-27 01:58:55'),
(640, 9, 7, 54.71532815498182, '2018-07-27 01:58:55', '2018-07-27 01:58:55'),
(641, 9, 8, 30.093986196812295, '2018-07-27 01:58:55', '2018-07-27 01:58:55'),
(642, 9, 9, 14.894751577417313, '2018-07-27 01:58:55', '2018-07-27 01:58:55'),
(643, 9, 10, 55.64369785036034, '2018-07-27 01:58:55', '2018-07-27 01:58:55'),
(644, 9, 11, 53.77336361792795, '2018-07-27 01:58:55', '2018-07-27 01:58:55'),
(645, 9, 12, 37.7443593508874, '2018-07-27 01:58:55', '2018-07-27 01:58:55'),
(646, 9, 13, 0, '2018-07-27 01:58:55', '2018-07-27 01:58:55'),
(647, 9, 14, 24.79924375600942, '2018-07-27 01:58:55', '2018-07-27 01:58:55'),
(648, 9, 15, 49.35562361814902, '2018-07-27 01:58:55', '2018-07-27 01:58:55'),
(649, 9, 16, 57.20300872055375, '2018-07-27 01:58:55', '2018-07-27 01:58:55'),
(650, 9, 17, 48.43576590048207, '2018-07-27 01:58:55', '2018-07-27 01:58:55'),
(651, 9, 18, 59.49633361561295, '2018-07-27 01:58:55', '2018-07-27 01:58:55'),
(652, 9, 19, 33.453378050261044, '2018-07-27 01:58:55', '2018-07-27 01:58:55'),
(653, 9, 20, 0, '2018-07-27 01:58:55', '2018-07-27 01:58:55'),
(654, 9, 21, 0, '2018-07-27 01:58:55', '2018-07-27 01:58:55'),
(655, 9, 22, 0, '2018-07-27 01:58:55', '2018-07-27 01:58:55'),
(656, 9, 23, 59.59999156937625, '2018-07-27 01:58:55', '2018-07-27 01:58:55'),
(657, 9, 24, 22.342127366125965, '2018-07-27 01:58:55', '2018-07-27 01:58:55'),
(658, 9, 25, 57.925428159592336, '2018-07-27 01:58:55', '2018-07-27 01:58:55'),
(659, 9, 26, 6.018797239362459, '2018-07-27 01:58:55', '2018-07-27 01:58:55'),
(660, 9, 27, 0, '2018-07-27 01:58:55', '2018-07-27 01:58:55'),
(661, 9, 28, 58.21189377608868, '2018-07-27 01:58:55', '2018-07-27 01:58:55'),
(662, 9, 29, 0, '2018-07-27 01:58:55', '2018-07-27 01:58:55'),
(663, 9, 30, 0, '2018-07-27 01:58:55', '2018-07-27 01:58:55'),
(664, 9, 31, 0, '2018-07-27 01:58:55', '2018-07-27 01:58:55'),
(665, 9, 32, 51.86205467397919, '2018-07-27 01:58:55', '2018-07-27 01:58:55'),
(666, 9, 33, 26.7703885844265, '2018-07-27 01:58:55', '2018-07-27 01:58:55'),
(667, 9, 34, 0, '2018-07-27 01:58:55', '2018-07-27 01:58:55'),
(668, 9, 35, 51.115977113066755, '2018-07-27 01:58:55', '2018-07-27 01:58:55'),
(669, 9, 36, 7.447375788708657, '2018-07-27 01:58:55', '2018-07-27 01:58:55'),
(670, 9, 37, 56.169261822373684, '2018-07-27 01:58:55', '2018-07-27 01:58:55'),
(671, 9, 38, 24.075188957449836, '2018-07-27 01:58:55', '2018-07-27 01:58:55'),
(672, 9, 39, 44.617314307377534, '2018-07-27 01:58:55', '2018-07-27 01:58:55'),
(673, 9, 40, 35.69385144590201, '2018-07-27 01:58:55', '2018-07-27 01:58:55'),
(674, 9, 41, 0, '2018-07-27 01:58:55', '2018-07-27 01:58:55'),
(675, 9, 42, 30.093986196812295, '2018-07-27 01:58:55', '2018-07-27 01:58:55'),
(676, 9, 43, 0, '2018-07-27 01:58:55', '2018-07-27 01:58:55'),
(677, 9, 44, 25.75178161920558, '2018-07-27 01:58:55', '2018-07-27 01:58:55'),
(678, 9, 45, 0, '2018-07-27 01:58:55', '2018-07-27 01:58:55'),
(679, 9, 46, 0, '2018-07-27 01:58:55', '2018-07-27 01:58:55'),
(680, 9, 47, 0, '2018-07-27 01:58:55', '2018-07-27 01:58:55'),
(681, 9, 48, 0, '2018-07-27 01:58:55', '2018-07-27 01:58:55'),
(682, 9, 49, 0, '2018-07-27 01:58:55', '2018-07-27 01:58:55'),
(683, 9, 50, 0, '2018-07-27 01:58:55', '2018-07-27 01:58:55'),
(684, 9, 51, 25.60104747092592, '2018-07-27 01:58:55', '2018-07-27 01:58:55'),
(685, 9, 52, 0, '2018-07-27 01:58:55', '2018-07-27 01:58:55'),
(686, 9, 53, 0, '2018-07-27 01:58:55', '2018-07-27 01:58:55'),
(687, 9, 54, 0, '2018-07-27 01:58:55', '2018-07-27 01:58:55'),
(688, 9, 55, 0, '2018-07-27 01:58:55', '2018-07-27 01:58:55'),
(689, 9, 56, 0, '2018-07-27 01:58:55', '2018-07-27 01:58:55'),
(690, 9, 57, 33.453378050261044, '2018-07-27 01:58:55', '2018-07-27 01:58:55'),
(691, 9, 58, 0, '2018-07-27 01:58:55', '2018-07-27 01:58:55'),
(692, 9, 59, 0, '2018-07-27 01:58:55', '2018-07-27 01:58:55'),
(693, 9, 60, 0, '2018-07-27 01:58:55', '2018-07-27 01:58:55'),
(694, 9, 61, 0, '2018-07-27 01:58:55', '2018-07-27 01:58:55'),
(695, 9, 62, 0, '2018-07-27 01:58:55', '2018-07-27 01:58:55'),
(696, 9, 63, 0, '2018-07-27 01:58:55', '2018-07-27 01:58:55'),
(697, 9, 64, 0, '2018-07-27 01:58:55', '2018-07-27 01:58:55'),
(698, 9, 65, 0, '2018-07-27 01:58:55', '2018-07-27 01:58:55'),
(699, 9, 66, 0, '2018-07-27 01:58:55', '2018-07-27 01:58:55'),
(700, 9, 67, 0, '2018-07-27 01:58:55', '2018-07-27 01:58:55'),
(701, 9, 68, 0, '2018-07-27 01:58:55', '2018-07-27 01:58:55'),
(702, 9, 69, 41.52567777287255, '2018-07-27 01:58:55', '2018-07-27 01:58:55'),
(703, 9, 70, 44.617314307377534, '2018-07-27 01:58:55', '2018-07-27 01:58:55'),
(704, 9, 71, 44.88088701114379, '2018-07-27 01:58:55', '2018-07-27 01:58:55'),
(705, 9, 72, 46.94425199006099, '2018-07-27 01:58:55', '2018-07-27 01:58:55'),
(706, 9, 73, 0, '2018-07-27 01:58:55', '2018-07-27 01:58:55'),
(707, 9, 74, 0, '2018-07-27 01:58:55', '2018-07-27 01:58:55'),
(708, 9, 75, 0, '2018-07-27 01:58:55', '2018-07-27 01:58:55'),
(709, 9, 76, 0, '2018-07-27 01:58:55', '2018-07-27 01:58:55'),
(710, 9, 77, 0, '2018-07-27 01:58:55', '2018-07-27 01:58:55'),
(711, 9, 78, 0, '2018-07-27 01:58:55', '2018-07-27 01:58:55'),
(712, 10, 0, 62.521603469931996, '2018-07-27 01:59:31', '2018-07-27 01:59:31'),
(713, 10, 1, 59.64963046333456, '2018-07-27 01:59:31', '2018-07-27 01:59:31'),
(714, 10, 2, 55.238040101078006, '2018-07-27 01:59:31', '2018-07-27 01:59:31'),
(715, 10, 3, 44.086560797034316, '2018-07-27 01:59:31', '2018-07-27 01:59:31'),
(716, 10, 4, 57.39315752718209, '2018-07-27 01:59:31', '2018-07-27 01:59:31'),
(717, 10, 5, 47.567419661735144, '2018-07-27 01:59:31', '2018-07-27 01:59:31'),
(718, 10, 6, 43.78027056525418, '2018-07-27 01:59:31', '2018-07-27 01:59:31'),
(719, 10, 7, 51.67316299591573, '2018-07-27 01:59:31', '2018-07-27 01:59:31'),
(720, 10, 8, 50.50933918910274, '2018-07-27 01:59:31', '2018-07-27 01:59:31'),
(721, 10, 9, 10.404965321569145, '2018-07-27 01:59:31', '2018-07-27 01:59:31');
INSERT INTO `pengujian_details` (`id`, `pengujian_id`, `wisata_id`, `hasil`, `created_at`, `updated_at`) VALUES
(722, 10, 10, 50.855343972175426, '2018-07-27 01:59:31', '2018-07-27 01:59:31'),
(723, 10, 11, 52.919608750951376, '2018-07-27 01:59:31', '2018-07-27 01:59:31'),
(724, 10, 12, 48.81817657879515, '2018-07-27 01:59:31', '2018-07-27 01:59:31'),
(725, 10, 13, 0, '2018-07-27 01:59:31', '2018-07-27 01:59:31'),
(726, 10, 14, 50.668202101980945, '2018-07-27 01:59:31', '2018-07-27 01:59:31'),
(727, 10, 15, 58.92247872765345, '2018-07-27 01:59:31', '2018-07-27 01:59:31'),
(728, 10, 16, 56.70415659260004, '2018-07-27 01:59:31', '2018-07-27 01:59:31'),
(729, 10, 17, 39.7804648771802, '2018-07-27 01:59:31', '2018-07-27 01:59:31'),
(730, 10, 18, 57.27636410433719, '2018-07-27 01:59:31', '2018-07-27 01:59:31'),
(731, 10, 19, 49.63289559168871, '2018-07-27 01:59:31', '2018-07-27 01:59:31'),
(732, 10, 20, 0, '2018-07-27 01:59:31', '2018-07-27 01:59:31'),
(733, 10, 21, 0, '2018-07-27 01:59:31', '2018-07-27 01:59:31'),
(734, 10, 22, 0, '2018-07-27 01:59:31', '2018-07-27 01:59:31'),
(735, 10, 23, 60.639910540889176, '2018-07-27 01:59:31', '2018-07-27 01:59:31'),
(736, 10, 24, 15.60744798235371, '2018-07-27 01:59:31', '2018-07-27 01:59:31'),
(737, 10, 25, 56.27740874016613, '2018-07-27 01:59:31', '2018-07-27 01:59:31'),
(738, 10, 26, 10.101867837820544, '2018-07-27 01:59:31', '2018-07-27 01:59:31'),
(739, 10, 27, 0, '2018-07-27 01:59:31', '2018-07-27 01:59:31'),
(740, 10, 28, 54.836613008434064, '2018-07-27 01:59:31', '2018-07-27 01:59:31'),
(741, 10, 29, 0, '2018-07-27 01:59:31', '2018-07-27 01:59:31'),
(742, 10, 30, 0, '2018-07-27 01:59:31', '2018-07-27 01:59:31'),
(743, 10, 31, 0, '2018-07-27 01:59:31', '2018-07-27 01:59:31'),
(744, 10, 32, 46.6603441652349, '2018-07-27 01:59:31', '2018-07-27 01:59:31'),
(745, 10, 33, 31.951255919363355, '2018-07-27 01:59:31', '2018-07-27 01:59:31'),
(746, 10, 34, 0, '2018-07-27 01:59:31', '2018-07-27 01:59:31'),
(747, 10, 35, 48.43671401124413, '2018-07-27 01:59:31', '2018-07-27 01:59:31'),
(748, 10, 36, 5.202482660784573, '2018-07-27 01:59:31', '2018-07-27 01:59:31'),
(749, 10, 37, 54.473479648500955, '2018-07-27 01:59:31', '2018-07-27 01:59:31'),
(750, 10, 38, 40.407471351282176, '2018-07-27 01:59:31', '2018-07-27 01:59:31'),
(751, 10, 39, 53.252093198938915, '2018-07-27 01:59:31', '2018-07-27 01:59:31'),
(752, 10, 40, 42.601674559151114, '2018-07-27 01:59:31', '2018-07-27 01:59:31'),
(753, 10, 41, 0, '2018-07-27 01:59:31', '2018-07-27 01:59:31'),
(754, 10, 42, 50.50933918910274, '2018-07-27 01:59:31', '2018-07-27 01:59:31'),
(755, 10, 43, 0, '2018-07-27 01:59:31', '2018-07-27 01:59:31'),
(756, 10, 44, 20.67722519443505, '2018-07-27 01:59:31', '2018-07-27 01:59:31'),
(757, 10, 45, 0, '2018-07-27 01:59:31', '2018-07-27 01:59:31'),
(758, 10, 46, 0, '2018-07-27 01:59:31', '2018-07-27 01:59:31'),
(759, 10, 47, 0, '2018-07-27 01:59:31', '2018-07-27 01:59:31'),
(760, 10, 48, 0, '2018-07-27 01:59:31', '2018-07-27 01:59:31'),
(761, 10, 49, 0, '2018-07-27 01:59:31', '2018-07-27 01:59:31'),
(762, 10, 50, 0, '2018-07-27 01:59:31', '2018-07-27 01:59:31'),
(763, 10, 51, 51.47870994291242, '2018-07-27 01:59:31', '2018-07-27 01:59:31'),
(764, 10, 52, 0, '2018-07-27 01:59:31', '2018-07-27 01:59:31'),
(765, 10, 53, 0, '2018-07-27 01:59:31', '2018-07-27 01:59:31'),
(766, 10, 54, 0, '2018-07-27 01:59:31', '2018-07-27 01:59:31'),
(767, 10, 55, 0, '2018-07-27 01:59:31', '2018-07-27 01:59:31'),
(768, 10, 56, 0, '2018-07-27 01:59:31', '2018-07-27 01:59:31'),
(769, 10, 57, 49.63289559168871, '2018-07-27 01:59:31', '2018-07-27 01:59:31'),
(770, 10, 58, 0, '2018-07-27 01:59:31', '2018-07-27 01:59:31'),
(771, 10, 59, 0, '2018-07-27 01:59:31', '2018-07-27 01:59:31'),
(772, 10, 60, 0, '2018-07-27 01:59:31', '2018-07-27 01:59:31'),
(773, 10, 61, 0, '2018-07-27 01:59:31', '2018-07-27 01:59:31'),
(774, 10, 62, 0, '2018-07-27 01:59:31', '2018-07-27 01:59:31'),
(775, 10, 63, 0, '2018-07-27 01:59:31', '2018-07-27 01:59:31'),
(776, 10, 64, 0, '2018-07-27 01:59:31', '2018-07-27 01:59:31'),
(777, 10, 65, 0, '2018-07-27 01:59:31', '2018-07-27 01:59:31'),
(778, 10, 66, 0, '2018-07-27 01:59:31', '2018-07-27 01:59:31'),
(779, 10, 67, 0, '2018-07-27 01:59:31', '2018-07-27 01:59:31'),
(780, 10, 68, 0, '2018-07-27 01:59:31', '2018-07-27 01:59:31'),
(781, 10, 69, 53.4942727665366, '2018-07-27 01:59:31', '2018-07-27 01:59:31'),
(782, 10, 70, 53.252093198938915, '2018-07-27 01:59:31', '2018-07-27 01:59:31'),
(783, 10, 71, 50.458390682581886, '2018-07-27 01:59:31', '2018-07-27 01:59:31'),
(784, 10, 72, 49.08931380515862, '2018-07-27 01:59:31', '2018-07-27 01:59:31'),
(785, 10, 73, 0, '2018-07-27 01:59:31', '2018-07-27 01:59:31'),
(786, 10, 74, 0, '2018-07-27 01:59:31', '2018-07-27 01:59:31'),
(787, 10, 75, 0, '2018-07-27 01:59:31', '2018-07-27 01:59:31'),
(788, 10, 76, 0, '2018-07-27 01:59:31', '2018-07-27 01:59:31'),
(789, 10, 77, 0, '2018-07-27 01:59:31', '2018-07-27 01:59:31'),
(790, 10, 78, 0, '2018-07-27 01:59:31', '2018-07-27 01:59:31'),
(791, 11, 0, 61.033780665424835, '2018-07-27 02:00:31', '2018-07-27 02:00:31'),
(792, 11, 1, 60.908701193208096, '2018-07-27 02:00:31', '2018-07-27 02:00:31'),
(793, 11, 2, 53.389894943546, '2018-07-27 02:00:31', '2018-07-27 02:00:31'),
(794, 11, 3, 26.587841198690523, '2018-07-27 02:00:31', '2018-07-27 02:00:31'),
(795, 11, 4, 55.96824035426231, '2018-07-27 02:00:31', '2018-07-27 02:00:31'),
(796, 11, 5, 7.680733637075664, '2018-07-27 02:00:31', '2018-07-27 02:00:31'),
(797, 11, 6, 36.26442871516096, '2018-07-27 02:00:31', '2018-07-27 02:00:31'),
(798, 11, 7, 52.16721045528711, '2018-07-27 02:00:31', '2018-07-27 02:00:31'),
(799, 11, 8, 4.926512443819674, '2018-07-27 02:00:31', '2018-07-27 02:00:31'),
(800, 11, 9, 0.6917125929055593, '2018-07-27 02:00:31', '2018-07-27 02:00:31'),
(801, 11, 10, 52.449615841737256, '2018-07-27 02:00:31', '2018-07-27 02:00:31'),
(802, 11, 11, 48.940462599238394, '2018-07-27 02:00:31', '2018-07-27 02:00:31'),
(803, 11, 12, 34.8109485870116, '2018-07-27 02:00:31', '2018-07-27 02:00:31'),
(804, 11, 13, 0, '2018-07-27 02:00:31', '2018-07-27 02:00:31'),
(805, 11, 14, 0.6853196467454936, '2018-07-27 02:00:31', '2018-07-27 02:00:31'),
(806, 11, 15, 49.08615057632552, '2018-07-27 02:00:31', '2018-07-27 02:00:31'),
(807, 11, 16, 54.44714819979378, '2018-07-27 02:00:31', '2018-07-27 02:00:31'),
(808, 11, 17, 28.099665676233794, '2018-07-27 02:00:31', '2018-07-27 02:00:31'),
(809, 11, 18, 49.68951024152823, '2018-07-27 02:00:31', '2018-07-27 02:00:31'),
(810, 11, 19, 39.440836161405116, '2018-07-27 02:00:31', '2018-07-27 02:00:31'),
(811, 11, 20, 0, '2018-07-27 02:00:31', '2018-07-27 02:00:31'),
(812, 11, 21, 0, '2018-07-27 02:00:31', '2018-07-27 02:00:31'),
(813, 11, 22, 0, '2018-07-27 02:00:31', '2018-07-27 02:00:31'),
(814, 11, 23, 54.74857188086181, '2018-07-27 02:00:31', '2018-07-27 02:00:31'),
(815, 11, 24, 1.037568889358334, '2018-07-27 02:00:31', '2018-07-27 02:00:31'),
(816, 11, 25, 57.23139473152398, '2018-07-27 02:00:31', '2018-07-27 02:00:31'),
(817, 11, 26, 0.9853024887639312, '2018-07-27 02:00:31', '2018-07-27 02:00:31'),
(818, 11, 27, 0, '2018-07-27 02:00:31', '2018-07-27 02:00:31'),
(819, 11, 28, 56.782489174843676, '2018-07-27 02:00:31', '2018-07-27 02:00:31'),
(820, 11, 29, 0, '2018-07-27 02:00:31', '2018-07-27 02:00:31'),
(821, 11, 30, 0, '2018-07-27 02:00:31', '2018-07-27 02:00:31'),
(822, 11, 31, 0, '2018-07-27 02:00:31', '2018-07-27 02:00:31'),
(823, 11, 32, 34.645508994283354, '2018-07-27 02:00:31', '2018-07-27 02:00:31'),
(824, 11, 33, 24.32083327360282, '2018-07-27 02:00:31', '2018-07-27 02:00:31'),
(825, 11, 34, 0, '2018-07-27 02:00:31', '2018-07-27 02:00:31'),
(826, 11, 35, 46.18952978690215, '2018-07-27 02:00:31', '2018-07-27 02:00:31'),
(827, 11, 36, 0.34585629645277965, '2018-07-27 02:00:31', '2018-07-27 02:00:31'),
(828, 11, 37, 51.16784246571393, '2018-07-27 02:00:31', '2018-07-27 02:00:31'),
(829, 11, 38, 3.941209955055725, '2018-07-27 02:00:31', '2018-07-27 02:00:31'),
(830, 11, 39, 40.53472212267137, '2018-07-27 02:00:31', '2018-07-27 02:00:31'),
(831, 11, 40, 32.427777698137106, '2018-07-27 02:00:31', '2018-07-27 02:00:31'),
(832, 11, 41, 0, '2018-07-27 02:00:31', '2018-07-27 02:00:31'),
(833, 11, 42, 4.926512443819674, '2018-07-27 02:00:31', '2018-07-27 02:00:31'),
(834, 11, 43, 0, '2018-07-27 02:00:31', '2018-07-27 02:00:31'),
(835, 11, 44, 29.927790684469272, '2018-07-27 02:00:31', '2018-07-27 02:00:31'),
(836, 11, 45, 0, '2018-07-27 02:00:31', '2018-07-27 02:00:31'),
(837, 11, 46, 0, '2018-07-27 02:00:31', '2018-07-27 02:00:31'),
(838, 11, 47, 0, '2018-07-27 02:00:31', '2018-07-27 02:00:31'),
(839, 11, 48, 0, '2018-07-27 02:00:31', '2018-07-27 02:00:31'),
(840, 11, 49, 0, '2018-07-27 02:00:31', '2018-07-27 02:00:31'),
(841, 11, 50, 0, '2018-07-27 02:00:31', '2018-07-27 02:00:31'),
(842, 11, 51, 18.206954957331575, '2018-07-27 02:00:31', '2018-07-27 02:00:31'),
(843, 11, 52, 0, '2018-07-27 02:00:31', '2018-07-27 02:00:31'),
(844, 11, 53, 0, '2018-07-27 02:00:31', '2018-07-27 02:00:31'),
(845, 11, 54, 0, '2018-07-27 02:00:31', '2018-07-27 02:00:31'),
(846, 11, 55, 0, '2018-07-27 02:00:31', '2018-07-27 02:00:31'),
(847, 11, 56, 0, '2018-07-27 02:00:31', '2018-07-27 02:00:31'),
(848, 11, 57, 39.440836161405116, '2018-07-27 02:00:31', '2018-07-27 02:00:31'),
(849, 11, 58, 0, '2018-07-27 02:00:31', '2018-07-27 02:00:31'),
(850, 11, 59, 0, '2018-07-27 02:00:31', '2018-07-27 02:00:31'),
(851, 11, 60, 0, '2018-07-27 02:00:31', '2018-07-27 02:00:31'),
(852, 11, 61, 0, '2018-07-27 02:00:31', '2018-07-27 02:00:31'),
(853, 11, 62, 0, '2018-07-27 02:00:31', '2018-07-27 02:00:31'),
(854, 11, 63, 0, '2018-07-27 02:00:31', '2018-07-27 02:00:31'),
(855, 11, 64, 0, '2018-07-27 02:00:31', '2018-07-27 02:00:31'),
(856, 11, 65, 0, '2018-07-27 02:00:31', '2018-07-27 02:00:31'),
(857, 11, 66, 0, '2018-07-27 02:00:31', '2018-07-27 02:00:31'),
(858, 11, 67, 0, '2018-07-27 02:00:31', '2018-07-27 02:00:31'),
(859, 11, 68, 0, '2018-07-27 02:00:31', '2018-07-27 02:00:31'),
(860, 11, 69, 44.44863422946519, '2018-07-27 02:00:31', '2018-07-27 02:00:31'),
(861, 11, 70, 40.53472212267137, '2018-07-27 02:00:31', '2018-07-27 02:00:31'),
(862, 11, 71, 38.25483535160447, '2018-07-27 02:00:31', '2018-07-27 02:00:31'),
(863, 11, 72, 41.67860732286635, '2018-07-27 02:00:31', '2018-07-27 02:00:31'),
(864, 11, 73, 0, '2018-07-27 02:00:31', '2018-07-27 02:00:31'),
(865, 11, 74, 0, '2018-07-27 02:00:31', '2018-07-27 02:00:31'),
(866, 11, 75, 0, '2018-07-27 02:00:31', '2018-07-27 02:00:31'),
(867, 11, 76, 0, '2018-07-27 02:00:31', '2018-07-27 02:00:31'),
(868, 11, 77, 0, '2018-07-27 02:00:31', '2018-07-27 02:00:31'),
(869, 11, 78, 0, '2018-07-27 02:00:31', '2018-07-27 02:00:31'),
(870, 12, 0, 64.08284546115837, '2018-07-27 02:01:04', '2018-07-27 02:01:04'),
(871, 12, 1, 64.26676662006287, '2018-07-27 02:01:04', '2018-07-27 02:01:04'),
(872, 12, 2, 55.84348631205171, '2018-07-27 02:01:04', '2018-07-27 02:01:04'),
(873, 12, 3, 42.76288978117708, '2018-07-27 02:01:04', '2018-07-27 02:01:04'),
(874, 12, 4, 58.194491585759714, '2018-07-27 02:01:04', '2018-07-27 02:01:04'),
(875, 12, 5, 56.433035544638386, '2018-07-27 02:01:04', '2018-07-27 02:01:04'),
(876, 12, 6, 56.60019373992459, '2018-07-27 02:01:04', '2018-07-27 02:01:04'),
(877, 12, 7, 62.45106974560325, '2018-07-27 02:01:04', '2018-07-27 02:01:04'),
(878, 12, 8, 55.49002172727453, '2018-07-27 02:01:04', '2018-07-27 02:01:04'),
(879, 12, 9, -7.704940410272215, '2018-07-27 02:01:04', '2018-07-27 02:01:04'),
(880, 12, 10, 57.94192731441483, '2018-07-27 02:01:04', '2018-07-27 02:01:04'),
(881, 12, 11, 54.12981584583746, '2018-07-27 02:01:04', '2018-07-27 02:01:04'),
(882, 12, 12, 59.50759247172923, '2018-07-27 02:01:04', '2018-07-27 02:01:04'),
(883, 12, 13, 0, '2018-07-27 02:01:04', '2018-07-27 02:01:04'),
(884, 12, 14, 67.77384839270016, '2018-07-27 02:01:04', '2018-07-27 02:01:04'),
(885, 12, 15, 65.55714659145995, '2018-07-27 02:01:04', '2018-07-27 02:01:04'),
(886, 12, 16, 59.00491213231898, '2018-07-27 02:01:04', '2018-07-27 02:01:04'),
(887, 12, 17, 44.49073244034008, '2018-07-27 02:01:04', '2018-07-27 02:01:04'),
(888, 12, 18, 59.232464941648516, '2018-07-27 02:01:04', '2018-07-27 02:01:04'),
(889, 12, 19, 62.54115878061535, '2018-07-27 02:01:04', '2018-07-27 02:01:04'),
(890, 12, 20, 0, '2018-07-27 02:01:04', '2018-07-27 02:01:04'),
(891, 12, 21, 0, '2018-07-27 02:01:04', '2018-07-27 02:01:04'),
(892, 12, 22, 0, '2018-07-27 02:01:04', '2018-07-27 02:01:04'),
(893, 12, 23, 62.7839504461808, '2018-07-27 02:01:04', '2018-07-27 02:01:04'),
(894, 12, 24, -11.557410615408322, '2018-07-27 02:01:04', '2018-07-27 02:01:04'),
(895, 12, 25, 62.888984298202644, '2018-07-27 02:01:04', '2018-07-27 02:01:04'),
(896, 12, 26, 11.098004345454907, '2018-07-27 02:01:04', '2018-07-27 02:01:04'),
(897, 12, 27, 0, '2018-07-27 02:01:04', '2018-07-27 02:01:04'),
(898, 12, 28, 60.34087323953466, '2018-07-27 02:01:04', '2018-07-27 02:01:04'),
(899, 12, 29, 0, '2018-07-27 02:01:04', '2018-07-27 02:01:04'),
(900, 12, 30, 0, '2018-07-27 02:01:04', '2018-07-27 02:01:04'),
(901, 12, 31, 0, '2018-07-27 02:01:04', '2018-07-27 02:01:04'),
(902, 12, 32, 57.1550788474818, '2018-07-27 02:01:04', '2018-07-27 02:01:04'),
(903, 12, 33, 34.26380738437601, '2018-07-27 02:01:04', '2018-07-27 02:01:04'),
(904, 12, 34, 0, '2018-07-27 02:01:04', '2018-07-27 02:01:04'),
(905, 12, 35, 56.835488721373515, '2018-07-27 02:01:04', '2018-07-27 02:01:04'),
(906, 12, 36, -3.8524702051361075, '2018-07-27 02:01:04', '2018-07-27 02:01:04'),
(907, 12, 37, 58.68461600677159, '2018-07-27 02:01:04', '2018-07-27 02:01:04'),
(908, 12, 38, 44.39201738181963, '2018-07-27 02:01:04', '2018-07-27 02:01:04'),
(909, 12, 39, 57.106345640626685, '2018-07-27 02:01:04', '2018-07-27 02:01:04'),
(910, 12, 40, 45.68507651250133, '2018-07-27 02:01:04', '2018-07-27 02:01:04'),
(911, 12, 41, 0, '2018-07-27 02:01:04', '2018-07-27 02:01:04'),
(912, 12, 42, 55.49002172727453, '2018-07-27 02:01:04', '2018-07-27 02:01:04'),
(913, 12, 43, 0, '2018-07-27 02:01:04', '2018-07-27 02:01:04'),
(914, 12, 44, 38.768750720027356, '2018-07-27 02:01:04', '2018-07-27 02:01:04'),
(915, 12, 45, 0, '2018-07-27 02:01:04', '2018-07-27 02:01:04'),
(916, 12, 46, 0, '2018-07-27 02:01:04', '2018-07-27 02:01:04'),
(917, 12, 47, 0, '2018-07-27 02:01:04', '2018-07-27 02:01:04'),
(918, 12, 48, 0, '2018-07-27 02:01:04', '2018-07-27 02:01:04'),
(919, 12, 49, 0, '2018-07-27 02:01:04', '2018-07-27 02:01:04'),
(920, 12, 50, 0, '2018-07-27 02:01:04', '2018-07-27 02:01:04'),
(921, 12, 51, 43.407293993216165, '2018-07-27 02:01:04', '2018-07-27 02:01:04'),
(922, 12, 52, 0, '2018-07-27 02:01:04', '2018-07-27 02:01:04'),
(923, 12, 53, 0, '2018-07-27 02:01:04', '2018-07-27 02:01:04'),
(924, 12, 54, 0, '2018-07-27 02:01:04', '2018-07-27 02:01:04'),
(925, 12, 55, 0, '2018-07-27 02:01:04', '2018-07-27 02:01:04'),
(926, 12, 56, 0, '2018-07-27 02:01:04', '2018-07-27 02:01:04'),
(927, 12, 57, 62.54115878061535, '2018-07-27 02:01:04', '2018-07-27 02:01:04'),
(928, 12, 58, 0, '2018-07-27 02:01:04', '2018-07-27 02:01:04'),
(929, 12, 59, 0, '2018-07-27 02:01:04', '2018-07-27 02:01:04'),
(930, 12, 60, 0, '2018-07-27 02:01:04', '2018-07-27 02:01:04'),
(931, 12, 61, 0, '2018-07-27 02:01:04', '2018-07-27 02:01:04'),
(932, 12, 62, 0, '2018-07-27 02:01:04', '2018-07-27 02:01:04'),
(933, 12, 63, 0, '2018-07-27 02:01:04', '2018-07-27 02:01:04'),
(934, 12, 64, 0, '2018-07-27 02:01:04', '2018-07-27 02:01:04'),
(935, 12, 65, 0, '2018-07-27 02:01:04', '2018-07-27 02:01:04'),
(936, 12, 66, 0, '2018-07-27 02:01:04', '2018-07-27 02:01:04'),
(937, 12, 67, 0, '2018-07-27 02:01:04', '2018-07-27 02:01:04'),
(938, 12, 68, 0, '2018-07-27 02:01:04', '2018-07-27 02:01:04'),
(939, 12, 69, 58.91472893083727, '2018-07-27 02:01:04', '2018-07-27 02:01:04'),
(940, 12, 70, 57.106345640626685, '2018-07-27 02:01:04', '2018-07-27 02:01:04'),
(941, 12, 71, 50.72401952157562, '2018-07-27 02:01:04', '2018-07-27 02:01:04'),
(942, 12, 72, 58.015772804684, '2018-07-27 02:01:04', '2018-07-27 02:01:04'),
(943, 12, 73, 0, '2018-07-27 02:01:04', '2018-07-27 02:01:04'),
(944, 12, 74, 0, '2018-07-27 02:01:04', '2018-07-27 02:01:04'),
(945, 12, 75, 0, '2018-07-27 02:01:04', '2018-07-27 02:01:04'),
(946, 12, 76, 0, '2018-07-27 02:01:04', '2018-07-27 02:01:04'),
(947, 12, 77, 0, '2018-07-27 02:01:04', '2018-07-27 02:01:04'),
(948, 12, 78, 0, '2018-07-27 02:01:04', '2018-07-27 02:01:04'),
(949, 13, 0, 63.554900317696884, '2018-07-27 02:03:18', '2018-07-27 02:03:18'),
(950, 13, 1, 62.34902080356594, '2018-07-27 02:03:18', '2018-07-27 02:03:18'),
(951, 13, 2, 54.929227029331756, '2018-07-27 02:03:18', '2018-07-27 02:03:18'),
(952, 13, 3, 41.14965900065553, '2018-07-27 02:03:18', '2018-07-27 02:03:18'),
(953, 13, 4, 57.73569225213176, '2018-07-27 02:03:18', '2018-07-27 02:03:18'),
(954, 13, 5, 51.9753067872041, '2018-07-27 02:03:18', '2018-07-27 02:03:18'),
(955, 13, 6, 44.46784657486772, '2018-07-27 02:03:18', '2018-07-27 02:03:18'),
(956, 13, 7, 41.039249753634586, '2018-07-27 02:03:18', '2018-07-27 02:03:18'),
(957, 13, 8, 66.91144160930224, '2018-07-27 02:03:18', '2018-07-27 02:03:18'),
(958, 13, 9, 32.76839578555341, '2018-07-27 02:03:18', '2018-07-27 02:03:18'),
(959, 13, 10, 56.26288077755441, '2018-07-27 02:03:18', '2018-07-27 02:03:18'),
(960, 13, 11, 55.48391498413763, '2018-07-27 02:03:18', '2018-07-27 02:03:18'),
(961, 13, 12, 50.07071189740947, '2018-07-27 02:03:18', '2018-07-27 02:03:18'),
(962, 13, 13, 0, '2018-07-27 02:03:18', '2018-07-27 02:03:18'),
(963, 13, 14, 62.50240474999626, '2018-07-27 02:03:18', '2018-07-27 02:03:18'),
(964, 13, 15, 63.852386257960006, '2018-07-27 02:03:18', '2018-07-27 02:03:18'),
(965, 13, 16, 59.54670659015173, '2018-07-27 02:03:18', '2018-07-27 02:03:18'),
(966, 13, 17, 30.470087762885214, '2018-07-27 02:03:18', '2018-07-27 02:03:18'),
(967, 13, 18, 57.20964391881803, '2018-07-27 02:03:18', '2018-07-27 02:03:18'),
(968, 13, 19, 40.941453478241925, '2018-07-27 02:03:18', '2018-07-27 02:03:18'),
(969, 13, 20, 0, '2018-07-27 02:03:18', '2018-07-27 02:03:18'),
(970, 13, 21, 0, '2018-07-27 02:03:18', '2018-07-27 02:03:18'),
(971, 13, 22, 0, '2018-07-27 02:03:18', '2018-07-27 02:03:18'),
(972, 13, 23, 60.32570482143397, '2018-07-27 02:03:18', '2018-07-27 02:03:18'),
(973, 13, 24, 49.152593678330106, '2018-07-27 02:03:18', '2018-07-27 02:03:18'),
(974, 13, 25, 60.473355255994186, '2018-07-27 02:03:18', '2018-07-27 02:03:18'),
(975, 13, 26, 13.38228832186045, '2018-07-27 02:03:18', '2018-07-27 02:03:18'),
(976, 13, 27, 0, '2018-07-27 02:03:18', '2018-07-27 02:03:18'),
(977, 13, 28, 59.46446754840261, '2018-07-27 02:03:18', '2018-07-27 02:03:18'),
(978, 13, 29, 0, '2018-07-27 02:03:18', '2018-07-27 02:03:18'),
(979, 13, 30, 0, '2018-07-27 02:03:18', '2018-07-27 02:03:18'),
(980, 13, 31, 0, '2018-07-27 02:03:18', '2018-07-27 02:03:18'),
(981, 13, 32, 48.94050032519339, '2018-07-27 02:03:18', '2018-07-27 02:03:18'),
(982, 13, 33, 38.716178358888975, '2018-07-27 02:03:18', '2018-07-27 02:03:18'),
(983, 13, 34, 0, '2018-07-27 02:03:18', '2018-07-27 02:03:18'),
(984, 13, 35, 42.9600657731722, '2018-07-27 02:03:18', '2018-07-27 02:03:18'),
(985, 13, 36, 16.384197892776704, '2018-07-27 02:03:18', '2018-07-27 02:03:18'),
(986, 13, 37, 57.334717443039686, '2018-07-27 02:03:18', '2018-07-27 02:03:18'),
(987, 13, 38, 53.5291532874418, '2018-07-27 02:03:18', '2018-07-27 02:03:18'),
(988, 13, 39, 64.5269639314816, '2018-07-27 02:03:18', '2018-07-27 02:03:18'),
(989, 13, 40, 51.62157114518528, '2018-07-27 02:03:18', '2018-07-27 02:03:18'),
(990, 13, 41, 0, '2018-07-27 02:03:18', '2018-07-27 02:03:18'),
(991, 13, 42, 66.91144160930224, '2018-07-27 02:03:18', '2018-07-27 02:03:18'),
(992, 13, 43, 0, '2018-07-27 02:03:18', '2018-07-27 02:03:18'),
(993, 13, 44, 14.579688173931775, '2018-07-27 02:03:18', '2018-07-27 02:03:18'),
(994, 13, 45, 0, '2018-07-27 02:03:18', '2018-07-27 02:03:18'),
(995, 13, 46, 0, '2018-07-27 02:03:18', '2018-07-27 02:03:18'),
(996, 13, 47, 0, '2018-07-27 02:03:18', '2018-07-27 02:03:18'),
(997, 13, 48, 0, '2018-07-27 02:03:18', '2018-07-27 02:03:18'),
(998, 13, 49, 0, '2018-07-27 02:03:18', '2018-07-27 02:03:18'),
(999, 13, 50, 0, '2018-07-27 02:03:18', '2018-07-27 02:03:18'),
(1000, 13, 51, -7.320077214914891, '2018-07-27 02:03:18', '2018-07-27 02:03:18'),
(1001, 13, 52, 0, '2018-07-27 02:03:18', '2018-07-27 02:03:18'),
(1002, 13, 53, 0, '2018-07-27 02:03:18', '2018-07-27 02:03:18'),
(1003, 13, 54, 0, '2018-07-27 02:03:18', '2018-07-27 02:03:18'),
(1004, 13, 55, 0, '2018-07-27 02:03:18', '2018-07-27 02:03:18'),
(1005, 13, 56, 0, '2018-07-27 02:03:18', '2018-07-27 02:03:18'),
(1006, 13, 57, 40.941453478241925, '2018-07-27 02:03:18', '2018-07-27 02:03:18'),
(1007, 13, 58, 0, '2018-07-27 02:03:18', '2018-07-27 02:03:18'),
(1008, 13, 59, 0, '2018-07-27 02:03:18', '2018-07-27 02:03:18'),
(1009, 13, 60, 0, '2018-07-27 02:03:18', '2018-07-27 02:03:18'),
(1010, 13, 61, 0, '2018-07-27 02:03:18', '2018-07-27 02:03:18'),
(1011, 13, 62, 0, '2018-07-27 02:03:18', '2018-07-27 02:03:18'),
(1012, 13, 63, 0, '2018-07-27 02:03:18', '2018-07-27 02:03:18'),
(1013, 13, 64, 0, '2018-07-27 02:03:18', '2018-07-27 02:03:18'),
(1014, 13, 65, 0, '2018-07-27 02:03:18', '2018-07-27 02:03:18'),
(1015, 13, 66, 0, '2018-07-27 02:03:18', '2018-07-27 02:03:18'),
(1016, 13, 67, 0, '2018-07-27 02:03:18', '2018-07-27 02:03:18'),
(1017, 13, 68, 0, '2018-07-27 02:03:18', '2018-07-27 02:03:18'),
(1018, 13, 69, 61.96547310242687, '2018-07-27 02:03:18', '2018-07-27 02:03:18'),
(1019, 13, 70, 64.5269639314816, '2018-07-27 02:03:18', '2018-07-27 02:03:18'),
(1020, 13, 71, 44.081913749979854, '2018-07-27 02:03:18', '2018-07-27 02:03:18'),
(1021, 13, 72, 42.36245170576219, '2018-07-27 02:03:18', '2018-07-27 02:03:18'),
(1022, 13, 73, 0, '2018-07-27 02:03:18', '2018-07-27 02:03:18'),
(1023, 13, 74, 0, '2018-07-27 02:03:18', '2018-07-27 02:03:18'),
(1024, 13, 75, 0, '2018-07-27 02:03:18', '2018-07-27 02:03:18'),
(1025, 13, 76, 0, '2018-07-27 02:03:18', '2018-07-27 02:03:18'),
(1026, 13, 77, 0, '2018-07-27 02:03:18', '2018-07-27 02:03:18'),
(1027, 13, 78, 0, '2018-07-27 02:03:18', '2018-07-27 02:03:18');

-- --------------------------------------------------------

--
-- Table structure for table `sliders`
--

CREATE TABLE `sliders` (
  `id` int(10) UNSIGNED NOT NULL,
  `deskripsi` longtext COLLATE utf8mb4_unicode_ci NOT NULL,
  `image` varchar(191) COLLATE utf8mb4_unicode_ci NOT NULL,
  `judul` varchar(191) COLLATE utf8mb4_unicode_ci NOT NULL,
  `created_at` timestamp NULL DEFAULT NULL,
  `updated_at` timestamp NULL DEFAULT NULL
) ENGINE=InnoDB DEFAULT CHARSET=utf8mb4 COLLATE=utf8mb4_unicode_ci;

--
-- Dumping data for table `sliders`
--

INSERT INTO `sliders` (`id`, `deskripsi`, `image`, `judul`, `created_at`, `updated_at`) VALUES
(1, '<div style=\"padding: 0px; margin: 0px; color: rgb(51, 51, 51); font-family: Raleway; font-size: 15px; text-align: justify;\">Pulau Banyak&nbsp; terletak di pantai selatan Aceh ibu kota Singkil, Pulau Banyak terdiri dari beberapa pulau yang semuanya alami dengan pasir putih dan air lautnya yang bening dan bersih. untuk menikmati kepulauan dan pantai yang sungguh indah tersebut kami hadirkan paket berikut untuk menemani liburan anda.<br style=\"padding: 0px; margin: 0px;\"></div><div style=\"padding: 0px; margin: 0px; color: rgb(51, 51, 51); font-family: Raleway; font-size: 15px; text-align: justify;\"><br style=\"padding: 0px; margin: 0px;\"><br style=\"padding: 0px; margin: 0px;\"></div><div style=\"padding: 0px; margin: 0px; color: rgb(51, 51, 51); font-family: Raleway; font-size: 15px;\"><br style=\"padding: 0px; margin: 0px;\"><div style=\"padding: 0px; margin: 0px;\"><b style=\"padding: 0px; margin: 0px;\">Lama Tour &nbsp; &nbsp; &nbsp; &nbsp;:&nbsp;</b>3Hari-2Malam</div><div style=\"padding: 0px; margin: 0px;\"><b style=\"padding: 0px; margin: 0px;\">Priode Tour &nbsp; &nbsp; &nbsp;:</b>&nbsp;Sesuai Permintaan Peserta.</div><b style=\"padding: 0px; margin: 0px;\"></b></div><div style=\"padding: 0px; margin: 0px; color: rgb(51, 51, 51); font-family: Raleway; font-size: 15px;\"><b style=\"padding: 0px; margin: 0px;\">Highlights &nbsp; &nbsp; &nbsp; &nbsp;:&nbsp;</b><br style=\"padding: 0px; margin: 0px;\"><b style=\"padding: 0px; margin: 0px;\">\"<i style=\"padding: 0px; margin: 0px;\">&nbsp;Hoping Island - Pulau balai, Pulau Asok, Pulau Biak, Pulau Malelo, Pulau Panjang, Snorekling dan sunset, photographi</i>.\"</b></div><div style=\"padding: 0px; margin: 0px; color: rgb(51, 51, 51); font-family: Raleway; font-size: 15px;\"><b style=\"padding: 0px; margin: 0px;\"><br></b></div><div style=\"padding: 0px; margin: 0px; color: rgb(51, 51, 51); font-family: Raleway; font-size: 15px;\"><b style=\"padding: 0px; margin: 0px;\"><div style=\"padding: 0px; margin: 0px; font-weight: 400; text-align: justify;\"><font face=\"impact\" style=\"padding: 0px; margin: 0px;\">Day 1</font>&nbsp;:TRANSFER IN (MEDAN-SINGKIL) ( X /X/X )</div><div style=\"padding: 0px; margin: 0px; font-weight: 400; text-align: justify;\"><div style=\"padding: 0px; margin: 0px;\"><ul style=\"padding: 0px; margin-right: 0px; margin-bottom: 0px; margin-left: 0px;\"><li style=\"padding: 0px; margin: 0px 0px 0px 15px; list-style: square;\">Meeting Point Dimedan</li><li style=\"padding: 0px; margin: 0px 0px 0px 15px; list-style: square;\">Berangkat ke singkil dengan Mobil yang telah disediakan</li></ul></div><div style=\"padding: 0px; margin: 0px;\"><br style=\"padding: 0px; margin: 0px;\"></div><div style=\"padding: 0px; margin: 0px;\"><font face=\"impact\" style=\"padding: 0px; margin: 0px;\">Day2</font>&nbsp;: &nbsp;Transfer in ( Singkil � Pulau Banyak ) &nbsp;(b/s/d)</div><div style=\"padding: 0px; margin: 0px;\"><ul style=\"padding: 0px; margin-right: 0px; margin-bottom: 0px; margin-left: 0px;\"><li style=\"padding: 0px; margin: 0px 0px 0px 15px; list-style: square;\">Tiba di Singkil. Sarapan Pagi.</li><li style=\"padding: 0px; margin: 0px 0px 0px 15px; list-style: square;\">Berangkat dari Singkil ke Pulau Balai.</li><li style=\"padding: 0px; margin: 0px 0px 0px 15px; list-style: square;\">Check in Penginapan, Istirahat sebentar.</li><li style=\"padding: 0px; margin: 0px 0px 0px 15px; list-style: square;\">Makan Siang ala pulau banyak. &nbsp;</li><li style=\"padding: 0px; margin: 0px 0px 0px 15px; list-style: square;\">Berangkat jalan-jalan sore menikmati suasana pedesaan.</li><li style=\"padding: 0px; margin: 0px 0px 0px 15px; list-style: square;\">Explore ke indahan pantai utara, pantai barat dan pantai posal Pulau Balai. Santai boleh berenang dan photographi sambil menunggu sunset.</li><li style=\"padding: 0px; margin: 0px 0px 0px 15px; list-style: square;\">Kembali ke Penginapan</li><li style=\"padding: 0px; margin: 0px 0px 0px 15px; list-style: square;\">Makan Malam.</li></ul></div><div style=\"padding: 0px; margin: 0px;\"><br style=\"padding: 0px; margin: 0px;\"></div><div style=\"padding: 0px; margin: 0px;\"><font face=\"impact\" style=\"padding: 0px; margin: 0px;\">Day3</font>, HOPING ISLAND &nbsp;(b/s/d)</div><div style=\"padding: 0px; margin: 0px;\"><ul style=\"padding: 0px; margin-right: 0px; margin-bottom: 0px; margin-left: 0px;\"><li style=\"padding: 0px; margin: 0px 0px 0px 15px; list-style: square;\">Sarapan Pagi.</li><li style=\"padding: 0px; margin: 0px 0px 0px 15px; list-style: square;\">Island hopping &nbsp;( Pulau Lambudung, pabisi dan Sikandang )</li><li style=\"padding: 0px; margin: 0px 0px 0px 15px; list-style: square;\">Makan siang di Pantai&nbsp;</li><li style=\"padding: 0px; margin: 0px 0px 0px 15px; list-style: square;\">Dilanjutkan santai Jalan dipantai sambil Swimming, Snorkeling.&nbsp;</li><li style=\"padding: 0px; margin: 0px 0px 0px 15px; list-style: square;\">Lanjutan Island hopping ke Pulau Asok, Pulau biak, Pulau Malelo, Pulau Panjang. Swimming, Snorkeling, Sunset Hunting. &nbsp;</li><li style=\"padding: 0px; margin: 0px 0px 0px 15px; list-style: square;\">Sore Kembali ke Pulau Balai. &nbsp;&nbsp;</li><li style=\"padding: 0px; margin: 0px 0px 0px 15px; list-style: square;\">Makan Malam.</li><li style=\"padding: 0px; margin: 0px 0px 0px 15px; list-style: square;\">Acara Bebas</li></ul></div><div style=\"padding: 0px; margin: 0px;\"><b style=\"padding: 0px; margin: 0px;\"><font face=\"impact\" style=\"padding: 0px; margin: 0px;\"><br style=\"padding: 0px; margin: 0px;\"></font></b></div><div style=\"padding: 0px; margin: 0px;\"><b style=\"padding: 0px; margin: 0px;\"><font face=\"impact\" style=\"padding: 0px; margin: 0px;\">Day4</font></b>, &nbsp;transfer out P.Banyak � Singkil - Medan &nbsp;(b/s/x)</div><div style=\"padding: 0px; margin: 0px;\"><ul style=\"padding: 0px; margin-right: 0px; margin-bottom: 0px; margin-left: 0px;\"><li style=\"padding: 0px; margin: 0px 0px 0px 15px; list-style: square;\">Sarapan Pagi.</li><li style=\"padding: 0px; margin: 0px 0px 0px 15px; list-style: square;\">Hunting souvenir</li><li style=\"padding: 0px; margin: 0px 0px 0px 15px; list-style: square;\">Berangkat kembali ke Singkil.</li><li style=\"padding: 0px; margin: 0px 0px 0px 15px; list-style: square;\">Transfer out Medan</li><li style=\"padding: 0px; margin: 0px 0px 0px 15px; list-style: square;\">Tour selesai</li></ul></div></div></b></div><div style=\"padding: 0px; margin: 0px; color: rgb(51, 51, 51); font-family: Raleway; font-size: 15px;\"><b style=\"padding: 0px; margin: 0px;\"><br></b></div><div style=\"padding: 0px; margin: 0px; color: rgb(51, 51, 51); font-family: Raleway; font-size: 15px;\"><b style=\"padding: 0px; margin: 0px;\"><h2 style=\"padding: 0px; margin: 0px; font-size: 32px; font-weight: bold; line-height: 50px; font-family: Raleway; text-transform: uppercase; color: rgb(51, 51, 51);\"><a href=\"http://wisatasabang.com/artikel/21/paket-exclusive-tour-pulau-banyak-3d-2n-/\" title=\"Paket Exclusive Tour Pulau Banyak 3D-2N \" style=\"padding: 0px; margin: 0px; color: rgb(51, 51, 51);\">PAKET EXCLUSIVE TOUR PULAU BANYAK 3D-2N</a></h2><div class=\"gallery clearfix\" style=\"padding: 0px; margin: 0px; font-weight: 400;\"><a href=\"http://wisatasabang.com/cmsbaru/picture/15218463p.banyak.jpg\" rel=\"prettyPhoto[gallery1]\" title=\"Paket Exclusive Tour Pulau Banyak 3D-2N \" style=\"padding: 0px; margin: 0px; color: rgb(51, 51, 51);\"><img src=\"http://wisatasabang.com/cmsbaru/picture/15218463p.banyak.jpg\" alt=\"Paket Exclusive Tour Pulau Banyak 3D-2N \" class=\"gambarbesar\" align=\"left\" style=\"padding: 3.84375px; margin: 5px 15px 0px 0px; transition: all 0.5s ease-out; width: 369.594px; max-width: 400px; background-image: initial; background-position: initial; background-size: initial; background-repeat: initial; background-attachment: initial; background-origin: initial; background-clip: initial;\"></a></div><div style=\"padding: 0px; margin: 0px; font-weight: 400; text-align: justify;\">Pulau Banyak&nbsp; terletak di pantai selatan Aceh ibu kota Singkil, Pulau Banyak terdiri dari beberapa pulau yang semuanya alami dengan pasir putih dan air lautnya yang bening dan bersih. untuk menikmati kepulauan dan pantai yang sungguh indah tersebut kami hadirkan paket berikut untuk menemani liburan anda.<br style=\"padding: 0px; margin: 0px;\"></div><div style=\"padding: 0px; margin: 0px; font-weight: 400; text-align: justify;\"><br style=\"padding: 0px; margin: 0px;\"><br style=\"padding: 0px; margin: 0px;\"></div><div style=\"padding: 0px; margin: 0px; font-weight: 400;\"><br style=\"padding: 0px; margin: 0px;\"><div style=\"padding: 0px; margin: 0px;\"><b style=\"padding: 0px; margin: 0px;\">Lama Tour &nbsp; &nbsp; &nbsp; &nbsp;:&nbsp;</b>3Hari-2Malam</div><div style=\"padding: 0px; margin: 0px;\"><b style=\"padding: 0px; margin: 0px;\">Priode Tour &nbsp; &nbsp; &nbsp;:</b>&nbsp;Sesuai Permintaan Peserta.</div><b style=\"padding: 0px; margin: 0px;\"></b></div><div style=\"padding: 0px; margin: 0px; font-weight: 400;\"><b style=\"padding: 0px; margin: 0px;\">Highlights &nbsp; &nbsp; &nbsp; &nbsp;:&nbsp;</b><br style=\"padding: 0px; margin: 0px;\"><b style=\"padding: 0px; margin: 0px;\">\"<i style=\"padding: 0px; margin: 0px;\">&nbsp;Hoping Island - Pulau balai, Pulau Asok, Pulau Biak, Pulau Malelo, Pulau Panjang, Snorekling dan sunset, photographi</i>.\"</b><br style=\"padding: 0px; margin: 0px;\"><br style=\"padding: 0px; margin: 0px;\"></div><div style=\"padding: 0px; margin: 0px; font-weight: 400;\"><br style=\"padding: 0px; margin: 0px;\"></div><div style=\"padding: 0px; margin: 0px; font-weight: 400;\"><font face=\"impact\" size=\"3\" style=\"padding: 0px; margin: 0px;\">Itenerari Singkat :</font><img src=\"http://wisatasabang.com/cmsbaru/picture/22583133psd-world-map-icon1.png\" alt=\"\" align=\"none\" style=\"padding: 0px; margin: 0px; transition: all 0.5s ease-out;\"></div><div style=\"padding: 0px; margin: 0px; font-weight: 400;\"><div style=\"padding: 0px; margin: 0px; text-align: justify;\"><font face=\"impact\" style=\"padding: 0px; margin: 0px;\">Day 1</font>&nbsp;:TRANSFER IN (MEDAN-SINGKIL) ( X /X/X )</div><div style=\"padding: 0px; margin: 0px; text-align: justify;\"><div style=\"padding: 0px; margin: 0px;\"><ul style=\"padding: 0px; margin-right: 0px; margin-bottom: 0px; margin-left: 0px;\"><li style=\"padding: 0px; margin: 0px 0px 0px 15px; list-style: square;\">Meeting Point Dimedan</li><li style=\"padding: 0px; margin: 0px 0px 0px 15px; list-style: square;\">Berangkat ke singkil dengan Mobil yang telah disediakan</li></ul></div><div style=\"padding: 0px; margin: 0px;\"><br style=\"padding: 0px; margin: 0px;\"></div><div style=\"padding: 0px; margin: 0px;\"><font face=\"impact\" style=\"padding: 0px; margin: 0px;\">Day2</font>&nbsp;: &nbsp;Transfer in ( Singkil � Pulau Banyak ) &nbsp;(b/s/d)</div><div style=\"padding: 0px; margin: 0px;\"><ul style=\"padding: 0px; margin-right: 0px; margin-bottom: 0px; margin-left: 0px;\"><li style=\"padding: 0px; margin: 0px 0px 0px 15px; list-style: square;\">Tiba di Singkil. Sarapan Pagi.</li><li style=\"padding: 0px; margin: 0px 0px 0px 15px; list-style: square;\">Berangkat dari Singkil ke Pulau Balai.</li><li style=\"padding: 0px; margin: 0px 0px 0px 15px; list-style: square;\">Check in Penginapan, Istirahat sebentar.</li><li style=\"padding: 0px; margin: 0px 0px 0px 15px; list-style: square;\">Makan Siang ala pulau banyak. &nbsp;</li><li style=\"padding: 0px; margin: 0px 0px 0px 15px; list-style: square;\">Berangkat jalan-jalan sore menikmati suasana pedesaan.</li><li style=\"padding: 0px; margin: 0px 0px 0px 15px; list-style: square;\">Explore ke indahan pantai utara, pantai barat dan pantai posal Pulau Balai. Santai boleh berenang dan photographi sambil menunggu sunset.</li><li style=\"padding: 0px; margin: 0px 0px 0px 15px; list-style: square;\">Kembali ke Penginapan</li><li style=\"padding: 0px; margin: 0px 0px 0px 15px; list-style: square;\">Makan Malam.</li></ul></div><div style=\"padding: 0px; margin: 0px;\"><br style=\"padding: 0px; margin: 0px;\"></div><div style=\"padding: 0px; margin: 0px;\"><font face=\"impact\" style=\"padding: 0px; margin: 0px;\">Day3</font>, HOPING ISLAND &nbsp;(b/s/d)</div><div style=\"padding: 0px; margin: 0px;\"><ul style=\"padding: 0px; margin-right: 0px; margin-bottom: 0px; margin-left: 0px;\"><li style=\"padding: 0px; margin: 0px 0px 0px 15px; list-style: square;\">Sarapan Pagi.</li><li style=\"padding: 0px; margin: 0px 0px 0px 15px; list-style: square;\">Island hopping &nbsp;( Pulau Lambudung, pabisi dan Sikandang )</li><li style=\"padding: 0px; margin: 0px 0px 0px 15px; list-style: square;\">Makan siang di Pantai&nbsp;</li><li style=\"padding: 0px; margin: 0px 0px 0px 15px; list-style: square;\">Dilanjutkan santai Jalan dipantai sambil Swimming, Snorkeling.&nbsp;</li><li style=\"padding: 0px; margin: 0px 0px 0px 15px; list-style: square;\">Lanjutan Island hopping ke Pulau Asok, Pulau biak, Pulau Malelo, Pulau Panjang. Swimming, Snorkeling, Sunset Hunting. &nbsp;</li><li style=\"padding: 0px; margin: 0px 0px 0px 15px; list-style: square;\">Sore Kembali ke Pulau Balai. &nbsp;&nbsp;</li><li style=\"padding: 0px; margin: 0px 0px 0px 15px; list-style: square;\">Makan Malam.</li><li style=\"padding: 0px; margin: 0px 0px 0px 15px; list-style: square;\">Acara Bebas</li></ul></div><div style=\"padding: 0px; margin: 0px;\"><b style=\"padding: 0px; margin: 0px;\"><font face=\"impact\" style=\"padding: 0px; margin: 0px;\"><br style=\"padding: 0px; margin: 0px;\"></font></b></div><div style=\"padding: 0px; margin: 0px;\"><b style=\"padding: 0px; margin: 0px;\"><font face=\"impact\" style=\"padding: 0px; margin: 0px;\">Day4</font></b>, &nbsp;transfer out P.Banyak � Singkil - Medan &nbsp;(b/s/x)</div><div style=\"padding: 0px; margin: 0px;\"><ul style=\"padding: 0px; margin-right: 0px; margin-bottom: 0px; margin-left: 0px;\"><li style=\"padding: 0px; margin: 0px 0px 0px 15px; list-style: square;\">Sarapan Pagi.</li><li style=\"padding: 0px; margin: 0px 0px 0px 15px; list-style: square;\">Hunting souvenir</li><li style=\"padding: 0px; margin: 0px 0px 0px 15px; list-style: square;\">Berangkat kembali ke Singkil.</li><li style=\"padding: 0px; margin: 0px 0px 0px 15px; list-style: square;\">Transfer out Medan</li><li style=\"padding: 0px; margin: 0px 0px 0px 15px; list-style: square;\">Tour selesai</li></ul></div><div style=\"padding: 0px; margin: 0px;\"><br style=\"padding: 0px; margin: 0px;\"></div></div></div><div style=\"padding: 0px; margin: 0px; font-weight: 400;\"><div style=\"padding: 0px; margin: 0px;\"><font face=\"impact\" color=\"#009900\" size=\"4\" style=\"padding: 0px; margin: 0px;\">Fasilitas.</font><img src=\"http://wisatasabang.com/cmsbaru/picture/95826344family-travel.jpg\" alt=\"\" align=\"none\" style=\"padding: 0px; margin: 0px; transition: all 0.5s ease-out;\"></div><div style=\"padding: 0px; margin: 0px;\"><font face=\"impact\" style=\"padding: 0px; margin: 0px;\">Sudah Termasuk Dalam Paket &nbsp;( Include Package )</font></div></div><div style=\"padding: 0px; margin: 0px; font-weight: 400;\"><div style=\"padding: 0px; margin: 0px;\"><div style=\"padding: 0px; margin: 0px;\"><div style=\"padding: 0px; margin: 0px;\"><ul style=\"padding: 0px; margin-right: 0px; margin-bottom: 0px; margin-left: 0px;\"><li style=\"padding: 0px; margin: 0px 0px 0px 15px; list-style: square;\"><span style=\"padding: 0px; margin: 0px; font-family: helvetica;\">Transportasi Mobil Medan-Singkil PP.</span></li><li style=\"padding: 0px; margin: 0px 0px 0px 15px; list-style: square;\"><span style=\"padding: 0px; margin: 0px; font-family: helvetica;\">Penginapan &nbsp;2Malam di pulau banyak losmen/bungalow</span></li><li style=\"padding: 0px; margin: 0px 0px 0px 15px; list-style: square;\"><span style=\"padding: 0px; margin: 0px; font-family: helvetica;\">Alat-alat snorkeling</span></li><li style=\"padding: 0px; margin: 0px 0px 0px 15px; list-style: square;\"><span style=\"padding: 0px; margin: 0px; font-family: helvetica;\">Makan dan Minum sesui program ( pagi 2x, Siang 3x, Malam 2x )</span></li><li style=\"padding: 0px; margin: 0px 0px 0px 15px; list-style: square;\"><span style=\"padding: 0px; margin: 0px; font-family: helvetica;\">Pemandu / Guide</span></li><li style=\"padding: 0px; margin: 0px 0px 0px 15px; list-style: square;\"><span style=\"padding: 0px; margin: 0px; font-family: helvetica;\">Dokumentasi tour<br><br></span></li></ul></div></div></div><div style=\"padding: 0px; margin: 0px;\"><span style=\"padding: 0px; margin: 0px; font-family: impact;\">Tidak Masuk Dalam Paket &nbsp;( exclude &nbsp;PACKAGE )</span></div><div style=\"padding: 0px; margin: 0px;\"><ul style=\"padding: 0px; margin-right: 0px; margin-bottom: 0px; margin-left: 0px;\"><li style=\"padding: 0px; margin: 0px 0px 0px 15px; list-style: square;\"><span style=\"padding: 0px; margin: 0px; font-family: helvetica; font-size: small;\">Tiket Pesawat/Bus</span></li><li style=\"padding: 0px; margin: 0px 0px 0px 15px; list-style: square;\"><span style=\"padding: 0px; margin: 0px; font-family: helvetica; font-size: small;\">Makan diluar program</span></li><li style=\"padding: 0px; margin: 0px 0px 0px 15px; list-style: square;\"><span style=\"padding: 0px; margin: 0px; font-family: helvetica; font-size: small;\">Porter</span><span style=\"padding: 0px; margin: 0px; font-family: helvetica; font-size: small;\">&nbsp;</span></li><li style=\"padding: 0px; margin: 0px 0px 0px 15px; list-style: square;\"><span style=\"padding: 0px; margin: 0px; font-family: helvetica; font-size: small;\">Keperluan Pribadi Lainnya.</span></li><li style=\"padding: 0px; margin: 0px 0px 0px 15px; list-style: square;\"><span style=\"padding: 0px; margin: 0px; font-family: helvetica; font-size: small;\">Asuransi</span></li><li style=\"padding: 0px; margin: 0px 0px 0px 15px; list-style: square;\"><span style=\"padding: 0px; margin: 0px; font-family: helvetica; font-size: small;\">Tips</span></li></ul></div></div></b></div>', '5b52181b07513.jpeg', 'Trip Pulau Banyak', '2018-07-18 01:25:58', '2018-07-20 10:14:34'),
(2, '<p><span style=\"color: rgb(51, 51, 51); font-family: Raleway; font-size: 15px; text-align: justify;\">Paket Private Exclusive Tour Pulau Weh Sabang - Banda Aceh dengan durasi 3hari 2malam merupakan paket favorite pilihan wisatawan baik dalam dan luar negri, dengan pengaturan jadwal yang singkat dan tepat, telah menjadi pilihan utama wisatawan untuk dapat berlibur ke pulau weh sabang dan banda aceh untuk menikmati alam bahari dan berwisata sejarah tsunami aceh. berikut kami hadirkan untuk menemani perjalanan anda.</span></p><p><span style=\"color: rgb(51, 51, 51); font-family: Raleway; font-size: 15px; text-align: justify;\"><br></span></p><div style=\"padding: 0px; margin: 0px; color: rgb(51, 51, 51); font-family: Raleway; font-size: 15px;\"><b style=\"padding: 0px; margin: 0px;\">Lama Tour &nbsp;</b>&nbsp;&nbsp; &nbsp; &nbsp; &nbsp; : 3Hari-2Malam</div><div style=\"padding: 0px; margin: 0px; color: rgb(51, 51, 51); font-family: Raleway; font-size: 15px;\"><b style=\"padding: 0px; margin: 0px;\">Jadwal/Waktu</b>&nbsp;&nbsp; &nbsp; : Sesuai Permintaan Peserta.</div><div style=\"padding: 0px; margin: 0px; color: rgb(51, 51, 51); font-family: Raleway; font-size: 15px;\"><b style=\"padding: 0px; margin: 0px;\">Highlights</b>&nbsp;&nbsp; &nbsp; &nbsp; &nbsp; &nbsp; :&nbsp;<br style=\"padding: 0px; margin: 0px;\">\"&nbsp;Masjid Raya Baiturrahaman, Museum Tsunami, Pulau Weh - Sabang, Tugu Nol KM Indonesia,&nbsp;Wisata Kuliner Sate Gurita, Pantai Iboih dan Snorkeling Pulau Rubiah, Benteng Jepang, Kota Sabang.\"</div><div style=\"padding: 0px; margin: 0px; color: rgb(51, 51, 51); font-family: Raleway; font-size: 15px;\"><br></div><div style=\"padding: 0px; margin: 0px; color: rgb(51, 51, 51); font-family: Raleway; font-size: 15px;\"><div style=\"padding: 0px; margin: 0px;\"><font face=\"impact\" style=\"padding: 0px; margin: 0px;\">Day 1</font>&nbsp;:&nbsp;<b style=\"padding: 0px; margin: 0px;\">Transfer In Sabang-Wisata Bahari&nbsp;</b>(B.Aceh-Sabang) (&nbsp;<b style=\"padding: 0px; margin: 0px;\">x/x /x&nbsp;</b>)</div><div style=\"padding: 0px; margin: 0px; text-align: justify;\"><ul style=\"padding: 0px; margin-right: 0px; margin-bottom: 0px; margin-left: 0px;\"><li style=\"padding: 0px; margin: 0px 0px 0px 15px; list-style: square; text-align: left;\"><font face=\"verdana\" size=\"2\" style=\"padding: 0px; margin: 0px;\">Tiba di Aceh Dijemput oleh Team PW-Indonesia</font></li><li style=\"padding: 0px; margin: 0px 0px 0px 15px; list-style: square; text-align: left;\"><font face=\"verdana\" size=\"2\" style=\"padding: 0px; margin: 0px;\">Menuju Pelabuhan Penyebrangan Ulee Lheu B.Aceh</font></li><li style=\"padding: 0px; margin: 0px 0px 0px 15px; list-style: square; text-align: left;\"><font face=\"verdana\" size=\"2\" style=\"padding: 0px; margin: 0px;\">Berangkat ke Pulau Weh-Sabang dengan Kapal express Bahari (09:30)</font></li><li style=\"padding: 0px; margin: 0px 0px 0px 15px; list-style: square; text-align: left;\"><font face=\"verdana\" size=\"2\" style=\"padding: 0px; margin: 0px;\">Tiba di Sabang, Menuju kota sabang, singgah di Pemandangan Danau Aneuk Laut dan&nbsp;<b style=\"padding: 0px; margin: 0px;\"><a href=\"http://wisatasabang.com/artikel/54/tugu-i-love-sabang/\" title=\"\" target=\"_blank\" style=\"padding: 0px; margin: 0px; color: rgb(51, 51, 51);\">TUGU I LOVE SABANG</a>, S</b>esi photo-photo.</font></li><li style=\"padding: 0px; margin: 0px 0px 0px 15px; list-style: square; text-align: left;\"><font face=\"verdana\" size=\"2\" style=\"padding: 0px; margin: 0px;\">Makan Siang (<b style=\"padding: 0px; margin: 0px; text-align: justify;\">Personal</b><span style=\"padding: 0px; margin: 0px; text-align: justify;\">)</span></font></li><li style=\"padding: 0px; margin: 0px 0px 0px 15px; list-style: square; text-align: left;\"><font face=\"verdana\" size=\"2\" style=\"padding: 0px; margin: 0px;\">Selanjutnya kita menuju Pantai Iboih</font></li><li style=\"padding: 0px; margin: 0px 0px 0px 15px; list-style: square; text-align: left;\"><font face=\"verdana\" size=\"2\" style=\"padding: 0px; margin: 0px;\">Agenda akan dilanjutkan Mengelilingi Pulau Rubiah dan melihat karang batik dan ikan hias dengan dengan Perahu Kaca (Glass Button Boat), singgah di Pulau Rubiah Snorekling hingga sore hari dan ditemani guide yang siap dengan camera underwater untuk sesi foto bawah laut.&nbsp;</font></li><li style=\"padding: 0px; margin: 0px 0px 0px 15px; list-style: square; text-align: left;\"><font face=\"verdana\" size=\"2\" style=\"padding: 0px; margin: 0px;\">Di Pulau Rubiah, bisa menikmati Ikan Bakar, Sate Gurita.!&nbsp;</font></li><li style=\"padding: 0px; margin: 0px 0px 0px 15px; list-style: square; text-align: left;\"><font face=\"verdana\" size=\"2\" style=\"padding: 0px; margin: 0px;\">Check in Hotel/Resort</font></li><li style=\"padding: 0px; margin: 0px 0px 0px 15px; list-style: square; text-align: left;\"><font face=\"verdana\" size=\"2\" style=\"padding: 0px; margin: 0px;\">Makan Malam di Restoran Khas Ikan Bakar Sabang&nbsp;<span style=\"padding: 0px; margin: 0px; text-align: justify;\">(</span><b style=\"padding: 0px; margin: 0px; text-align: justify;\">Personal</b><span style=\"padding: 0px; margin: 0px; text-align: justify;\">).</span></font></li><li style=\"padding: 0px; margin: 0px 0px 0px 15px; list-style: square; text-align: left;\"><span style=\"padding: 0px; margin: 0px; text-align: justify;\"><font face=\"verdana\" size=\"2\" style=\"padding: 0px; margin: 0px;\">Free Program</font></span></li></ul></div><div style=\"padding: 0px; margin: 0px; text-align: justify;\"><font face=\"verdana\" style=\"padding: 0px; margin: 0px;\"><b style=\"padding: 0px; margin: 0px;\">Note:</b><br style=\"padding: 0px; margin: 0px;\"><font size=\"1\" style=\"padding: 0px; margin: 0px;\">*Agenda Hari Pertama Boleh di tukar dengan hari ke dua, sesuai kondisi<br style=\"padding: 0px; margin: 0px;\">*Jika datang dengan via Pesawat Siang &nbsp;maka berangkat kesabang Sore hari dan jadwal akan di sesuaikan.</font></font></div><div style=\"padding: 0px; margin: 0px; text-align: justify;\"><br style=\"padding: 0px; margin: 0px;\"></div><div style=\"padding: 0px; margin: 0px;\"><font face=\"impact\" style=\"padding: 0px; margin: 0px;\">Day 2</font>&nbsp;<b style=\"padding: 0px; margin: 0px;\">: Tour Pulau Weh - Sabang &nbsp;(Sarapan /x/x).</b></div><div style=\"padding: 0px; margin: 0px;\"><ul style=\"padding: 0px; margin-right: 0px; margin-bottom: 0px; margin-left: 0px; text-align: justify;\"><li style=\"padding: 0px; margin: 0px 0px 0px 15px; list-style: square;\"><font face=\"verdana\" size=\"2\" style=\"padding: 0px; margin: 0px;\">Sarapan</font></li><li style=\"padding: 0px; margin: 0px 0px 0px 15px; list-style: square;\"><font face=\"verdana\" size=\"2\" style=\"padding: 0px; margin: 0px;\">Siap-siap Persiapan Tour Sabang (Kamera dan Baju anti panas)</font></li><li style=\"padding: 0px; margin: 0px 0px 0px 15px; list-style: square;\"><font face=\"verdana\" size=\"2\" style=\"padding: 0px; margin: 0px;\">Dimulai dengan&nbsp;<b style=\"padding: 0px; margin: 0px;\"><a href=\"http://wisatasabang.com/artikel/42/mengenal-titik-kilometer-nol-ujung-barat-indonesia/\" title=\"\" target=\"_blank\" style=\"padding: 0px; margin: 0px; color: rgb(51, 51, 51);\">TUGU KILOMETER NOL INDONESIA</a></b>&nbsp;DAN TUGU GARUDA</font></li><li style=\"padding: 0px; margin: 0px 0px 0px 15px; list-style: square;\"><font face=\"verdana\" size=\"2\" style=\"padding: 0px; margin: 0px;\">Selanjutnya Menuju&nbsp;<b style=\"padding: 0px; margin: 0px;\">View Gua Sarang</b>,&nbsp;<b style=\"padding: 0px; margin: 0px;\">Pantai gapang</b>,&nbsp;<b style=\"padding: 0px; margin: 0px;\">Bukit Pulau Kelah&nbsp;</b>(Sambil melihat indahnya pemandangan bisa menikmati rujak khas sabang)</font></li><li style=\"padding: 0px; margin: 0px 0px 0px 15px; list-style: square;\"><font face=\"verdana\" size=\"2\" style=\"padding: 0px; margin: 0px;\">Menuju Kota Sabang,&nbsp;<b style=\"padding: 0px; margin: 0px;\">Sabang fair terdapat TUGU PULAU WEH&nbsp;</b>dan&nbsp;<b style=\"padding: 0px; margin: 0px;\">SABANG-MEURAUKE</b>&nbsp;dengan pemandangan samudera Hindia dan Selat Malaka.</font></li><li style=\"padding: 0px; margin: 0px 0px 0px 15px; list-style: square;\"><font face=\"verdana\" size=\"2\" style=\"padding: 0px; margin: 0px;\">Makan siang di Restoran Khas Sabang (<b style=\"padding: 0px; margin: 0px;\">Personal</b>)</font></li><li style=\"padding: 0px; margin: 0px 0px 0px 15px; list-style: square;\"><font face=\"verdana\" size=\"2\" style=\"padding: 0px; margin: 0px;\">Tour dilanjutkan menuju&nbsp;<b style=\"padding: 0px; margin: 0px;\">Pantai Sumur Tiga</b>&nbsp;yang esksotis dan indah, dilanjutkan ke&nbsp;<b style=\"padding: 0px; margin: 0px;\">Anoi Hitam</b>&nbsp;yang terdapat&nbsp;<b style=\"padding: 0px; margin: 0px;\">Benteng Jepang</b>&nbsp;yang penuh inspirasi dan pemandangan selat malaka tampa batas serta pemandangan teluk balohan sabang,</font></li><li style=\"padding: 0px; margin: 0px 0px 0px 15px; list-style: square;\"><font face=\"verdana\" size=\"2\" style=\"padding: 0px; margin: 0px;\">Perjalanan Menjelang Malam, Menikmati Sunset di Pantai Kasih Sabang Fair Kota Sabang</font></li><li style=\"padding: 0px; margin: 0px 0px 0px 15px; list-style: square;\"><font face=\"verdana\" size=\"2\" style=\"padding: 0px; margin: 0px;\">Makan malam (<b style=\"padding: 0px; margin: 0px;\">Personal</b>) di Wisata kuliner khas Sabang</font></li><li style=\"padding: 0px; margin: 0px 0px 0px 15px; list-style: square;\"><font face=\"verdana\" size=\"2\" style=\"padding: 0px; margin: 0px;\">Melihat Oleh-Oleh di souvenir kota sabang.</font></li><li style=\"padding: 0px; margin: 0px 0px 0px 15px; list-style: square;\"><font face=\"verdana\" size=\"2\" style=\"padding: 0px; margin: 0px;\">Kembali ke Hotel Istirahat.</font></li></ul><div style=\"padding: 0px; margin: 0px; text-align: justify;\"><br style=\"padding: 0px; margin: 0px;\"></div></div><div style=\"padding: 0px; margin: 0px; text-align: justify;\"><font face=\"impact\" style=\"padding: 0px; margin: 0px;\">Day 3</font><b style=\"padding: 0px; margin: 0px;\">&nbsp;: Tranfer Out dan City Tour Banda Aceh &nbsp;(Sarapan /x/x)</b></div><div style=\"padding: 0px; margin: 0px; text-align: justify;\"><ul style=\"padding: 0px; margin-right: 0px; margin-bottom: 0px; margin-left: 0px;\"><li style=\"padding: 0px; margin: 0px 0px 0px 15px; list-style: square;\"><font face=\"verdana\" size=\"2\" style=\"padding: 0px; margin: 0px;\">Check Out Penginapan (06:00)</font></li><li style=\"padding: 0px; margin: 0px 0px 0px 15px; list-style: square;\"><font face=\"verdana\" size=\"2\" style=\"padding: 0px; margin: 0px;\">Menuju Pelabuhan Balohan Sabang untuk menyebrang ke Banda Aceh (8:00)</font></li><li style=\"padding: 0px; margin: 0px 0px 0px 15px; list-style: square;\"><font face=\"verdana\" size=\"2\" style=\"padding: 0px; margin: 0px;\">Tiba di Banda Aceh</font></li><li style=\"padding: 0px; margin: 0px 0px 0px 15px; list-style: square;\"><font face=\"verdana\" size=\"2\" style=\"padding: 0px; margin: 0px;\">Sarapan / Coffee Break di Warung Kopi Khas Aceh&nbsp;</font></li><li style=\"padding: 0px; margin: 0px 0px 0px 15px; list-style: square;\"><font face=\"verdana\" size=\"2\" style=\"padding: 0px; margin: 0px;\">Agenda dilanjutkan dengan&nbsp;<b style=\"padding: 0px; margin: 0px;\">city Tour Banda Aceh</b>&nbsp;(<b style=\"padding: 0px; margin: 0px;\">Museum Tsunami Aceh</b>,&nbsp;<b style=\"padding: 0px; margin: 0px;\">Kapal PLTD Apung</b>,&nbsp;<b style=\"padding: 0px; margin: 0px;\">Masjid Baiturrahman Banda Aceh</b>&nbsp;dan&nbsp;<b style=\"padding: 0px; margin: 0px;\">Kapal diatas Rumah Lampulo</b>)</font></li><li style=\"padding: 0px; margin: 0px 0px 0px 15px; list-style: square;\"><font face=\"verdana\" size=\"2\" style=\"padding: 0px; margin: 0px;\">Belanja Souvenir Oleh-oleh khas Aceh</font></li><li style=\"padding: 0px; margin: 0px 0px 0px 15px; list-style: square;\"><font face=\"verdana\" size=\"2\" style=\"padding: 0px; margin: 0px;\">Makan Siang &nbsp;Khas Aceh (tersedia ayam tangkap, dendeng, kari kambing, dll) (<b style=\"padding: 0px; margin: 0px;\">Personal</b>)</font></li><li style=\"padding: 0px; margin: 0px 0px 0px 15px; list-style: square;\"><font face=\"verdana\" size=\"2\" style=\"padding: 0px; margin: 0px;\">Tour Dilanjutkan Dengan Mengunjung Rumah Cut Nyak Dien Pahlawan Aceh dan Trakhir Kita Akan Menuju Pantai Lhoknga dan Lampuuk )</font></li><li style=\"padding: 0px; margin: 0px 0px 0px 15px; list-style: square;\"><font face=\"verdana\" size=\"2\" style=\"padding: 0px; margin: 0px;\">Transfer out Airport/Terminal Bus Banda Aceh.</font></li><li style=\"padding: 0px; margin: 0px 0px 0px 15px; list-style: square;\"><font face=\"verdana\" size=\"2\" style=\"padding: 0px; margin: 0px;\">Agenda Tour Selesai.&nbsp;<i style=\"padding: 0px; margin: 0px;\">Trimkasih dan Sampai Jumpa Kembali</i></font></li></ul></div></div><p><br></p>', '5b5218e318825.jpeg', 'Trip Wisata Sabang', '2018-07-20 10:16:19', '2018-07-20 10:16:19');

-- --------------------------------------------------------

--
-- Table structure for table `testers`
--

CREATE TABLE `testers` (
  `id` int(10) UNSIGNED NOT NULL,
  `user_id` int(10) UNSIGNED NOT NULL,
  `wisata_id` int(10) UNSIGNED NOT NULL,
  `rating` int(11) NOT NULL,
  `created_at` timestamp NULL DEFAULT NULL,
  `updated_at` timestamp NULL DEFAULT NULL
) ENGINE=InnoDB DEFAULT CHARSET=utf8mb4 COLLATE=utf8mb4_unicode_ci;

--
-- Dumping data for table `testers`
--

INSERT INTO `testers` (`id`, `user_id`, `wisata_id`, `rating`, `created_at`, `updated_at`) VALUES
(1, 1, 1, 5, '2018-07-25 17:00:00', '2018-07-25 17:00:00'),
(2, 1, 2, 3, '2018-07-25 17:00:00', '2018-07-25 17:00:00'),
(3, 1, 3, 0, '2018-07-25 17:00:00', '2018-07-25 17:00:00'),
(4, 1, 4, 3, '2018-07-25 17:00:00', '2018-07-25 17:00:00'),
(5, 2, 1, 0, '2018-07-25 17:00:00', '2018-07-25 17:00:00'),
(6, 2, 2, 3, '2018-07-25 17:00:00', '2018-07-25 17:00:00'),
(7, 2, 3, 5, '2018-07-25 17:00:00', '2018-07-25 17:00:00'),
(8, 2, 4, 2, '2018-07-25 17:00:00', '2018-07-25 17:00:00'),
(9, 3, 1, 0, '2018-07-25 17:00:00', '2018-07-25 17:00:00'),
(10, 3, 2, 5, '2018-07-25 17:00:00', '2018-07-25 17:00:00'),
(11, 3, 3, 2, '2018-07-25 17:00:00', '2018-07-25 17:00:00'),
(12, 3, 4, 2, '2018-07-25 17:00:00', '2018-07-25 17:00:00'),
(13, 4, 1, 4, '2018-07-25 17:00:00', '2018-07-25 17:00:00'),
(14, 4, 2, 3, '2018-07-25 17:00:00', '2018-07-25 17:00:00'),
(15, 4, 3, 0, '2018-07-25 17:00:00', '2018-07-25 17:00:00'),
(16, 4, 4, 4, '2018-07-25 17:00:00', '2018-07-25 17:00:00');

-- --------------------------------------------------------

--
-- Table structure for table `ulasans`
--

CREATE TABLE `ulasans` (
  `id` int(10) UNSIGNED NOT NULL,
  `user_id` int(10) UNSIGNED NOT NULL,
  `wisata_id` int(10) UNSIGNED NOT NULL,
  `rating` int(11) NOT NULL,
  `komentar` longtext COLLATE utf8mb4_unicode_ci,
  `created_at` timestamp NULL DEFAULT NULL,
  `updated_at` timestamp NULL DEFAULT NULL
) ENGINE=InnoDB DEFAULT CHARSET=utf8mb4 COLLATE=utf8mb4_unicode_ci;

--
-- Dumping data for table `ulasans`
--

INSERT INTO `ulasans` (`id`, `user_id`, `wisata_id`, `rating`, `komentar`, `created_at`, `updated_at`) VALUES
(1, 6, 1, 5, 'ulasan', '2018-07-25 16:26:15', '2018-07-25 23:56:37'),
(2, 6, 2, 5, 'Saya rekomendasikan ini wisata di mesjid ini', '2018-07-25 16:26:15', '2018-07-26 17:19:52'),
(3, 6, 3, 4, 'keren sekali ini tempat sabang', '2018-07-25 16:26:15', '2018-07-26 17:20:19'),
(4, 6, 4, 3, 'ulasan', '2018-07-25 16:26:15', '2018-07-26 17:20:45'),
(5, 6, 5, 5, 'mesjid terbaik di kota aceh', '2018-07-25 16:26:15', '2018-07-26 17:21:25'),
(6, 6, 6, 0, NULL, '2018-07-25 16:26:15', '2018-07-25 16:26:15'),
(7, 6, 7, 0, NULL, '2018-07-25 16:26:15', '2018-07-25 16:26:15'),
(8, 6, 8, 5, 'terbaik', '2018-07-25 16:26:15', '2018-07-26 17:22:04'),
(9, 6, 9, 0, NULL, '2018-07-25 16:26:15', '2018-07-25 16:26:15'),
(10, 6, 10, 0, NULL, '2018-07-25 16:26:15', '2018-07-25 16:26:15'),
(11, 6, 11, 4, 'monumen terbaik', '2018-07-25 16:26:15', '2018-07-26 17:22:27'),
(12, 6, 12, 0, NULL, '2018-07-25 16:26:15', '2018-07-25 16:26:15'),
(13, 6, 13, 0, NULL, '2018-07-25 16:26:15', '2018-07-25 16:26:15'),
(14, 6, 14, 0, NULL, '2018-07-25 16:26:15', '2018-07-25 16:26:15'),
(15, 6, 15, 0, NULL, '2018-07-25 16:26:15', '2018-07-25 16:26:15'),
(16, 6, 16, 0, NULL, '2018-07-25 16:26:15', '2018-07-25 16:26:15'),
(17, 6, 17, 5, 'Puncak terbaik disabang', '2018-07-25 16:26:15', '2018-07-26 17:25:13'),
(18, 6, 18, 3, 'pantai bagus', '2018-07-25 16:26:15', '2018-07-26 17:24:41'),
(19, 6, 19, 5, 'terbaik', '2018-07-25 16:26:15', '2018-07-26 17:23:39'),
(20, 6, 20, 5, 'cakepp', '2018-07-25 16:26:15', '2018-07-26 17:28:53'),
(21, 6, 21, 0, NULL, '2018-07-25 16:26:15', '2018-07-25 16:26:15'),
(22, 6, 22, 0, NULL, '2018-07-25 16:26:15', '2018-07-25 16:26:15'),
(23, 6, 23, 0, NULL, '2018-07-25 16:26:15', '2018-07-25 16:26:15'),
(24, 6, 24, 5, 'tugu sabang terbaik', '2018-07-25 16:26:15', '2018-07-26 17:24:07'),
(25, 6, 25, 0, NULL, '2018-07-25 16:26:15', '2018-07-25 16:26:15'),
(26, 6, 26, 5, 'pantai nya bagus bener', '2018-07-25 16:26:15', '2018-07-26 17:25:45'),
(27, 6, 27, 0, NULL, '2018-07-25 16:26:15', '2018-07-25 16:26:15'),
(28, 6, 28, 0, NULL, '2018-07-25 16:26:15', '2018-07-25 16:26:15'),
(29, 6, 29, 0, NULL, '2018-07-25 16:26:15', '2018-07-25 16:26:15'),
(30, 6, 30, 0, NULL, '2018-07-25 16:26:15', '2018-07-25 16:26:15'),
(31, 6, 31, 0, NULL, '2018-07-25 16:26:15', '2018-07-25 16:26:15'),
(32, 6, 32, 0, NULL, '2018-07-25 16:26:15', '2018-07-25 16:26:15'),
(33, 6, 33, 0, NULL, '2018-07-25 16:26:15', '2018-07-25 16:26:15'),
(34, 6, 34, 0, NULL, '2018-07-25 16:26:15', '2018-07-25 16:26:15'),
(35, 6, 35, 0, NULL, '2018-07-25 16:26:15', '2018-07-25 16:26:15'),
(36, 6, 36, 0, NULL, '2018-07-25 16:26:15', '2018-07-25 16:26:15'),
(37, 6, 37, 0, NULL, '2018-07-25 16:26:15', '2018-07-25 16:26:15'),
(38, 6, 38, 5, '.', '2018-07-25 16:26:15', '2018-07-26 17:26:08'),
(39, 6, 39, 0, NULL, '2018-07-25 16:26:15', '2018-07-25 16:26:15'),
(40, 6, 40, 0, NULL, '2018-07-25 16:26:15', '2018-07-25 16:26:15'),
(41, 6, 41, 0, NULL, '2018-07-25 16:26:15', '2018-07-25 16:26:15'),
(42, 6, 42, 0, NULL, '2018-07-25 16:26:15', '2018-07-25 16:26:15'),
(43, 6, 43, 0, NULL, '2018-07-25 16:26:15', '2018-07-25 16:26:15'),
(44, 6, 44, 0, NULL, '2018-07-25 16:26:15', '2018-07-25 16:26:15'),
(45, 6, 45, 0, NULL, '2018-07-25 16:26:15', '2018-07-25 16:26:15'),
(46, 6, 46, 0, NULL, '2018-07-25 16:26:15', '2018-07-25 16:26:15'),
(47, 6, 47, 0, NULL, '2018-07-25 16:26:15', '2018-07-25 16:26:15'),
(48, 6, 48, 0, NULL, '2018-07-25 16:26:15', '2018-07-25 16:26:15'),
(49, 6, 49, 0, NULL, '2018-07-25 16:26:15', '2018-07-25 16:26:15'),
(50, 6, 50, 0, NULL, '2018-07-25 16:26:15', '2018-07-25 16:26:15'),
(51, 6, 51, 0, NULL, '2018-07-25 16:26:15', '2018-07-25 16:26:15'),
(52, 6, 52, 0, NULL, '2018-07-25 16:26:15', '2018-07-25 16:26:15'),
(53, 6, 53, 0, NULL, '2018-07-25 16:26:15', '2018-07-25 16:26:15'),
(54, 6, 54, 0, NULL, '2018-07-25 16:26:15', '2018-07-25 16:26:15'),
(55, 6, 55, 0, NULL, '2018-07-25 16:26:15', '2018-07-25 16:26:15'),
(56, 6, 56, 0, NULL, '2018-07-25 16:26:15', '2018-07-25 16:26:15'),
(57, 6, 57, 0, NULL, '2018-07-25 16:26:15', '2018-07-25 16:26:15'),
(58, 6, 58, 5, 'mantpa', '2018-07-25 16:26:15', '2018-07-26 17:27:49'),
(59, 6, 59, 0, NULL, '2018-07-25 16:26:15', '2018-07-25 16:26:15'),
(60, 6, 60, 0, NULL, '2018-07-25 16:26:15', '2018-07-25 16:26:15'),
(61, 6, 61, 0, NULL, '2018-07-25 16:26:15', '2018-07-25 16:26:15'),
(62, 6, 62, 0, NULL, '2018-07-25 16:26:15', '2018-07-25 16:26:15'),
(63, 6, 63, 0, NULL, '2018-07-25 16:26:15', '2018-07-25 16:26:15'),
(64, 6, 64, 0, NULL, '2018-07-25 16:26:15', '2018-07-25 16:26:15'),
(65, 6, 65, 0, NULL, '2018-07-25 16:26:15', '2018-07-25 16:26:15'),
(66, 6, 66, 0, NULL, '2018-07-25 16:26:15', '2018-07-25 16:26:15'),
(67, 6, 67, 0, NULL, '2018-07-25 16:26:15', '2018-07-25 16:26:15'),
(68, 6, 68, 0, NULL, '2018-07-25 16:26:15', '2018-07-25 16:26:15'),
(69, 6, 69, 0, NULL, '2018-07-25 16:26:15', '2018-07-25 16:26:15'),
(70, 6, 70, 0, NULL, '2018-07-25 16:26:15', '2018-07-25 16:26:15'),
(71, 6, 71, 0, NULL, '2018-07-25 16:26:15', '2018-07-25 16:26:15'),
(72, 6, 72, 0, NULL, '2018-07-25 16:26:15', '2018-07-25 16:26:15'),
(73, 6, 73, 5, NULL, '2018-07-25 16:26:15', '2018-07-26 17:26:33'),
(74, 6, 74, 0, NULL, '2018-07-25 16:26:15', '2018-07-25 16:26:15'),
(75, 6, 75, 0, NULL, '2018-07-25 16:26:15', '2018-07-25 16:26:15'),
(76, 6, 76, 0, NULL, '2018-07-25 16:26:15', '2018-07-25 16:26:15'),
(77, 6, 77, 0, NULL, '2018-07-25 16:26:15', '2018-07-25 16:26:15'),
(78, 6, 78, 0, NULL, '2018-07-25 16:26:15', '2018-07-25 16:26:15'),
(79, 6, 79, 0, NULL, '2018-07-25 16:26:15', '2018-07-25 16:26:15'),
(92, 7, 1, 3, 'lumayan', '2018-07-26 04:28:38', '2018-07-26 04:29:03'),
(93, 7, 2, 0, NULL, '2018-07-26 04:28:38', '2018-07-26 04:28:38'),
(94, 7, 3, 0, NULL, '2018-07-26 04:28:38', '2018-07-26 04:28:38'),
(95, 7, 4, 0, NULL, '2018-07-26 04:28:38', '2018-07-26 04:28:38'),
(96, 7, 5, 0, NULL, '2018-07-26 04:28:38', '2018-07-26 04:28:38'),
(97, 7, 6, 0, NULL, '2018-07-26 04:28:38', '2018-07-26 04:28:38'),
(98, 7, 7, 0, NULL, '2018-07-26 04:28:38', '2018-07-26 04:28:38'),
(99, 7, 8, 0, NULL, '2018-07-26 04:28:38', '2018-07-26 04:28:38'),
(100, 7, 9, 0, NULL, '2018-07-26 04:28:38', '2018-07-26 04:28:38'),
(101, 7, 10, 0, NULL, '2018-07-26 04:28:38', '2018-07-26 04:28:38'),
(102, 7, 11, 0, NULL, '2018-07-26 04:28:38', '2018-07-26 04:28:38'),
(103, 7, 12, 0, NULL, '2018-07-26 04:28:38', '2018-07-26 04:28:38'),
(104, 7, 13, 0, NULL, '2018-07-26 04:28:38', '2018-07-26 04:28:38'),
(105, 7, 14, 0, NULL, '2018-07-26 04:28:38', '2018-07-26 04:28:38'),
(106, 7, 15, 0, NULL, '2018-07-26 04:28:38', '2018-07-26 04:28:38'),
(107, 7, 16, 0, NULL, '2018-07-26 04:28:38', '2018-07-26 04:28:38'),
(108, 7, 17, 0, NULL, '2018-07-26 04:28:38', '2018-07-26 04:28:38'),
(109, 7, 18, 0, NULL, '2018-07-26 04:28:38', '2018-07-26 04:28:38'),
(110, 7, 19, 0, NULL, '2018-07-26 04:28:38', '2018-07-26 04:28:38'),
(111, 7, 20, 0, NULL, '2018-07-26 04:28:38', '2018-07-26 04:28:38'),
(112, 7, 21, 0, NULL, '2018-07-26 04:28:38', '2018-07-26 04:28:38'),
(113, 7, 22, 0, NULL, '2018-07-26 04:28:38', '2018-07-26 04:28:38'),
(114, 7, 23, 0, NULL, '2018-07-26 04:28:38', '2018-07-26 04:28:38'),
(115, 7, 24, 0, NULL, '2018-07-26 04:28:38', '2018-07-26 04:28:38'),
(116, 7, 25, 0, NULL, '2018-07-26 04:28:38', '2018-07-26 04:28:38'),
(117, 7, 26, 0, NULL, '2018-07-26 04:28:38', '2018-07-26 04:28:38'),
(118, 7, 27, 0, NULL, '2018-07-26 04:28:38', '2018-07-26 04:28:38'),
(119, 7, 28, 0, NULL, '2018-07-26 04:28:38', '2018-07-26 04:28:38'),
(120, 7, 29, 0, NULL, '2018-07-26 04:28:38', '2018-07-26 04:28:38'),
(121, 7, 30, 0, NULL, '2018-07-26 04:28:38', '2018-07-26 04:28:38'),
(122, 7, 31, 0, NULL, '2018-07-26 04:28:38', '2018-07-26 04:28:38'),
(123, 7, 32, 0, NULL, '2018-07-26 04:28:38', '2018-07-26 04:28:38'),
(124, 7, 33, 0, NULL, '2018-07-26 04:28:38', '2018-07-26 04:28:38'),
(125, 7, 34, 0, NULL, '2018-07-26 04:28:38', '2018-07-26 04:28:38'),
(126, 7, 35, 0, NULL, '2018-07-26 04:28:38', '2018-07-26 04:28:38'),
(127, 7, 36, 0, NULL, '2018-07-26 04:28:38', '2018-07-26 04:28:38'),
(128, 7, 37, 0, NULL, '2018-07-26 04:28:38', '2018-07-26 04:28:38'),
(129, 7, 38, 0, NULL, '2018-07-26 04:28:38', '2018-07-26 04:28:38'),
(130, 7, 39, 0, NULL, '2018-07-26 04:28:38', '2018-07-26 04:28:38'),
(131, 7, 40, 0, NULL, '2018-07-26 04:28:38', '2018-07-26 04:28:38'),
(132, 7, 41, 0, NULL, '2018-07-26 04:28:38', '2018-07-26 04:28:38'),
(133, 7, 42, 0, NULL, '2018-07-26 04:28:38', '2018-07-26 04:28:38'),
(134, 7, 43, 0, NULL, '2018-07-26 04:28:38', '2018-07-26 04:28:38'),
(135, 7, 44, 0, NULL, '2018-07-26 04:28:38', '2018-07-26 04:28:38'),
(136, 7, 45, 0, NULL, '2018-07-26 04:28:38', '2018-07-26 04:28:38'),
(137, 7, 46, 0, NULL, '2018-07-26 04:28:38', '2018-07-26 04:28:38'),
(138, 7, 47, 0, NULL, '2018-07-26 04:28:38', '2018-07-26 04:28:38'),
(139, 7, 48, 0, NULL, '2018-07-26 04:28:38', '2018-07-26 04:28:38'),
(140, 7, 49, 0, NULL, '2018-07-26 04:28:38', '2018-07-26 04:28:38'),
(141, 7, 50, 0, NULL, '2018-07-26 04:28:38', '2018-07-26 04:28:38'),
(142, 7, 51, 0, NULL, '2018-07-26 04:28:38', '2018-07-26 04:28:38'),
(143, 7, 52, 0, NULL, '2018-07-26 04:28:38', '2018-07-26 04:28:38'),
(144, 7, 53, 0, NULL, '2018-07-26 04:28:38', '2018-07-26 04:28:38'),
(145, 7, 54, 0, NULL, '2018-07-26 04:28:38', '2018-07-26 04:28:38'),
(146, 7, 55, 0, NULL, '2018-07-26 04:28:38', '2018-07-26 04:28:38'),
(147, 7, 56, 0, NULL, '2018-07-26 04:28:38', '2018-07-26 04:28:38'),
(148, 7, 57, 0, NULL, '2018-07-26 04:28:38', '2018-07-26 04:28:38'),
(149, 7, 58, 0, NULL, '2018-07-26 04:28:38', '2018-07-26 04:28:38'),
(150, 7, 59, 0, NULL, '2018-07-26 04:28:38', '2018-07-26 04:28:38'),
(151, 7, 60, 0, NULL, '2018-07-26 04:28:38', '2018-07-26 04:28:38'),
(152, 7, 61, 0, NULL, '2018-07-26 04:28:38', '2018-07-26 04:28:38'),
(153, 7, 62, 0, NULL, '2018-07-26 04:28:38', '2018-07-26 04:28:38'),
(154, 7, 63, 0, NULL, '2018-07-26 04:28:38', '2018-07-26 04:28:38'),
(155, 7, 64, 0, NULL, '2018-07-26 04:28:39', '2018-07-26 04:28:39'),
(156, 7, 65, 0, NULL, '2018-07-26 04:28:39', '2018-07-26 04:28:39'),
(157, 7, 66, 0, NULL, '2018-07-26 04:28:39', '2018-07-26 04:28:39'),
(158, 7, 67, 0, NULL, '2018-07-26 04:28:39', '2018-07-26 04:28:39'),
(159, 7, 68, 0, NULL, '2018-07-26 04:28:39', '2018-07-26 04:28:39'),
(160, 7, 69, 0, NULL, '2018-07-26 04:28:39', '2018-07-26 04:28:39'),
(161, 7, 70, 0, NULL, '2018-07-26 04:28:39', '2018-07-26 04:28:39'),
(162, 7, 71, 0, NULL, '2018-07-26 04:28:39', '2018-07-26 04:28:39'),
(163, 7, 72, 0, NULL, '2018-07-26 04:28:39', '2018-07-26 04:28:39'),
(164, 7, 73, 0, NULL, '2018-07-26 04:28:39', '2018-07-26 04:28:39'),
(165, 7, 74, 0, NULL, '2018-07-26 04:28:39', '2018-07-26 04:28:39'),
(166, 7, 75, 0, NULL, '2018-07-26 04:28:39', '2018-07-26 04:28:39'),
(167, 7, 76, 0, NULL, '2018-07-26 04:28:39', '2018-07-26 04:28:39'),
(168, 7, 77, 0, NULL, '2018-07-26 04:28:39', '2018-07-26 04:28:39'),
(169, 7, 78, 0, NULL, '2018-07-26 04:28:39', '2018-07-26 04:28:39'),
(170, 7, 79, 0, NULL, '2018-07-26 04:28:39', '2018-07-26 04:28:39'),
(171, 8, 1, 4, 'mantap', '2018-07-26 17:30:36', '2018-07-26 17:30:52'),
(172, 8, 2, 4, 'bagus', '2018-07-26 17:30:36', '2018-07-26 17:31:24'),
(173, 8, 3, 2, 'pelayannan di kilometer kurang', '2018-07-26 17:30:36', '2018-07-26 17:32:10'),
(174, 8, 4, 2, NULL, '2018-07-26 17:30:36', '2018-07-26 17:32:35'),
(175, 8, 5, 4, 'mesjid termega', '2018-07-26 17:30:36', '2018-07-26 17:33:06'),
(176, 8, 6, 5, 'sejarah yang bakalan dikenang tragedi', '2018-07-26 17:30:36', '2018-07-26 17:33:38'),
(177, 8, 7, 0, NULL, '2018-07-26 17:30:36', '2018-07-26 17:30:36'),
(178, 8, 8, 0, NULL, '2018-07-26 17:30:36', '2018-07-26 17:30:36'),
(179, 8, 9, 5, 'wuih', '2018-07-26 17:30:36', '2018-07-26 17:38:32'),
(180, 8, 10, 0, NULL, '2018-07-26 17:30:36', '2018-07-26 17:30:36'),
(181, 8, 11, 0, NULL, '2018-07-26 17:30:36', '2018-07-26 17:30:36'),
(182, 8, 12, 0, NULL, '2018-07-26 17:30:36', '2018-07-26 17:30:36'),
(183, 8, 13, 0, NULL, '2018-07-26 17:30:36', '2018-07-26 17:30:36'),
(184, 8, 14, 0, NULL, '2018-07-26 17:30:36', '2018-07-26 17:30:36'),
(185, 8, 15, 0, NULL, '2018-07-26 17:30:36', '2018-07-26 17:30:36'),
(186, 8, 16, 5, 'terbaik ini pulau kapan\" aku kesini lagi', '2018-07-26 17:30:36', '2018-07-26 17:36:26'),
(187, 8, 17, 0, NULL, '2018-07-26 17:30:36', '2018-07-26 17:30:36'),
(188, 8, 18, 0, NULL, '2018-07-26 17:30:36', '2018-07-26 17:30:36'),
(189, 8, 19, 0, NULL, '2018-07-26 17:30:36', '2018-07-26 17:30:36'),
(190, 8, 20, 0, NULL, '2018-07-26 17:30:36', '2018-07-26 17:30:36'),
(191, 8, 21, 0, NULL, '2018-07-26 17:30:36', '2018-07-26 17:30:36'),
(192, 8, 22, 0, NULL, '2018-07-26 17:30:36', '2018-07-26 17:30:36'),
(193, 8, 23, 0, NULL, '2018-07-26 17:30:36', '2018-07-26 17:30:36'),
(194, 8, 24, 0, NULL, '2018-07-26 17:30:36', '2018-07-26 17:30:36'),
(195, 8, 25, 0, NULL, '2018-07-26 17:30:36', '2018-07-26 17:30:36'),
(196, 8, 26, 0, NULL, '2018-07-26 17:30:36', '2018-07-26 17:30:36'),
(197, 8, 27, 1, 'kurang bersih karena pendatang buang sampah semabarang', '2018-07-26 17:30:36', '2018-07-26 17:35:56'),
(198, 8, 28, 0, NULL, '2018-07-26 17:30:36', '2018-07-26 17:30:36'),
(199, 8, 29, 4, 'oke', '2018-07-26 17:30:36', '2018-07-26 17:35:06'),
(200, 8, 30, 0, NULL, '2018-07-26 17:30:36', '2018-07-26 17:30:36'),
(201, 8, 31, 0, NULL, '2018-07-26 17:30:36', '2018-07-26 17:30:36'),
(202, 8, 32, 0, NULL, '2018-07-26 17:30:36', '2018-07-26 17:30:36'),
(203, 8, 33, 0, NULL, '2018-07-26 17:30:36', '2018-07-26 17:30:36'),
(204, 8, 34, 0, NULL, '2018-07-26 17:30:36', '2018-07-26 17:30:36'),
(205, 8, 35, 0, NULL, '2018-07-26 17:30:36', '2018-07-26 17:30:36'),
(206, 8, 36, 0, NULL, '2018-07-26 17:30:36', '2018-07-26 17:30:36'),
(207, 8, 37, 0, NULL, '2018-07-26 17:30:37', '2018-07-26 17:30:37'),
(208, 8, 38, 0, NULL, '2018-07-26 17:30:37', '2018-07-26 17:30:37'),
(209, 8, 39, 4, 'cakep kali', '2018-07-26 17:30:37', '2018-07-26 17:39:02'),
(210, 8, 40, 0, NULL, '2018-07-26 17:30:37', '2018-07-26 17:30:37'),
(211, 8, 41, 0, NULL, '2018-07-26 17:30:37', '2018-07-26 17:30:37'),
(212, 8, 42, 0, NULL, '2018-07-26 17:30:37', '2018-07-26 17:30:37'),
(213, 8, 43, 5, 'jernih airnya', '2018-07-26 17:30:37', '2018-07-26 17:36:58'),
(214, 8, 44, 0, NULL, '2018-07-26 17:30:37', '2018-07-26 17:30:37'),
(215, 8, 45, 0, NULL, '2018-07-26 17:30:37', '2018-07-26 17:30:37'),
(216, 8, 46, 0, NULL, '2018-07-26 17:30:37', '2018-07-26 17:30:37'),
(217, 8, 47, 0, NULL, '2018-07-26 17:30:37', '2018-07-26 17:30:37'),
(218, 8, 48, 0, NULL, '2018-07-26 17:30:37', '2018-07-26 17:30:37'),
(219, 8, 49, 0, NULL, '2018-07-26 17:30:37', '2018-07-26 17:30:37'),
(220, 8, 50, 0, NULL, '2018-07-26 17:30:37', '2018-07-26 17:30:37'),
(221, 8, 51, 0, NULL, '2018-07-26 17:30:37', '2018-07-26 17:30:37'),
(222, 8, 52, 0, NULL, '2018-07-26 17:30:37', '2018-07-26 17:30:37'),
(223, 8, 53, 0, NULL, '2018-07-26 17:30:37', '2018-07-26 17:30:37'),
(224, 8, 54, 0, NULL, '2018-07-26 17:30:37', '2018-07-26 17:30:37'),
(225, 8, 55, 0, NULL, '2018-07-26 17:30:37', '2018-07-26 17:30:37'),
(226, 8, 56, 0, NULL, '2018-07-26 17:30:37', '2018-07-26 17:30:37'),
(227, 8, 57, 0, NULL, '2018-07-26 17:30:37', '2018-07-26 17:30:37'),
(228, 8, 58, 0, NULL, '2018-07-26 17:30:37', '2018-07-26 17:30:37'),
(229, 8, 59, 0, NULL, '2018-07-26 17:30:37', '2018-07-26 17:30:37'),
(230, 8, 60, 0, NULL, '2018-07-26 17:30:37', '2018-07-26 17:30:37'),
(231, 8, 61, 0, NULL, '2018-07-26 17:30:37', '2018-07-26 17:30:37'),
(232, 8, 62, 0, NULL, '2018-07-26 17:30:37', '2018-07-26 17:30:37'),
(233, 8, 63, 0, NULL, '2018-07-26 17:30:37', '2018-07-26 17:30:37'),
(234, 8, 64, 0, NULL, '2018-07-26 17:30:37', '2018-07-26 17:30:37'),
(235, 8, 65, 0, NULL, '2018-07-26 17:30:37', '2018-07-26 17:30:37'),
(236, 8, 66, 0, NULL, '2018-07-26 17:30:37', '2018-07-26 17:30:37'),
(237, 8, 67, 0, NULL, '2018-07-26 17:30:37', '2018-07-26 17:30:37'),
(238, 8, 68, 0, NULL, '2018-07-26 17:30:37', '2018-07-26 17:30:37'),
(239, 8, 69, 0, NULL, '2018-07-26 17:30:37', '2018-07-26 17:30:37'),
(240, 8, 70, 4, 'mantap', '2018-07-26 17:30:37', '2018-07-26 17:37:55'),
(241, 8, 71, 0, NULL, '2018-07-26 17:30:37', '2018-07-26 17:30:37'),
(242, 8, 72, 0, NULL, '2018-07-26 17:30:37', '2018-07-26 17:30:37'),
(243, 8, 73, 0, NULL, '2018-07-26 17:30:37', '2018-07-26 17:30:37'),
(244, 8, 74, 0, NULL, '2018-07-26 17:30:37', '2018-07-26 17:30:37'),
(245, 8, 75, 0, NULL, '2018-07-26 17:30:37', '2018-07-26 17:30:37'),
(246, 8, 76, 0, NULL, '2018-07-26 17:30:37', '2018-07-26 17:30:37'),
(247, 8, 77, 0, NULL, '2018-07-26 17:30:37', '2018-07-26 17:30:37'),
(248, 8, 78, 0, NULL, '2018-07-26 17:30:37', '2018-07-26 17:30:37'),
(249, 8, 79, 0, NULL, '2018-07-26 17:30:37', '2018-07-26 17:30:37'),
(250, 9, 1, 5, 'pelayanan terbaik', '2018-07-26 17:39:32', '2018-07-26 17:39:47'),
(251, 9, 2, 5, 'mesji terbaik di aceh dengan sejarahnya', '2018-07-26 17:39:32', '2018-07-26 17:40:19'),
(252, 9, 3, 0, NULL, '2018-07-26 17:39:32', '2018-07-26 17:39:32'),
(253, 9, 4, 0, NULL, '2018-07-26 17:39:32', '2018-07-26 17:39:32'),
(254, 9, 5, 0, NULL, '2018-07-26 17:39:32', '2018-07-26 17:39:32'),
(255, 9, 6, 0, NULL, '2018-07-26 17:39:32', '2018-07-26 17:39:32'),
(256, 9, 7, 4, 'mesjid tertua', '2018-07-26 17:39:32', '2018-07-26 17:44:36'),
(257, 9, 8, 0, NULL, '2018-07-26 17:39:32', '2018-07-26 17:39:32'),
(258, 9, 9, 0, NULL, '2018-07-26 17:39:32', '2018-07-26 17:39:32'),
(259, 9, 10, 0, NULL, '2018-07-26 17:39:32', '2018-07-26 17:39:32'),
(260, 9, 11, 0, NULL, '2018-07-26 17:39:32', '2018-07-26 17:39:32'),
(261, 9, 12, 0, NULL, '2018-07-26 17:39:32', '2018-07-26 17:39:32'),
(262, 9, 13, 0, NULL, '2018-07-26 17:39:32', '2018-07-26 17:39:32'),
(263, 9, 14, 0, NULL, '2018-07-26 17:39:32', '2018-07-26 17:39:32'),
(264, 9, 15, 0, NULL, '2018-07-26 17:39:32', '2018-07-26 17:39:32'),
(265, 9, 16, 5, 'mantap', '2018-07-26 17:39:32', '2018-07-26 17:40:43'),
(266, 9, 17, 5, 'cakep', '2018-07-26 17:39:32', '2018-07-26 17:41:10'),
(267, 9, 18, 0, NULL, '2018-07-26 17:39:32', '2018-07-26 17:39:32'),
(268, 9, 19, 0, NULL, '2018-07-26 17:39:32', '2018-07-26 17:39:32'),
(269, 9, 20, 0, NULL, '2018-07-26 17:39:32', '2018-07-26 17:39:32'),
(270, 9, 21, 0, NULL, '2018-07-26 17:39:32', '2018-07-26 17:39:32'),
(271, 9, 22, 0, NULL, '2018-07-26 17:39:32', '2018-07-26 17:39:32'),
(272, 9, 23, 0, NULL, '2018-07-26 17:39:32', '2018-07-26 17:39:32'),
(273, 9, 24, 0, NULL, '2018-07-26 17:39:32', '2018-07-26 17:39:32'),
(274, 9, 25, 0, NULL, '2018-07-26 17:39:32', '2018-07-26 17:39:32'),
(275, 9, 26, 0, NULL, '2018-07-26 17:39:32', '2018-07-26 17:39:32'),
(276, 9, 27, 0, NULL, '2018-07-26 17:39:32', '2018-07-26 17:39:32'),
(277, 9, 28, 0, NULL, '2018-07-26 17:39:32', '2018-07-26 17:39:32'),
(278, 9, 29, 5, 'keren banget sumpah', '2018-07-26 17:39:32', '2018-07-26 17:43:00'),
(279, 9, 30, 0, NULL, '2018-07-26 17:39:32', '2018-07-26 17:39:32'),
(280, 9, 31, 0, NULL, '2018-07-26 17:39:32', '2018-07-26 17:39:32'),
(281, 9, 32, 0, NULL, '2018-07-26 17:39:32', '2018-07-26 17:39:32'),
(282, 9, 33, 0, NULL, '2018-07-26 17:39:32', '2018-07-26 17:39:32'),
(283, 9, 34, 3, 'makam raja raja', '2018-07-26 17:39:32', '2018-07-26 17:42:08'),
(284, 9, 35, 0, NULL, '2018-07-26 17:39:32', '2018-07-26 17:39:32'),
(285, 9, 36, 0, NULL, '2018-07-26 17:39:32', '2018-07-26 17:39:32'),
(286, 9, 37, 0, NULL, '2018-07-26 17:39:32', '2018-07-26 17:39:32'),
(287, 9, 38, 0, NULL, '2018-07-26 17:39:32', '2018-07-26 17:39:32'),
(288, 9, 39, 0, NULL, '2018-07-26 17:39:32', '2018-07-26 17:39:32'),
(289, 9, 40, 5, 'jernih airnya', '2018-07-26 17:39:32', '2018-07-26 17:42:34'),
(290, 9, 41, 4, 'tingkatkan pelayanan', '2018-07-26 17:39:32', '2018-07-26 17:41:40'),
(291, 9, 42, 0, NULL, '2018-07-26 17:39:32', '2018-07-26 17:39:32'),
(292, 9, 43, 0, NULL, '2018-07-26 17:39:32', '2018-07-26 17:39:32'),
(293, 9, 44, 0, NULL, '2018-07-26 17:39:32', '2018-07-26 17:39:32'),
(294, 9, 45, 0, NULL, '2018-07-26 17:39:32', '2018-07-26 17:39:32'),
(295, 9, 46, 0, NULL, '2018-07-26 17:39:32', '2018-07-26 17:39:32'),
(296, 9, 47, 0, NULL, '2018-07-26 17:39:32', '2018-07-26 17:39:32'),
(297, 9, 48, 0, NULL, '2018-07-26 17:39:32', '2018-07-26 17:39:32'),
(298, 9, 49, 0, NULL, '2018-07-26 17:39:32', '2018-07-26 17:39:32'),
(299, 9, 50, 0, NULL, '2018-07-26 17:39:33', '2018-07-26 17:39:33'),
(300, 9, 51, 0, NULL, '2018-07-26 17:39:33', '2018-07-26 17:39:33'),
(301, 9, 52, 0, NULL, '2018-07-26 17:39:33', '2018-07-26 17:39:33'),
(302, 9, 53, 0, NULL, '2018-07-26 17:39:33', '2018-07-26 17:39:33'),
(303, 9, 54, 0, NULL, '2018-07-26 17:39:33', '2018-07-26 17:39:33'),
(304, 9, 55, 0, NULL, '2018-07-26 17:39:33', '2018-07-26 17:39:33'),
(305, 9, 56, 0, NULL, '2018-07-26 17:39:33', '2018-07-26 17:39:33'),
(306, 9, 57, 0, NULL, '2018-07-26 17:39:33', '2018-07-26 17:39:33'),
(307, 9, 58, 0, NULL, '2018-07-26 17:39:33', '2018-07-26 17:39:33'),
(308, 9, 59, 0, NULL, '2018-07-26 17:39:33', '2018-07-26 17:39:33'),
(309, 9, 60, 0, NULL, '2018-07-26 17:39:33', '2018-07-26 17:39:33'),
(310, 9, 61, 0, NULL, '2018-07-26 17:39:33', '2018-07-26 17:39:33'),
(311, 9, 62, 0, NULL, '2018-07-26 17:39:33', '2018-07-26 17:39:33'),
(312, 9, 63, 0, NULL, '2018-07-26 17:39:33', '2018-07-26 17:39:33'),
(313, 9, 64, 0, NULL, '2018-07-26 17:39:33', '2018-07-26 17:39:33'),
(314, 9, 65, 0, NULL, '2018-07-26 17:39:33', '2018-07-26 17:39:33'),
(315, 9, 66, 0, NULL, '2018-07-26 17:39:33', '2018-07-26 17:39:33'),
(316, 9, 67, 0, NULL, '2018-07-26 17:39:33', '2018-07-26 17:39:33'),
(317, 9, 68, 0, NULL, '2018-07-26 17:39:33', '2018-07-26 17:39:33'),
(318, 9, 69, 0, NULL, '2018-07-26 17:39:33', '2018-07-26 17:39:33'),
(319, 9, 70, 0, NULL, '2018-07-26 17:39:33', '2018-07-26 17:39:33'),
(320, 9, 71, 5, 'wuih', '2018-07-26 17:39:33', '2018-07-26 17:43:37'),
(321, 9, 72, 4, 'keren juga ini tempat', '2018-07-26 17:39:33', '2018-07-26 17:44:11'),
(322, 9, 73, 0, NULL, '2018-07-26 17:39:33', '2018-07-26 17:39:33'),
(323, 9, 74, 0, NULL, '2018-07-26 17:39:33', '2018-07-26 17:39:33'),
(324, 9, 75, 0, NULL, '2018-07-26 17:39:33', '2018-07-26 17:39:33'),
(325, 9, 76, 0, NULL, '2018-07-26 17:39:33', '2018-07-26 17:39:33'),
(326, 9, 77, 0, NULL, '2018-07-26 17:39:33', '2018-07-26 17:39:33'),
(327, 9, 78, 0, NULL, '2018-07-26 17:39:33', '2018-07-26 17:39:33'),
(328, 9, 79, 0, NULL, '2018-07-26 17:39:33', '2018-07-26 17:39:33'),
(329, 10, 1, 5, 'bagus kali ini mesjid', '2018-07-26 17:45:05', '2018-07-26 17:45:49'),
(330, 10, 2, 0, NULL, '2018-07-26 17:45:05', '2018-07-26 17:45:05'),
(331, 10, 3, 4, 'bagus ni', '2018-07-26 17:45:05', '2018-07-26 17:46:48'),
(332, 10, 4, 0, NULL, '2018-07-26 17:45:05', '2018-07-26 17:45:05'),
(333, 10, 5, 5, 'cakep', '2018-07-26 17:45:05', '2018-07-26 17:45:31'),
(334, 10, 6, 0, NULL, '2018-07-26 17:45:05', '2018-07-26 17:45:05'),
(335, 10, 7, 0, NULL, '2018-07-26 17:45:05', '2018-07-26 17:45:05'),
(336, 10, 8, 0, NULL, '2018-07-26 17:45:05', '2018-07-26 17:45:05'),
(337, 10, 9, 0, NULL, '2018-07-26 17:45:05', '2018-07-26 17:45:05'),
(338, 10, 10, 0, NULL, '2018-07-26 17:45:05', '2018-07-26 17:45:05'),
(339, 10, 11, 0, NULL, '2018-07-26 17:45:05', '2018-07-26 17:45:05'),
(340, 10, 12, 5, 'cakep', '2018-07-26 17:45:05', '2018-07-26 17:48:29'),
(341, 10, 13, 0, NULL, '2018-07-26 17:45:05', '2018-07-26 17:45:05'),
(342, 10, 14, 0, NULL, '2018-07-26 17:45:05', '2018-07-26 17:45:05'),
(343, 10, 15, 0, NULL, '2018-07-26 17:45:05', '2018-07-26 17:45:05'),
(344, 10, 16, 0, NULL, '2018-07-26 17:45:05', '2018-07-26 17:45:05'),
(345, 10, 17, 0, NULL, '2018-07-26 17:45:05', '2018-07-26 17:45:05'),
(346, 10, 18, 0, NULL, '2018-07-26 17:45:05', '2018-07-26 17:45:05'),
(347, 10, 19, 4, '.', '2018-07-26 17:45:05', '2018-07-26 17:46:14'),
(348, 10, 20, 0, NULL, '2018-07-26 17:45:05', '2018-07-26 17:45:05'),
(349, 10, 21, 0, NULL, '2018-07-26 17:45:05', '2018-07-26 17:45:05'),
(350, 10, 22, 0, NULL, '2018-07-26 17:45:05', '2018-07-26 17:45:05'),
(351, 10, 23, 0, NULL, '2018-07-26 17:45:05', '2018-07-26 17:45:05'),
(352, 10, 24, 5, 'ini mantap pengen kesana ni', '2018-07-26 17:45:05', '2018-07-26 17:47:18'),
(353, 10, 25, 0, NULL, '2018-07-26 17:45:05', '2018-07-26 17:45:05'),
(354, 10, 26, 0, NULL, '2018-07-26 17:45:05', '2018-07-26 17:45:05'),
(355, 10, 27, 0, NULL, '2018-07-26 17:45:05', '2018-07-26 17:45:05'),
(356, 10, 28, 0, NULL, '2018-07-26 17:45:05', '2018-07-26 17:45:05'),
(357, 10, 29, 0, NULL, '2018-07-26 17:45:05', '2018-07-26 17:45:05'),
(358, 10, 30, 0, NULL, '2018-07-26 17:45:05', '2018-07-26 17:45:05'),
(359, 10, 31, 0, NULL, '2018-07-26 17:45:05', '2018-07-26 17:45:05'),
(360, 10, 32, 0, NULL, '2018-07-26 17:45:05', '2018-07-26 17:45:05'),
(361, 10, 33, 0, NULL, '2018-07-26 17:45:05', '2018-07-26 17:45:05'),
(362, 10, 34, 0, NULL, '2018-07-26 17:45:05', '2018-07-26 17:45:05'),
(363, 10, 35, 0, NULL, '2018-07-26 17:45:05', '2018-07-26 17:45:05'),
(364, 10, 36, 0, NULL, '2018-07-26 17:45:05', '2018-07-26 17:45:05'),
(365, 10, 37, 0, NULL, '2018-07-26 17:45:05', '2018-07-26 17:45:05'),
(366, 10, 38, 0, NULL, '2018-07-26 17:45:05', '2018-07-26 17:45:05'),
(367, 10, 39, 0, NULL, '2018-07-26 17:45:05', '2018-07-26 17:45:05'),
(368, 10, 40, 0, NULL, '2018-07-26 17:45:05', '2018-07-26 17:45:05'),
(369, 10, 41, 0, NULL, '2018-07-26 17:45:05', '2018-07-26 17:45:05'),
(370, 10, 42, 0, NULL, '2018-07-26 17:45:05', '2018-07-26 17:45:05'),
(371, 10, 43, 0, NULL, '2018-07-26 17:45:05', '2018-07-26 17:45:05'),
(372, 10, 44, 0, NULL, '2018-07-26 17:45:05', '2018-07-26 17:45:05'),
(373, 10, 45, 5, 'cakep', '2018-07-26 17:45:05', '2018-07-26 17:48:09'),
(374, 10, 46, 0, NULL, '2018-07-26 17:45:05', '2018-07-26 17:45:05'),
(375, 10, 47, 0, NULL, '2018-07-26 17:45:05', '2018-07-26 17:45:05'),
(376, 10, 48, 0, NULL, '2018-07-26 17:45:05', '2018-07-26 17:45:05'),
(377, 10, 49, 0, NULL, '2018-07-26 17:45:05', '2018-07-26 17:45:05'),
(378, 10, 50, 0, NULL, '2018-07-26 17:45:05', '2018-07-26 17:45:05'),
(379, 10, 51, 0, NULL, '2018-07-26 17:45:05', '2018-07-26 17:45:05'),
(380, 10, 52, 3, 'lumayan', '2018-07-26 17:45:05', '2018-07-26 17:47:45'),
(381, 10, 53, 0, NULL, '2018-07-26 17:45:05', '2018-07-26 17:45:05'),
(382, 10, 54, 0, NULL, '2018-07-26 17:45:05', '2018-07-26 17:45:05'),
(383, 10, 55, 0, NULL, '2018-07-26 17:45:05', '2018-07-26 17:45:05'),
(384, 10, 56, 0, NULL, '2018-07-26 17:45:05', '2018-07-26 17:45:05'),
(385, 10, 57, 0, NULL, '2018-07-26 17:45:05', '2018-07-26 17:45:05'),
(386, 10, 58, 0, NULL, '2018-07-26 17:45:05', '2018-07-26 17:45:05'),
(387, 10, 59, 0, NULL, '2018-07-26 17:45:05', '2018-07-26 17:45:05'),
(388, 10, 60, 0, NULL, '2018-07-26 17:45:05', '2018-07-26 17:45:05'),
(389, 10, 61, 0, NULL, '2018-07-26 17:45:05', '2018-07-26 17:45:05'),
(390, 10, 62, 0, NULL, '2018-07-26 17:45:05', '2018-07-26 17:45:05'),
(391, 10, 63, 0, NULL, '2018-07-26 17:45:05', '2018-07-26 17:45:05'),
(392, 10, 64, 0, NULL, '2018-07-26 17:45:05', '2018-07-26 17:45:05'),
(393, 10, 65, 0, NULL, '2018-07-26 17:45:05', '2018-07-26 17:45:05'),
(394, 10, 66, 0, NULL, '2018-07-26 17:45:05', '2018-07-26 17:45:05'),
(395, 10, 67, 0, NULL, '2018-07-26 17:45:05', '2018-07-26 17:45:05'),
(396, 10, 68, 0, NULL, '2018-07-26 17:45:05', '2018-07-26 17:45:05'),
(397, 10, 69, 0, NULL, '2018-07-26 17:45:05', '2018-07-26 17:45:05'),
(398, 10, 70, 0, NULL, '2018-07-26 17:45:05', '2018-07-26 17:45:05'),
(399, 10, 71, 0, NULL, '2018-07-26 17:45:05', '2018-07-26 17:45:05'),
(400, 10, 72, 0, NULL, '2018-07-26 17:45:05', '2018-07-26 17:45:05'),
(401, 10, 73, 0, NULL, '2018-07-26 17:45:05', '2018-07-26 17:45:05'),
(402, 10, 74, 0, NULL, '2018-07-26 17:45:05', '2018-07-26 17:45:05'),
(403, 10, 75, 0, NULL, '2018-07-26 17:45:05', '2018-07-26 17:45:05'),
(404, 10, 76, 0, NULL, '2018-07-26 17:45:05', '2018-07-26 17:45:05'),
(405, 10, 77, 0, NULL, '2018-07-26 17:45:05', '2018-07-26 17:45:05'),
(406, 10, 78, 0, NULL, '2018-07-26 17:45:05', '2018-07-26 17:45:05'),
(407, 10, 79, 0, NULL, '2018-07-26 17:45:05', '2018-07-26 17:45:05'),
(408, 11, 1, 5, 'mantap', '2018-07-26 17:49:04', '2018-07-26 17:49:20'),
(409, 11, 2, 5, 'pengen kesini', '2018-07-26 17:49:04', '2018-07-26 17:51:32'),
(410, 11, 3, 5, 'cakep ni', '2018-07-26 17:49:04', '2018-07-26 17:56:11'),
(411, 11, 4, 4, NULL, '2018-07-26 17:49:04', '2018-07-26 17:55:09'),
(412, 11, 5, 5, 'mejsid tekomendasi', '2018-07-26 17:49:04', '2018-07-26 17:56:37'),
(413, 11, 6, 0, NULL, '2018-07-26 17:49:04', '2018-07-26 17:49:04'),
(414, 11, 7, 0, NULL, '2018-07-26 17:49:04', '2018-07-26 17:49:04'),
(415, 11, 8, 0, NULL, '2018-07-26 17:49:04', '2018-07-26 17:49:04'),
(416, 11, 9, 0, NULL, '2018-07-26 17:49:04', '2018-07-26 17:49:04'),
(417, 11, 10, 0, NULL, '2018-07-26 17:49:04', '2018-07-26 17:49:04'),
(418, 11, 11, 5, 'cakep ada sejarahnya', '2018-07-26 17:49:04', '2018-07-26 17:54:29'),
(419, 11, 12, 5, 'mantap', '2018-07-26 17:49:04', '2018-07-26 17:54:49'),
(420, 11, 13, 5, 'pantai jernih', '2018-07-26 17:49:04', '2018-07-26 17:55:33'),
(421, 11, 14, 0, NULL, '2018-07-26 17:49:04', '2018-07-26 17:49:04'),
(422, 11, 15, 0, NULL, '2018-07-26 17:49:04', '2018-07-26 17:49:04'),
(423, 11, 16, 5, 'pengen kesana', '2018-07-26 17:49:04', '2018-07-26 17:50:19'),
(424, 11, 17, 0, NULL, '2018-07-26 17:49:04', '2018-07-26 17:49:04'),
(425, 11, 18, 0, NULL, '2018-07-26 17:49:04', '2018-07-26 17:49:04'),
(426, 11, 19, 0, NULL, '2018-07-26 17:49:04', '2018-07-26 17:49:04'),
(427, 11, 20, 0, NULL, '2018-07-26 17:49:04', '2018-07-26 17:49:04'),
(428, 11, 21, 0, NULL, '2018-07-26 17:49:04', '2018-07-26 17:49:04'),
(429, 11, 22, 0, NULL, '2018-07-26 17:49:04', '2018-07-26 17:49:04'),
(430, 11, 23, 0, NULL, '2018-07-26 17:49:04', '2018-07-26 17:49:04'),
(431, 11, 24, 5, 'kilometer 0', '2018-07-26 17:49:04', '2018-07-26 17:53:24'),
(432, 11, 25, 0, NULL, '2018-07-26 17:49:04', '2018-07-26 17:49:04'),
(433, 11, 26, 0, NULL, '2018-07-26 17:49:04', '2018-07-26 17:49:04'),
(434, 11, 27, 0, NULL, '2018-07-26 17:49:04', '2018-07-26 17:49:04'),
(435, 11, 28, 0, NULL, '2018-07-26 17:49:04', '2018-07-26 17:49:04'),
(436, 11, 29, 0, NULL, '2018-07-26 17:49:04', '2018-07-26 17:49:04'),
(437, 11, 30, 0, NULL, '2018-07-26 17:49:04', '2018-07-26 17:49:04'),
(438, 11, 31, 0, NULL, '2018-07-26 17:49:04', '2018-07-26 17:49:04'),
(439, 11, 32, 0, NULL, '2018-07-26 17:49:04', '2018-07-26 17:49:04'),
(440, 11, 33, 0, NULL, '2018-07-26 17:49:04', '2018-07-26 17:49:04'),
(441, 11, 34, 0, NULL, '2018-07-26 17:49:04', '2018-07-26 17:49:04'),
(442, 11, 35, 0, NULL, '2018-07-26 17:49:04', '2018-07-26 17:49:04'),
(443, 11, 36, 0, NULL, '2018-07-26 17:49:04', '2018-07-26 17:49:04'),
(444, 11, 37, 0, NULL, '2018-07-26 17:49:04', '2018-07-26 17:49:04'),
(445, 11, 38, 5, 'pulau tersembunyi', '2018-07-26 17:49:04', '2018-07-26 17:53:00'),
(446, 11, 39, 0, NULL, '2018-07-26 17:49:04', '2018-07-26 17:49:04'),
(447, 11, 40, 0, NULL, '2018-07-26 17:49:04', '2018-07-26 17:49:04'),
(448, 11, 41, 0, NULL, '2018-07-26 17:49:04', '2018-07-26 17:49:04'),
(449, 11, 42, 0, NULL, '2018-07-26 17:49:04', '2018-07-26 17:49:04'),
(450, 11, 43, 0, NULL, '2018-07-26 17:49:04', '2018-07-26 17:49:04'),
(451, 11, 44, 0, NULL, '2018-07-26 17:49:04', '2018-07-26 17:49:04'),
(452, 11, 45, 0, NULL, '2018-07-26 17:49:04', '2018-07-26 17:49:04'),
(453, 11, 46, 0, NULL, '2018-07-26 17:49:04', '2018-07-26 17:49:04'),
(454, 11, 47, 0, NULL, '2018-07-26 17:49:04', '2018-07-26 17:49:04'),
(455, 11, 48, 0, NULL, '2018-07-26 17:49:04', '2018-07-26 17:49:04'),
(456, 11, 49, 0, NULL, '2018-07-26 17:49:04', '2018-07-26 17:49:04'),
(457, 11, 50, 0, NULL, '2018-07-26 17:49:04', '2018-07-26 17:49:04'),
(458, 11, 51, 0, NULL, '2018-07-26 17:49:04', '2018-07-26 17:49:04'),
(459, 11, 52, 0, NULL, '2018-07-26 17:49:04', '2018-07-26 17:49:04'),
(460, 11, 53, 0, NULL, '2018-07-26 17:49:04', '2018-07-26 17:49:04'),
(461, 11, 54, 0, NULL, '2018-07-26 17:49:04', '2018-07-26 17:49:04'),
(462, 11, 55, 0, NULL, '2018-07-26 17:49:04', '2018-07-26 17:49:04'),
(463, 11, 56, 0, NULL, '2018-07-26 17:49:04', '2018-07-26 17:49:04'),
(464, 11, 57, 0, NULL, '2018-07-26 17:49:04', '2018-07-26 17:49:04'),
(465, 11, 58, 0, NULL, '2018-07-26 17:49:04', '2018-07-26 17:49:04'),
(466, 11, 59, 0, NULL, '2018-07-26 17:49:04', '2018-07-26 17:49:04'),
(467, 11, 60, 0, NULL, '2018-07-26 17:49:05', '2018-07-26 17:49:05'),
(468, 11, 61, 0, NULL, '2018-07-26 17:49:05', '2018-07-26 17:49:05'),
(469, 11, 62, 0, NULL, '2018-07-26 17:49:05', '2018-07-26 17:49:05'),
(470, 11, 63, 0, NULL, '2018-07-26 17:49:05', '2018-07-26 17:49:05'),
(471, 11, 64, 0, NULL, '2018-07-26 17:49:05', '2018-07-26 17:49:05'),
(472, 11, 65, 0, NULL, '2018-07-26 17:49:05', '2018-07-26 17:49:05'),
(473, 11, 66, 0, NULL, '2018-07-26 17:49:05', '2018-07-26 17:49:05'),
(474, 11, 67, 0, NULL, '2018-07-26 17:49:05', '2018-07-26 17:49:05'),
(475, 11, 68, 0, NULL, '2018-07-26 17:49:05', '2018-07-26 17:49:05'),
(476, 11, 69, 0, NULL, '2018-07-26 17:49:05', '2018-07-26 17:49:05'),
(477, 11, 70, 5, 'pulau tersembunyi', '2018-07-26 17:49:05', '2018-07-26 17:54:05'),
(478, 11, 71, 0, NULL, '2018-07-26 17:49:05', '2018-07-26 17:49:05'),
(479, 11, 72, 0, NULL, '2018-07-26 17:49:05', '2018-07-26 17:49:05'),
(480, 11, 73, 4, 'pengen kesini', '2018-07-26 17:49:05', '2018-07-26 17:50:59'),
(481, 11, 74, 0, NULL, '2018-07-26 17:49:05', '2018-07-26 17:49:05'),
(482, 11, 75, 0, NULL, '2018-07-26 17:49:05', '2018-07-26 17:49:05'),
(483, 11, 76, 0, NULL, '2018-07-26 17:49:05', '2018-07-26 17:49:05'),
(484, 11, 77, 0, NULL, '2018-07-26 17:49:05', '2018-07-26 17:49:05'),
(485, 11, 78, 0, NULL, '2018-07-26 17:49:05', '2018-07-26 17:49:05'),
(486, 11, 79, 0, NULL, '2018-07-26 17:49:05', '2018-07-26 17:49:05'),
(487, 12, 1, 4, 'rekomendasi wisata', '2018-07-26 17:57:11', '2018-07-26 17:57:29'),
(488, 12, 2, 5, 'rekomendasi wisata', '2018-07-26 17:57:11', '2018-07-26 17:57:46'),
(489, 12, 3, 5, 'rekomendasi wisata', '2018-07-26 17:57:11', '2018-07-26 17:58:03'),
(490, 12, 4, 5, 'rekomendasi wisata', '2018-07-26 17:57:11', '2018-07-26 18:00:27'),
(491, 12, 5, 0, NULL, '2018-07-26 17:57:11', '2018-07-26 17:57:11'),
(492, 12, 6, 0, NULL, '2018-07-26 17:57:11', '2018-07-26 17:57:11'),
(493, 12, 7, 0, NULL, '2018-07-26 17:57:11', '2018-07-26 17:57:11'),
(494, 12, 8, 0, NULL, '2018-07-26 17:57:11', '2018-07-26 17:57:11'),
(495, 12, 9, 0, NULL, '2018-07-26 17:57:11', '2018-07-26 17:57:11'),
(496, 12, 10, 0, NULL, '2018-07-26 17:57:11', '2018-07-26 17:57:11'),
(497, 12, 11, 0, NULL, '2018-07-26 17:57:11', '2018-07-26 17:57:11'),
(498, 12, 12, 0, NULL, '2018-07-26 17:57:11', '2018-07-26 17:57:11'),
(499, 12, 13, 0, NULL, '2018-07-26 17:57:11', '2018-07-26 17:57:11'),
(500, 12, 14, 0, NULL, '2018-07-26 17:57:11', '2018-07-26 17:57:11'),
(501, 12, 15, 5, 'rekomendasi wisata', '2018-07-26 17:57:11', '2018-07-26 18:00:58'),
(502, 12, 16, 5, 'rekomendasi wisata', '2018-07-26 17:57:11', '2018-07-26 17:58:32'),
(503, 12, 17, 0, NULL, '2018-07-26 17:57:11', '2018-07-26 17:57:11'),
(504, 12, 18, 0, NULL, '2018-07-26 17:57:11', '2018-07-26 17:57:11'),
(505, 12, 19, 5, 'rekomendasi wisata', '2018-07-26 17:57:11', '2018-07-26 17:58:56'),
(506, 12, 20, 0, NULL, '2018-07-26 17:57:11', '2018-07-26 17:57:11'),
(507, 12, 21, 0, NULL, '2018-07-26 17:57:11', '2018-07-26 17:57:11'),
(508, 12, 22, 0, NULL, '2018-07-26 17:57:11', '2018-07-26 17:57:11'),
(509, 12, 23, 0, NULL, '2018-07-26 17:57:11', '2018-07-26 17:57:11'),
(510, 12, 24, 0, NULL, '2018-07-26 17:57:11', '2018-07-26 17:57:11'),
(511, 12, 25, 0, NULL, '2018-07-26 17:57:11', '2018-07-26 17:57:11'),
(512, 12, 26, 0, NULL, '2018-07-26 17:57:11', '2018-07-26 17:57:11'),
(513, 12, 27, 0, NULL, '2018-07-26 17:57:11', '2018-07-26 17:57:11'),
(514, 12, 28, 0, NULL, '2018-07-26 17:57:11', '2018-07-26 17:57:11'),
(515, 12, 29, 4, 'rekomendasi wisata', '2018-07-26 17:57:11', '2018-07-26 18:00:10'),
(516, 12, 30, 0, NULL, '2018-07-26 17:57:11', '2018-07-26 17:57:11'),
(517, 12, 31, 0, NULL, '2018-07-26 17:57:11', '2018-07-26 17:57:11'),
(518, 12, 32, 0, NULL, '2018-07-26 17:57:11', '2018-07-26 17:57:11'),
(519, 12, 33, 0, NULL, '2018-07-26 17:57:11', '2018-07-26 17:57:11'),
(520, 12, 34, 0, NULL, '2018-07-26 17:57:11', '2018-07-26 17:57:11'),
(521, 12, 35, 0, NULL, '2018-07-26 17:57:11', '2018-07-26 17:57:11'),
(522, 12, 36, 4, 'rekomendasi wisata', '2018-07-26 17:57:11', '2018-07-26 17:59:25'),
(523, 12, 37, 0, NULL, '2018-07-26 17:57:11', '2018-07-26 17:57:11'),
(524, 12, 38, 0, NULL, '2018-07-26 17:57:11', '2018-07-26 17:57:11'),
(525, 12, 39, 0, NULL, '2018-07-26 17:57:11', '2018-07-26 17:57:11'),
(526, 12, 40, 0, NULL, '2018-07-26 17:57:11', '2018-07-26 17:57:11'),
(527, 12, 41, 0, NULL, '2018-07-26 17:57:11', '2018-07-26 17:57:11'),
(528, 12, 42, 0, NULL, '2018-07-26 17:57:11', '2018-07-26 17:57:11'),
(529, 12, 43, 0, NULL, '2018-07-26 17:57:11', '2018-07-26 17:57:11'),
(530, 12, 44, 0, NULL, '2018-07-26 17:57:11', '2018-07-26 17:57:11'),
(531, 12, 45, 0, NULL, '2018-07-26 17:57:11', '2018-07-26 17:57:11'),
(532, 12, 46, 0, NULL, '2018-07-26 17:57:11', '2018-07-26 17:57:11'),
(533, 12, 47, 0, NULL, '2018-07-26 17:57:11', '2018-07-26 17:57:11'),
(534, 12, 48, 0, NULL, '2018-07-26 17:57:11', '2018-07-26 17:57:11'),
(535, 12, 49, 0, NULL, '2018-07-26 17:57:11', '2018-07-26 17:57:11'),
(536, 12, 50, 0, NULL, '2018-07-26 17:57:11', '2018-07-26 17:57:11'),
(537, 12, 51, 0, NULL, '2018-07-26 17:57:11', '2018-07-26 17:57:11'),
(538, 12, 52, 0, NULL, '2018-07-26 17:57:11', '2018-07-26 17:57:11'),
(539, 12, 53, 0, NULL, '2018-07-26 17:57:11', '2018-07-26 17:57:11'),
(540, 12, 54, 0, NULL, '2018-07-26 17:57:11', '2018-07-26 17:57:11'),
(541, 12, 55, 0, NULL, '2018-07-26 17:57:11', '2018-07-26 17:57:11'),
(542, 12, 56, 0, NULL, '2018-07-26 17:57:11', '2018-07-26 17:57:11'),
(543, 12, 57, 0, NULL, '2018-07-26 17:57:11', '2018-07-26 17:57:11'),
(544, 12, 58, 0, NULL, '2018-07-26 17:57:11', '2018-07-26 17:57:11'),
(545, 12, 59, 0, NULL, '2018-07-26 17:57:11', '2018-07-26 17:57:11'),
(546, 12, 60, 0, NULL, '2018-07-26 17:57:11', '2018-07-26 17:57:11'),
(547, 12, 61, 0, NULL, '2018-07-26 17:57:11', '2018-07-26 17:57:11'),
(548, 12, 62, 0, NULL, '2018-07-26 17:57:11', '2018-07-26 17:57:11'),
(549, 12, 63, 0, NULL, '2018-07-26 17:57:11', '2018-07-26 17:57:11'),
(550, 12, 64, 0, NULL, '2018-07-26 17:57:11', '2018-07-26 17:57:11'),
(551, 12, 65, 0, NULL, '2018-07-26 17:57:11', '2018-07-26 17:57:11'),
(552, 12, 66, 0, NULL, '2018-07-26 17:57:11', '2018-07-26 17:57:11'),
(553, 12, 67, 0, NULL, '2018-07-26 17:57:11', '2018-07-26 17:57:11'),
(554, 12, 68, 0, NULL, '2018-07-26 17:57:11', '2018-07-26 17:57:11'),
(555, 12, 69, 0, NULL, '2018-07-26 17:57:11', '2018-07-26 17:57:11'),
(556, 12, 70, 5, 'rekomendasi wisata', '2018-07-26 17:57:11', '2018-07-26 17:59:49'),
(557, 12, 71, 0, NULL, '2018-07-26 17:57:11', '2018-07-26 17:57:11'),
(558, 12, 72, 0, NULL, '2018-07-26 17:57:11', '2018-07-26 17:57:11'),
(559, 12, 73, 0, NULL, '2018-07-26 17:57:11', '2018-07-26 17:57:11'),
(560, 12, 74, 0, NULL, '2018-07-26 17:57:11', '2018-07-26 17:57:11'),
(561, 12, 75, 0, NULL, '2018-07-26 17:57:11', '2018-07-26 17:57:11'),
(562, 12, 76, 0, NULL, '2018-07-26 17:57:11', '2018-07-26 17:57:11'),
(563, 12, 77, 0, NULL, '2018-07-26 17:57:11', '2018-07-26 17:57:11'),
(564, 12, 78, 0, NULL, '2018-07-26 17:57:11', '2018-07-26 17:57:11'),
(565, 12, 79, 0, NULL, '2018-07-26 17:57:11', '2018-07-26 17:57:11'),
(566, 13, 1, 5, 'wisata yang ingin aku kembali untuk kesini lagi', '2018-07-26 18:01:48', '2018-07-26 18:02:15'),
(567, 13, 2, 5, 'wisata yang ingin aku kembali untuk kesini lagi dengan sejarahnya', '2018-07-26 18:01:48', '2018-07-26 18:02:35'),
(568, 13, 3, 5, 'wisata yang ingin aku kembali untuk kesini lagi wisata buatan', '2018-07-26 18:01:48', '2018-07-26 18:03:00'),
(569, 13, 4, 0, NULL, '2018-07-26 18:01:48', '2018-07-26 18:01:48'),
(570, 13, 5, 0, NULL, '2018-07-26 18:01:48', '2018-07-26 18:01:48'),
(571, 13, 6, 0, NULL, '2018-07-26 18:01:48', '2018-07-26 18:01:48'),
(572, 13, 7, 0, NULL, '2018-07-26 18:01:48', '2018-07-26 18:01:48'),
(573, 13, 8, 0, NULL, '2018-07-26 18:01:48', '2018-07-26 18:01:48'),
(574, 13, 9, 0, NULL, '2018-07-26 18:01:48', '2018-07-26 18:01:48'),
(575, 13, 10, 0, NULL, '2018-07-26 18:01:48', '2018-07-26 18:01:48'),
(576, 13, 11, 4, 'wisata yang ingin aku kembali untuk kesini lagi dengan sejarahnya', '2018-07-26 18:01:48', '2018-07-26 18:05:45'),
(577, 13, 12, 0, NULL, '2018-07-26 18:01:48', '2018-07-26 18:01:48'),
(578, 13, 13, 0, NULL, '2018-07-26 18:01:48', '2018-07-26 18:01:48'),
(579, 13, 14, 0, NULL, '2018-07-26 18:01:48', '2018-07-26 18:01:48'),
(580, 13, 15, 0, NULL, '2018-07-26 18:01:48', '2018-07-26 18:01:48'),
(581, 13, 16, 0, NULL, '2018-07-26 18:01:48', '2018-07-26 18:01:48'),
(582, 13, 17, 4, 'wisata yang ingin aku kembali untuk kesini lagi', '2018-07-26 18:01:48', '2018-07-26 18:04:04'),
(583, 13, 18, 0, NULL, '2018-07-26 18:01:48', '2018-07-26 18:01:48'),
(584, 13, 19, 0, NULL, '2018-07-26 18:01:48', '2018-07-26 18:01:48'),
(585, 13, 20, 0, NULL, '2018-07-26 18:01:48', '2018-07-26 18:01:48'),
(586, 13, 21, 0, NULL, '2018-07-26 18:01:48', '2018-07-26 18:01:48'),
(587, 13, 22, 0, NULL, '2018-07-26 18:01:48', '2018-07-26 18:01:48'),
(588, 13, 23, 0, NULL, '2018-07-26 18:01:48', '2018-07-26 18:01:48'),
(589, 13, 24, 5, 'wisata yang ingin aku kembali untuk kesini lagi', '2018-07-26 18:01:48', '2018-07-26 18:03:44'),
(590, 13, 25, 0, NULL, '2018-07-26 18:01:48', '2018-07-26 18:01:48'),
(591, 13, 26, 5, 'wisata yang ingin aku kembali untuk kesini lagi', '2018-07-26 18:01:48', '2018-07-26 18:04:24'),
(592, 13, 27, 0, NULL, '2018-07-26 18:01:48', '2018-07-26 18:01:48'),
(593, 13, 28, 0, NULL, '2018-07-26 18:01:48', '2018-07-26 18:01:48'),
(594, 13, 29, 5, 'wisata yang ingin aku kembali untuk kesini lagi', '2018-07-26 18:01:48', '2018-07-26 18:03:20'),
(595, 13, 30, 0, NULL, '2018-07-26 18:01:48', '2018-07-26 18:01:48'),
(596, 13, 31, 0, NULL, '2018-07-26 18:01:48', '2018-07-26 18:01:48'),
(597, 13, 32, 0, NULL, '2018-07-26 18:01:48', '2018-07-26 18:01:48'),
(598, 13, 33, 5, 'wisata yang ingin aku kembali untuk kesini lagi', '2018-07-26 18:01:48', '2018-07-26 18:06:39'),
(599, 13, 34, 0, NULL, '2018-07-26 18:01:48', '2018-07-26 18:01:48'),
(600, 13, 35, 0, NULL, '2018-07-26 18:01:48', '2018-07-26 18:01:48'),
(601, 13, 36, 5, 'wisata yang ingin aku kembali untuk kesini lagi dengna wanitanya', '2018-07-26 18:01:48', '2018-07-26 18:04:50'),
(602, 13, 37, 0, NULL, '2018-07-26 18:01:48', '2018-07-26 18:01:48'),
(603, 13, 38, 4, 'wisata yang ingin aku kembali untuk kesini lagi', '2018-07-26 18:01:48', '2018-07-26 18:05:10'),
(604, 13, 39, 0, NULL, '2018-07-26 18:01:48', '2018-07-26 18:01:48'),
(605, 13, 40, 0, NULL, '2018-07-26 18:01:48', '2018-07-26 18:01:48'),
(606, 13, 41, 0, NULL, '2018-07-26 18:01:48', '2018-07-26 18:01:48'),
(607, 13, 42, 0, NULL, '2018-07-26 18:01:48', '2018-07-26 18:01:48'),
(608, 13, 43, 0, NULL, '2018-07-26 18:01:48', '2018-07-26 18:01:48'),
(609, 13, 44, 0, NULL, '2018-07-26 18:01:48', '2018-07-26 18:01:48'),
(610, 13, 45, 0, NULL, '2018-07-26 18:01:48', '2018-07-26 18:01:48'),
(611, 13, 46, 0, NULL, '2018-07-26 18:01:48', '2018-07-26 18:01:48'),
(612, 13, 47, 0, NULL, '2018-07-26 18:01:48', '2018-07-26 18:01:48'),
(613, 13, 48, 0, NULL, '2018-07-26 18:01:48', '2018-07-26 18:01:48'),
(614, 13, 49, 0, NULL, '2018-07-26 18:01:48', '2018-07-26 18:01:48'),
(615, 13, 50, 0, NULL, '2018-07-26 18:01:48', '2018-07-26 18:01:48'),
(616, 13, 51, 0, NULL, '2018-07-26 18:01:48', '2018-07-26 18:01:48'),
(617, 13, 52, 5, 'wisata yang ingin aku kembali untuk kesini lagi', '2018-07-26 18:01:48', '2018-07-26 18:07:06'),
(618, 13, 53, 0, NULL, '2018-07-26 18:01:48', '2018-07-26 18:01:48'),
(619, 13, 54, 0, NULL, '2018-07-26 18:01:48', '2018-07-26 18:01:48'),
(620, 13, 55, 0, NULL, '2018-07-26 18:01:48', '2018-07-26 18:01:48'),
(621, 13, 56, 0, NULL, '2018-07-26 18:01:48', '2018-07-26 18:01:48'),
(622, 13, 57, 0, NULL, '2018-07-26 18:01:48', '2018-07-26 18:01:48'),
(623, 13, 58, 0, NULL, '2018-07-26 18:01:48', '2018-07-26 18:01:48'),
(624, 13, 59, 0, NULL, '2018-07-26 18:01:48', '2018-07-26 18:01:48'),
(625, 13, 60, 0, NULL, '2018-07-26 18:01:48', '2018-07-26 18:01:48'),
(626, 13, 61, 0, NULL, '2018-07-26 18:01:48', '2018-07-26 18:01:48'),
(627, 13, 62, 0, NULL, '2018-07-26 18:01:48', '2018-07-26 18:01:48'),
(628, 13, 63, 0, NULL, '2018-07-26 18:01:48', '2018-07-26 18:01:48'),
(629, 13, 64, 0, NULL, '2018-07-26 18:01:48', '2018-07-26 18:01:48'),
(630, 13, 65, 0, NULL, '2018-07-26 18:01:48', '2018-07-26 18:01:48'),
(631, 13, 66, 0, NULL, '2018-07-26 18:01:48', '2018-07-26 18:01:48'),
(632, 13, 67, 0, NULL, '2018-07-26 18:01:48', '2018-07-26 18:01:48'),
(633, 13, 68, 0, NULL, '2018-07-26 18:01:48', '2018-07-26 18:01:48'),
(634, 13, 69, 0, NULL, '2018-07-26 18:01:48', '2018-07-26 18:01:48'),
(635, 13, 70, 0, NULL, '2018-07-26 18:01:48', '2018-07-26 18:01:48'),
(636, 13, 71, 0, NULL, '2018-07-26 18:01:48', '2018-07-26 18:01:48'),
(637, 13, 72, 5, 'wisata yang ingin aku kembali untuk kesini lagi', '2018-07-26 18:01:48', '2018-07-26 18:07:33'),
(638, 13, 73, 0, NULL, '2018-07-26 18:01:48', '2018-07-26 18:01:48'),
(639, 13, 74, 0, NULL, '2018-07-26 18:01:48', '2018-07-26 18:01:48'),
(640, 13, 75, 0, NULL, '2018-07-26 18:01:48', '2018-07-26 18:01:48'),
(641, 13, 76, 0, NULL, '2018-07-26 18:01:48', '2018-07-26 18:01:48'),
(642, 13, 77, 0, NULL, '2018-07-26 18:01:48', '2018-07-26 18:01:48'),
(643, 13, 78, 0, NULL, '2018-07-26 18:01:48', '2018-07-26 18:01:48'),
(644, 13, 79, 0, NULL, '2018-07-26 18:01:48', '2018-07-26 18:01:48'),
(645, 14, 1, 5, 'cakep ni  wajib direkomendasikan', '2018-07-26 18:08:01', '2018-07-26 18:08:25'),
(646, 14, 2, 5, 'cakep ni  wajib direkomendasikan', '2018-07-26 18:08:01', '2018-07-26 18:08:47'),
(647, 14, 3, 0, NULL, '2018-07-26 18:08:01', '2018-07-26 18:08:01'),
(648, 14, 4, 0, NULL, '2018-07-26 18:08:01', '2018-07-26 18:08:01'),
(649, 14, 5, 0, NULL, '2018-07-26 18:08:01', '2018-07-26 18:08:01'),
(650, 14, 6, 0, NULL, '2018-07-26 18:08:01', '2018-07-26 18:08:01'),
(651, 14, 7, 4, 'cakep ni  wajib direkomendasikan', '2018-07-26 18:08:01', '2018-07-26 18:09:16'),
(652, 14, 8, 5, 'cakep ni  wajib direkomendasikan', '2018-07-26 18:08:01', '2018-07-26 18:10:18'),
(653, 14, 9, 0, NULL, '2018-07-26 18:08:01', '2018-07-26 18:08:01'),
(654, 14, 10, 0, NULL, '2018-07-26 18:08:01', '2018-07-26 18:08:01'),
(655, 14, 11, 5, 'cakep ni  wajib direkomendasikan', '2018-07-26 18:08:01', '2018-07-26 18:09:35'),
(656, 14, 12, 0, NULL, '2018-07-26 18:08:01', '2018-07-26 18:08:01'),
(657, 14, 13, 0, NULL, '2018-07-26 18:08:01', '2018-07-26 18:08:01'),
(658, 14, 14, 0, NULL, '2018-07-26 18:08:01', '2018-07-26 18:08:01'),
(659, 14, 15, 0, NULL, '2018-07-26 18:08:01', '2018-07-26 18:08:01'),
(660, 14, 16, 0, NULL, '2018-07-26 18:08:01', '2018-07-26 18:08:01'),
(661, 14, 17, 0, NULL, '2018-07-26 18:08:01', '2018-07-26 18:08:01'),
(662, 14, 18, 5, 'cakep ni  wajib direkomendasikan', '2018-07-26 18:08:01', '2018-07-26 18:10:40'),
(663, 14, 19, 0, NULL, '2018-07-26 18:08:01', '2018-07-26 18:08:01'),
(664, 14, 20, 0, NULL, '2018-07-26 18:08:01', '2018-07-26 18:08:01'),
(665, 14, 21, 0, NULL, '2018-07-26 18:08:01', '2018-07-26 18:08:01'),
(666, 14, 22, 0, NULL, '2018-07-26 18:08:01', '2018-07-26 18:08:01'),
(667, 14, 23, 0, NULL, '2018-07-26 18:08:01', '2018-07-26 18:08:01'),
(668, 14, 24, 4, 'cakep ni  wajib direkomendasikan', '2018-07-26 18:08:01', '2018-07-26 18:10:01'),
(669, 14, 25, 0, NULL, '2018-07-26 18:08:01', '2018-07-26 18:08:01'),
(670, 14, 26, 0, NULL, '2018-07-26 18:08:01', '2018-07-26 18:08:01'),
(671, 14, 27, 0, NULL, '2018-07-26 18:08:01', '2018-07-26 18:08:01'),
(672, 14, 28, 0, NULL, '2018-07-26 18:08:01', '2018-07-26 18:08:01'),
(673, 14, 29, 0, NULL, '2018-07-26 18:08:01', '2018-07-26 18:08:01'),
(674, 14, 30, 0, NULL, '2018-07-26 18:08:01', '2018-07-26 18:08:01'),
(675, 14, 31, 0, NULL, '2018-07-26 18:08:01', '2018-07-26 18:08:01'),
(676, 14, 32, 0, NULL, '2018-07-26 18:08:01', '2018-07-26 18:08:01'),
(677, 14, 33, 0, NULL, '2018-07-26 18:08:01', '2018-07-26 18:08:01'),
(678, 14, 34, 0, NULL, '2018-07-26 18:08:01', '2018-07-26 18:08:01'),
(679, 14, 35, 0, NULL, '2018-07-26 18:08:01', '2018-07-26 18:08:01'),
(680, 14, 36, 0, NULL, '2018-07-26 18:08:01', '2018-07-26 18:08:01'),
(681, 14, 37, 0, NULL, '2018-07-26 18:08:01', '2018-07-26 18:08:01'),
(682, 14, 38, 0, NULL, '2018-07-26 18:08:01', '2018-07-26 18:08:01'),
(683, 14, 39, 0, NULL, '2018-07-26 18:08:01', '2018-07-26 18:08:01'),
(684, 14, 40, 0, NULL, '2018-07-26 18:08:01', '2018-07-26 18:08:01'),
(685, 14, 41, 0, NULL, '2018-07-26 18:08:01', '2018-07-26 18:08:01'),
(686, 14, 42, 0, NULL, '2018-07-26 18:08:01', '2018-07-26 18:08:01'),
(687, 14, 43, 0, NULL, '2018-07-26 18:08:01', '2018-07-26 18:08:01'),
(688, 14, 44, 0, NULL, '2018-07-26 18:08:01', '2018-07-26 18:08:01'),
(689, 14, 45, 0, NULL, '2018-07-26 18:08:01', '2018-07-26 18:08:01'),
(690, 14, 46, 0, NULL, '2018-07-26 18:08:01', '2018-07-26 18:08:01'),
(691, 14, 47, 0, NULL, '2018-07-26 18:08:01', '2018-07-26 18:08:01'),
(692, 14, 48, 0, NULL, '2018-07-26 18:08:01', '2018-07-26 18:08:01'),
(693, 14, 49, 0, NULL, '2018-07-26 18:08:01', '2018-07-26 18:08:01'),
(694, 14, 50, 0, NULL, '2018-07-26 18:08:01', '2018-07-26 18:08:01'),
(695, 14, 51, 0, NULL, '2018-07-26 18:08:01', '2018-07-26 18:08:01'),
(696, 14, 52, 0, NULL, '2018-07-26 18:08:01', '2018-07-26 18:08:01'),
(697, 14, 53, 0, NULL, '2018-07-26 18:08:01', '2018-07-26 18:08:01'),
(698, 14, 54, 0, NULL, '2018-07-26 18:08:01', '2018-07-26 18:08:01'),
(699, 14, 55, 0, NULL, '2018-07-26 18:08:01', '2018-07-26 18:08:01'),
(700, 14, 56, 0, NULL, '2018-07-26 18:08:01', '2018-07-26 18:08:01'),
(701, 14, 57, 0, NULL, '2018-07-26 18:08:01', '2018-07-26 18:08:01'),
(702, 14, 58, 0, NULL, '2018-07-26 18:08:01', '2018-07-26 18:08:01'),
(703, 14, 59, 0, NULL, '2018-07-26 18:08:01', '2018-07-26 18:08:01'),
(704, 14, 60, 0, NULL, '2018-07-26 18:08:01', '2018-07-26 18:08:01'),
(705, 14, 61, 0, NULL, '2018-07-26 18:08:01', '2018-07-26 18:08:01'),
(706, 14, 62, 0, NULL, '2018-07-26 18:08:01', '2018-07-26 18:08:01'),
(707, 14, 63, 0, NULL, '2018-07-26 18:08:01', '2018-07-26 18:08:01'),
(708, 14, 64, 0, NULL, '2018-07-26 18:08:01', '2018-07-26 18:08:01'),
(709, 14, 65, 0, NULL, '2018-07-26 18:08:01', '2018-07-26 18:08:01'),
(710, 14, 66, 0, NULL, '2018-07-26 18:08:01', '2018-07-26 18:08:01'),
(711, 14, 67, 0, NULL, '2018-07-26 18:08:01', '2018-07-26 18:08:01'),
(712, 14, 68, 0, NULL, '2018-07-26 18:08:01', '2018-07-26 18:08:01'),
(713, 14, 69, 0, NULL, '2018-07-26 18:08:01', '2018-07-26 18:08:01'),
(714, 14, 70, 0, NULL, '2018-07-26 18:08:01', '2018-07-26 18:08:01'),
(715, 14, 71, 0, NULL, '2018-07-26 18:08:01', '2018-07-26 18:08:01'),
(716, 14, 72, 0, NULL, '2018-07-26 18:08:01', '2018-07-26 18:08:01'),
(717, 14, 73, 0, NULL, '2018-07-26 18:08:01', '2018-07-26 18:08:01'),
(718, 14, 74, 0, NULL, '2018-07-26 18:08:01', '2018-07-26 18:08:01'),
(719, 14, 75, 0, NULL, '2018-07-26 18:08:01', '2018-07-26 18:08:01'),
(720, 14, 76, 0, NULL, '2018-07-26 18:08:01', '2018-07-26 18:08:01'),
(721, 14, 77, 0, NULL, '2018-07-26 18:08:01', '2018-07-26 18:08:01'),
(722, 14, 78, 0, NULL, '2018-07-26 18:08:01', '2018-07-26 18:08:01'),
(723, 14, 79, 0, NULL, '2018-07-26 18:08:01', '2018-07-26 18:08:01'),
(724, 15, 1, 5, 'wisata yang terpopuler saat ini', '2018-07-26 18:11:26', '2018-07-26 18:11:49'),
(725, 15, 2, 4, 'wisata yang terpopuler saat ini', '2018-07-26 18:11:26', '2018-07-26 18:12:05');
INSERT INTO `ulasans` (`id`, `user_id`, `wisata_id`, `rating`, `komentar`, `created_at`, `updated_at`) VALUES
(726, 15, 3, 5, 'wisata yang terpopuler saat ini', '2018-07-26 18:11:26', '2018-07-26 18:12:22'),
(727, 15, 4, 0, NULL, '2018-07-26 18:11:26', '2018-07-26 18:11:26'),
(728, 15, 5, 0, NULL, '2018-07-26 18:11:26', '2018-07-26 18:11:26'),
(729, 15, 6, 4, 'wisata yang terpopuler saat ini', '2018-07-26 18:11:26', '2018-07-26 18:14:31'),
(730, 15, 7, 0, NULL, '2018-07-26 18:11:26', '2018-07-26 18:11:26'),
(731, 15, 8, 4, 'wisata yang terpopuler saat ini', '2018-07-26 18:11:26', '2018-07-26 18:14:11'),
(732, 15, 9, 0, NULL, '2018-07-26 18:11:26', '2018-07-26 18:11:26'),
(733, 15, 10, 0, NULL, '2018-07-26 18:11:26', '2018-07-26 18:11:26'),
(734, 15, 11, 4, 'wisata yang terpopuler saat ini', '2018-07-26 18:11:26', '2018-07-26 18:12:49'),
(735, 15, 12, 0, NULL, '2018-07-26 18:11:26', '2018-07-26 18:11:26'),
(736, 15, 13, 0, NULL, '2018-07-26 18:11:26', '2018-07-26 18:11:26'),
(737, 15, 14, 0, NULL, '2018-07-26 18:11:26', '2018-07-26 18:11:26'),
(738, 15, 15, 0, NULL, '2018-07-26 18:11:26', '2018-07-26 18:11:26'),
(739, 15, 16, 5, 'wisata yang terpopuler saat ini', '2018-07-26 18:11:26', '2018-07-26 18:13:08'),
(740, 15, 17, 5, 'wisata yang terpopuler saat ini', '2018-07-26 18:11:26', '2018-07-26 18:13:52'),
(741, 15, 18, 0, NULL, '2018-07-26 18:11:26', '2018-07-26 18:11:26'),
(742, 15, 19, 0, NULL, '2018-07-26 18:11:26', '2018-07-26 18:11:26'),
(743, 15, 20, 0, NULL, '2018-07-26 18:11:26', '2018-07-26 18:11:26'),
(744, 15, 21, 0, NULL, '2018-07-26 18:11:26', '2018-07-26 18:11:26'),
(745, 15, 22, 0, NULL, '2018-07-26 18:11:26', '2018-07-26 18:11:26'),
(746, 15, 23, 0, NULL, '2018-07-26 18:11:26', '2018-07-26 18:11:26'),
(747, 15, 24, 0, NULL, '2018-07-26 18:11:26', '2018-07-26 18:11:26'),
(748, 15, 25, 0, NULL, '2018-07-26 18:11:26', '2018-07-26 18:11:26'),
(749, 15, 26, 5, 'wisata yang terpopuler saat ini', '2018-07-26 18:11:26', '2018-07-26 18:13:30'),
(750, 15, 27, 0, NULL, '2018-07-26 18:11:26', '2018-07-26 18:11:26'),
(751, 15, 28, 0, NULL, '2018-07-26 18:11:26', '2018-07-26 18:11:26'),
(752, 15, 29, 0, NULL, '2018-07-26 18:11:26', '2018-07-26 18:11:26'),
(753, 15, 30, 0, NULL, '2018-07-26 18:11:26', '2018-07-26 18:11:26'),
(754, 15, 31, 0, NULL, '2018-07-26 18:11:26', '2018-07-26 18:11:26'),
(755, 15, 32, 0, NULL, '2018-07-26 18:11:26', '2018-07-26 18:11:26'),
(756, 15, 33, 0, NULL, '2018-07-26 18:11:26', '2018-07-26 18:11:26'),
(757, 15, 34, 0, NULL, '2018-07-26 18:11:26', '2018-07-26 18:11:26'),
(758, 15, 35, 0, NULL, '2018-07-26 18:11:26', '2018-07-26 18:11:26'),
(759, 15, 36, 0, NULL, '2018-07-26 18:11:26', '2018-07-26 18:11:26'),
(760, 15, 37, 0, NULL, '2018-07-26 18:11:26', '2018-07-26 18:11:26'),
(761, 15, 38, 0, NULL, '2018-07-26 18:11:26', '2018-07-26 18:11:26'),
(762, 15, 39, 0, NULL, '2018-07-26 18:11:26', '2018-07-26 18:11:26'),
(763, 15, 40, 0, NULL, '2018-07-26 18:11:26', '2018-07-26 18:11:26'),
(764, 15, 41, 0, NULL, '2018-07-26 18:11:26', '2018-07-26 18:11:26'),
(765, 15, 42, 0, NULL, '2018-07-26 18:11:26', '2018-07-26 18:11:26'),
(766, 15, 43, 0, NULL, '2018-07-26 18:11:26', '2018-07-26 18:11:26'),
(767, 15, 44, 0, NULL, '2018-07-26 18:11:26', '2018-07-26 18:11:26'),
(768, 15, 45, 0, NULL, '2018-07-26 18:11:26', '2018-07-26 18:11:26'),
(769, 15, 46, 0, NULL, '2018-07-26 18:11:26', '2018-07-26 18:11:26'),
(770, 15, 47, 0, NULL, '2018-07-26 18:11:26', '2018-07-26 18:11:26'),
(771, 15, 48, 0, NULL, '2018-07-26 18:11:26', '2018-07-26 18:11:26'),
(772, 15, 49, 0, NULL, '2018-07-26 18:11:26', '2018-07-26 18:11:26'),
(773, 15, 50, 0, NULL, '2018-07-26 18:11:26', '2018-07-26 18:11:26'),
(774, 15, 51, 0, NULL, '2018-07-26 18:11:26', '2018-07-26 18:11:26'),
(775, 15, 52, 0, NULL, '2018-07-26 18:11:26', '2018-07-26 18:11:26'),
(776, 15, 53, 0, NULL, '2018-07-26 18:11:26', '2018-07-26 18:11:26'),
(777, 15, 54, 0, NULL, '2018-07-26 18:11:26', '2018-07-26 18:11:26'),
(778, 15, 55, 0, NULL, '2018-07-26 18:11:26', '2018-07-26 18:11:26'),
(779, 15, 56, 0, NULL, '2018-07-26 18:11:26', '2018-07-26 18:11:26'),
(780, 15, 57, 0, NULL, '2018-07-26 18:11:26', '2018-07-26 18:11:26'),
(781, 15, 58, 0, NULL, '2018-07-26 18:11:26', '2018-07-26 18:11:26'),
(782, 15, 59, 0, NULL, '2018-07-26 18:11:26', '2018-07-26 18:11:26'),
(783, 15, 60, 0, NULL, '2018-07-26 18:11:26', '2018-07-26 18:11:26'),
(784, 15, 61, 0, NULL, '2018-07-26 18:11:26', '2018-07-26 18:11:26'),
(785, 15, 62, 0, NULL, '2018-07-26 18:11:26', '2018-07-26 18:11:26'),
(786, 15, 63, 0, NULL, '2018-07-26 18:11:26', '2018-07-26 18:11:26'),
(787, 15, 64, 0, NULL, '2018-07-26 18:11:26', '2018-07-26 18:11:26'),
(788, 15, 65, 0, NULL, '2018-07-26 18:11:26', '2018-07-26 18:11:26'),
(789, 15, 66, 0, NULL, '2018-07-26 18:11:26', '2018-07-26 18:11:26'),
(790, 15, 67, 0, NULL, '2018-07-26 18:11:26', '2018-07-26 18:11:26'),
(791, 15, 68, 0, NULL, '2018-07-26 18:11:26', '2018-07-26 18:11:26'),
(792, 15, 69, 0, NULL, '2018-07-26 18:11:26', '2018-07-26 18:11:26'),
(793, 15, 70, 0, NULL, '2018-07-26 18:11:26', '2018-07-26 18:11:26'),
(794, 15, 71, 0, NULL, '2018-07-26 18:11:26', '2018-07-26 18:11:26'),
(795, 15, 72, 0, NULL, '2018-07-26 18:11:26', '2018-07-26 18:11:26'),
(796, 15, 73, 0, NULL, '2018-07-26 18:11:26', '2018-07-26 18:11:26'),
(797, 15, 74, 0, NULL, '2018-07-26 18:11:26', '2018-07-26 18:11:26'),
(798, 15, 75, 0, NULL, '2018-07-26 18:11:26', '2018-07-26 18:11:26'),
(799, 15, 76, 0, NULL, '2018-07-26 18:11:26', '2018-07-26 18:11:26'),
(800, 15, 77, 0, NULL, '2018-07-26 18:11:26', '2018-07-26 18:11:26'),
(801, 15, 78, 0, NULL, '2018-07-26 18:11:26', '2018-07-26 18:11:26'),
(802, 15, 79, 0, NULL, '2018-07-26 18:11:26', '2018-07-26 18:11:26'),
(803, 16, 1, 4, 'tempat ini yang sering dicari dan dimintai', '2018-07-26 18:15:07', '2018-07-26 18:15:32'),
(804, 16, 2, 5, 'tempat ini yang sering dicari dan dimintai', '2018-07-26 18:15:07', '2018-07-26 18:15:49'),
(805, 16, 3, 4, 'tempat ini yang sering dicari dan dimintai', '2018-07-26 18:15:07', '2018-07-26 18:18:44'),
(806, 16, 4, 0, NULL, '2018-07-26 18:15:07', '2018-07-26 18:15:07'),
(807, 16, 5, 0, NULL, '2018-07-26 18:15:07', '2018-07-26 18:15:07'),
(808, 16, 6, 0, NULL, '2018-07-26 18:15:07', '2018-07-26 18:15:07'),
(809, 16, 7, 0, NULL, '2018-07-26 18:15:07', '2018-07-26 18:15:07'),
(810, 16, 8, 0, NULL, '2018-07-26 18:15:07', '2018-07-26 18:15:07'),
(811, 16, 9, 0, NULL, '2018-07-26 18:15:07', '2018-07-26 18:15:07'),
(812, 16, 10, 0, NULL, '2018-07-26 18:15:07', '2018-07-26 18:15:07'),
(813, 16, 11, 5, 'tempat ini yang sering dicari dan dimintai', '2018-07-26 18:15:07', '2018-07-26 18:16:09'),
(814, 16, 12, 4, 'tempat ini yang sering dicari dan dimintai', '2018-07-26 18:15:07', '2018-07-26 18:19:05'),
(815, 16, 13, 0, NULL, '2018-07-26 18:15:07', '2018-07-26 18:15:07'),
(816, 16, 14, 0, NULL, '2018-07-26 18:15:07', '2018-07-26 18:15:07'),
(817, 16, 15, 0, NULL, '2018-07-26 18:15:07', '2018-07-26 18:15:07'),
(818, 16, 16, 4, 'tempat ini yang sering dicari dan dimintai', '2018-07-26 18:15:07', '2018-07-26 18:16:27'),
(819, 16, 17, 0, NULL, '2018-07-26 18:15:07', '2018-07-26 18:15:07'),
(820, 16, 18, 0, NULL, '2018-07-26 18:15:07', '2018-07-26 18:15:07'),
(821, 16, 19, 0, NULL, '2018-07-26 18:15:07', '2018-07-26 18:15:07'),
(822, 16, 20, 0, NULL, '2018-07-26 18:15:07', '2018-07-26 18:15:07'),
(823, 16, 21, 0, NULL, '2018-07-26 18:15:07', '2018-07-26 18:15:07'),
(824, 16, 22, 0, NULL, '2018-07-26 18:15:07', '2018-07-26 18:15:07'),
(825, 16, 23, 0, NULL, '2018-07-26 18:15:07', '2018-07-26 18:15:07'),
(826, 16, 24, 5, 'tempat ini yang sering dicari dan dimintai', '2018-07-26 18:15:07', '2018-07-26 18:17:05'),
(827, 16, 25, 0, NULL, '2018-07-26 18:15:07', '2018-07-26 18:15:07'),
(828, 16, 26, 5, 'tempat ini yang sering dicari dan dimintai', '2018-07-26 18:15:07', '2018-07-26 18:16:46'),
(829, 16, 27, 0, NULL, '2018-07-26 18:15:07', '2018-07-26 18:15:07'),
(830, 16, 28, 0, NULL, '2018-07-26 18:15:07', '2018-07-26 18:15:07'),
(831, 16, 29, 5, 'tempat ini yang sering dicari dan dimintai', '2018-07-26 18:15:07', '2018-07-26 18:17:41'),
(832, 16, 30, 0, NULL, '2018-07-26 18:15:07', '2018-07-26 18:15:07'),
(833, 16, 31, 0, NULL, '2018-07-26 18:15:07', '2018-07-26 18:15:07'),
(834, 16, 32, 0, NULL, '2018-07-26 18:15:07', '2018-07-26 18:15:07'),
(835, 16, 33, 5, 'tempat ini yang sering dicari dan dimintai', '2018-07-26 18:15:07', '2018-07-26 18:17:23'),
(836, 16, 34, 0, NULL, '2018-07-26 18:15:07', '2018-07-26 18:15:07'),
(837, 16, 35, 0, NULL, '2018-07-26 18:15:07', '2018-07-26 18:15:07'),
(838, 16, 36, 0, NULL, '2018-07-26 18:15:07', '2018-07-26 18:15:07'),
(839, 16, 37, 0, NULL, '2018-07-26 18:15:07', '2018-07-26 18:15:07'),
(840, 16, 38, 5, 'tempat ini yang sering dicari dan dimintai', '2018-07-26 18:15:07', '2018-07-26 18:17:59'),
(841, 16, 39, 0, NULL, '2018-07-26 18:15:07', '2018-07-26 18:15:07'),
(842, 16, 40, 0, NULL, '2018-07-26 18:15:07', '2018-07-26 18:15:07'),
(843, 16, 41, 0, NULL, '2018-07-26 18:15:07', '2018-07-26 18:15:07'),
(844, 16, 42, 0, NULL, '2018-07-26 18:15:07', '2018-07-26 18:15:07'),
(845, 16, 43, 0, NULL, '2018-07-26 18:15:07', '2018-07-26 18:15:07'),
(846, 16, 44, 0, NULL, '2018-07-26 18:15:07', '2018-07-26 18:15:07'),
(847, 16, 45, 0, NULL, '2018-07-26 18:15:07', '2018-07-26 18:15:07'),
(848, 16, 46, 0, NULL, '2018-07-26 18:15:07', '2018-07-26 18:15:07'),
(849, 16, 47, 0, NULL, '2018-07-26 18:15:07', '2018-07-26 18:15:07'),
(850, 16, 48, 0, NULL, '2018-07-26 18:15:07', '2018-07-26 18:15:07'),
(851, 16, 49, 0, NULL, '2018-07-26 18:15:07', '2018-07-26 18:15:07'),
(852, 16, 50, 0, NULL, '2018-07-26 18:15:07', '2018-07-26 18:15:07'),
(853, 16, 51, 0, NULL, '2018-07-26 18:15:07', '2018-07-26 18:15:07'),
(854, 16, 52, 0, NULL, '2018-07-26 18:15:07', '2018-07-26 18:15:07'),
(855, 16, 53, 0, NULL, '2018-07-26 18:15:07', '2018-07-26 18:15:07'),
(856, 16, 54, 0, NULL, '2018-07-26 18:15:07', '2018-07-26 18:15:07'),
(857, 16, 55, 0, NULL, '2018-07-26 18:15:07', '2018-07-26 18:15:07'),
(858, 16, 56, 0, NULL, '2018-07-26 18:15:07', '2018-07-26 18:15:07'),
(859, 16, 57, 0, NULL, '2018-07-26 18:15:07', '2018-07-26 18:15:07'),
(860, 16, 58, 0, NULL, '2018-07-26 18:15:07', '2018-07-26 18:15:07'),
(861, 16, 59, 0, NULL, '2018-07-26 18:15:07', '2018-07-26 18:15:07'),
(862, 16, 60, 0, NULL, '2018-07-26 18:15:07', '2018-07-26 18:15:07'),
(863, 16, 61, 0, NULL, '2018-07-26 18:15:07', '2018-07-26 18:15:07'),
(864, 16, 62, 0, NULL, '2018-07-26 18:15:07', '2018-07-26 18:15:07'),
(865, 16, 63, 0, NULL, '2018-07-26 18:15:07', '2018-07-26 18:15:07'),
(866, 16, 64, 0, NULL, '2018-07-26 18:15:07', '2018-07-26 18:15:07'),
(867, 16, 65, 0, NULL, '2018-07-26 18:15:07', '2018-07-26 18:15:07'),
(868, 16, 66, 0, NULL, '2018-07-26 18:15:07', '2018-07-26 18:15:07'),
(869, 16, 67, 0, NULL, '2018-07-26 18:15:07', '2018-07-26 18:15:07'),
(870, 16, 68, 0, NULL, '2018-07-26 18:15:07', '2018-07-26 18:15:07'),
(871, 16, 69, 0, NULL, '2018-07-26 18:15:07', '2018-07-26 18:15:07'),
(872, 16, 70, 4, 'tempat ini yang sering dicari dan dimintai', '2018-07-26 18:15:07', '2018-07-26 18:18:24'),
(873, 16, 71, 0, NULL, '2018-07-26 18:15:07', '2018-07-26 18:15:07'),
(874, 16, 72, 0, NULL, '2018-07-26 18:15:07', '2018-07-26 18:15:07'),
(875, 16, 73, 0, NULL, '2018-07-26 18:15:07', '2018-07-26 18:15:07'),
(876, 16, 74, 0, NULL, '2018-07-26 18:15:07', '2018-07-26 18:15:07'),
(877, 16, 75, 0, NULL, '2018-07-26 18:15:07', '2018-07-26 18:15:07'),
(878, 16, 76, 0, NULL, '2018-07-26 18:15:07', '2018-07-26 18:15:07'),
(879, 16, 77, 0, NULL, '2018-07-26 18:15:07', '2018-07-26 18:15:07'),
(880, 16, 78, 0, NULL, '2018-07-26 18:15:07', '2018-07-26 18:15:07'),
(881, 16, 79, 0, NULL, '2018-07-26 18:15:07', '2018-07-26 18:15:07'),
(882, 17, 1, 1, 'jelek', '2018-07-26 18:19:41', '2018-07-26 18:19:54'),
(883, 17, 2, 1, 'not bad', '2018-07-26 18:19:41', '2018-07-26 18:20:13'),
(884, 17, 3, 1, '1', '2018-07-26 18:19:41', '2018-07-26 18:20:29'),
(885, 17, 4, 0, NULL, '2018-07-26 18:19:41', '2018-07-26 18:19:41'),
(886, 17, 5, 0, NULL, '2018-07-26 18:19:41', '2018-07-26 18:19:41'),
(887, 17, 6, 1, NULL, '2018-07-26 18:19:41', '2018-07-26 18:21:05'),
(888, 17, 7, 1, NULL, '2018-07-26 18:19:41', '2018-07-26 18:20:48'),
(889, 17, 8, 0, NULL, '2018-07-26 18:19:41', '2018-07-26 18:19:41'),
(890, 17, 9, 0, NULL, '2018-07-26 18:19:41', '2018-07-26 18:19:41'),
(891, 17, 10, 2, NULL, '2018-07-26 18:19:41', '2018-07-26 18:22:25'),
(892, 17, 11, 0, NULL, '2018-07-26 18:19:41', '2018-07-26 18:19:41'),
(893, 17, 12, 0, NULL, '2018-07-26 18:19:41', '2018-07-26 18:19:41'),
(894, 17, 13, 0, NULL, '2018-07-26 18:19:41', '2018-07-26 18:19:41'),
(895, 17, 14, 0, NULL, '2018-07-26 18:19:41', '2018-07-26 18:19:41'),
(896, 17, 15, 0, NULL, '2018-07-26 18:19:41', '2018-07-26 18:19:41'),
(897, 17, 16, 1, NULL, '2018-07-26 18:19:41', '2018-07-26 18:21:26'),
(898, 17, 17, 0, NULL, '2018-07-26 18:19:41', '2018-07-26 18:19:41'),
(899, 17, 18, 0, NULL, '2018-07-26 18:19:41', '2018-07-26 18:19:41'),
(900, 17, 19, 0, NULL, '2018-07-26 18:19:41', '2018-07-26 18:19:41'),
(901, 17, 20, 0, NULL, '2018-07-26 18:19:41', '2018-07-26 18:19:41'),
(902, 17, 21, 0, NULL, '2018-07-26 18:19:41', '2018-07-26 18:19:41'),
(903, 17, 22, 0, NULL, '2018-07-26 18:19:41', '2018-07-26 18:19:41'),
(904, 17, 23, 0, NULL, '2018-07-26 18:19:41', '2018-07-26 18:19:41'),
(905, 17, 24, 0, NULL, '2018-07-26 18:19:41', '2018-07-26 18:19:41'),
(906, 17, 25, 3, NULL, '2018-07-26 18:19:41', '2018-07-26 18:22:47'),
(907, 17, 26, 1, NULL, '2018-07-26 18:19:41', '2018-07-26 18:21:47'),
(908, 17, 27, 0, NULL, '2018-07-26 18:19:41', '2018-07-26 18:19:41'),
(909, 17, 28, 0, NULL, '2018-07-26 18:19:41', '2018-07-26 18:19:41'),
(910, 17, 29, 0, NULL, '2018-07-26 18:19:41', '2018-07-26 18:19:41'),
(911, 17, 30, 0, NULL, '2018-07-26 18:19:41', '2018-07-26 18:19:41'),
(912, 17, 31, 0, NULL, '2018-07-26 18:19:41', '2018-07-26 18:19:41'),
(913, 17, 32, 0, NULL, '2018-07-26 18:19:41', '2018-07-26 18:19:41'),
(914, 17, 33, 0, NULL, '2018-07-26 18:19:41', '2018-07-26 18:19:41'),
(915, 17, 34, 0, NULL, '2018-07-26 18:19:41', '2018-07-26 18:19:41'),
(916, 17, 35, 0, NULL, '2018-07-26 18:19:41', '2018-07-26 18:19:41'),
(917, 17, 36, 0, NULL, '2018-07-26 18:19:41', '2018-07-26 18:19:41'),
(918, 17, 37, 1, NULL, '2018-07-26 18:19:41', '2018-07-26 18:22:06'),
(919, 17, 38, 0, NULL, '2018-07-26 18:19:41', '2018-07-26 18:19:41'),
(920, 17, 39, 0, NULL, '2018-07-26 18:19:41', '2018-07-26 18:19:41'),
(921, 17, 40, 0, NULL, '2018-07-26 18:19:41', '2018-07-26 18:19:41'),
(922, 17, 41, 0, NULL, '2018-07-26 18:19:41', '2018-07-26 18:19:41'),
(923, 17, 42, 0, NULL, '2018-07-26 18:19:41', '2018-07-26 18:19:41'),
(924, 17, 43, 0, NULL, '2018-07-26 18:19:42', '2018-07-26 18:19:42'),
(925, 17, 44, 0, NULL, '2018-07-26 18:19:42', '2018-07-26 18:19:42'),
(926, 17, 45, 0, NULL, '2018-07-26 18:19:42', '2018-07-26 18:19:42'),
(927, 17, 46, 0, NULL, '2018-07-26 18:19:42', '2018-07-26 18:19:42'),
(928, 17, 47, 0, NULL, '2018-07-26 18:19:42', '2018-07-26 18:19:42'),
(929, 17, 48, 0, NULL, '2018-07-26 18:19:42', '2018-07-26 18:19:42'),
(930, 17, 49, 0, NULL, '2018-07-26 18:19:42', '2018-07-26 18:19:42'),
(931, 17, 50, 0, NULL, '2018-07-26 18:19:42', '2018-07-26 18:19:42'),
(932, 17, 51, 0, NULL, '2018-07-26 18:19:42', '2018-07-26 18:19:42'),
(933, 17, 52, 0, NULL, '2018-07-26 18:19:42', '2018-07-26 18:19:42'),
(934, 17, 53, 0, NULL, '2018-07-26 18:19:42', '2018-07-26 18:19:42'),
(935, 17, 54, 0, NULL, '2018-07-26 18:19:42', '2018-07-26 18:19:42'),
(936, 17, 55, 0, NULL, '2018-07-26 18:19:42', '2018-07-26 18:19:42'),
(937, 17, 56, 0, NULL, '2018-07-26 18:19:42', '2018-07-26 18:19:42'),
(938, 17, 57, 0, NULL, '2018-07-26 18:19:42', '2018-07-26 18:19:42'),
(939, 17, 58, 0, NULL, '2018-07-26 18:19:42', '2018-07-26 18:19:42'),
(940, 17, 59, 0, NULL, '2018-07-26 18:19:42', '2018-07-26 18:19:42'),
(941, 17, 60, 0, NULL, '2018-07-26 18:19:42', '2018-07-26 18:19:42'),
(942, 17, 61, 0, NULL, '2018-07-26 18:19:42', '2018-07-26 18:19:42'),
(943, 17, 62, 0, NULL, '2018-07-26 18:19:42', '2018-07-26 18:19:42'),
(944, 17, 63, 0, NULL, '2018-07-26 18:19:42', '2018-07-26 18:19:42'),
(945, 17, 64, 0, NULL, '2018-07-26 18:19:42', '2018-07-26 18:19:42'),
(946, 17, 65, 0, NULL, '2018-07-26 18:19:42', '2018-07-26 18:19:42'),
(947, 17, 66, 0, NULL, '2018-07-26 18:19:42', '2018-07-26 18:19:42'),
(948, 17, 67, 0, NULL, '2018-07-26 18:19:42', '2018-07-26 18:19:42'),
(949, 17, 68, 0, NULL, '2018-07-26 18:19:42', '2018-07-26 18:19:42'),
(950, 17, 69, 0, NULL, '2018-07-26 18:19:42', '2018-07-26 18:19:42'),
(951, 17, 70, 0, NULL, '2018-07-26 18:19:42', '2018-07-26 18:19:42'),
(952, 17, 71, 0, NULL, '2018-07-26 18:19:42', '2018-07-26 18:19:42'),
(953, 17, 72, 0, NULL, '2018-07-26 18:19:42', '2018-07-26 18:19:42'),
(954, 17, 73, 0, NULL, '2018-07-26 18:19:42', '2018-07-26 18:19:42'),
(955, 17, 74, 0, NULL, '2018-07-26 18:19:42', '2018-07-26 18:19:42'),
(956, 17, 75, 0, NULL, '2018-07-26 18:19:42', '2018-07-26 18:19:42'),
(957, 17, 76, 0, NULL, '2018-07-26 18:19:42', '2018-07-26 18:19:42'),
(958, 17, 77, 0, NULL, '2018-07-26 18:19:42', '2018-07-26 18:19:42'),
(959, 17, 78, 0, NULL, '2018-07-26 18:19:42', '2018-07-26 18:19:42'),
(960, 17, 79, 0, NULL, '2018-07-26 18:19:42', '2018-07-26 18:19:42');

-- --------------------------------------------------------

--
-- Table structure for table `users`
--

CREATE TABLE `users` (
  `id` int(10) UNSIGNED NOT NULL,
  `name` varchar(191) COLLATE utf8mb4_unicode_ci NOT NULL,
  `email` varchar(191) COLLATE utf8mb4_unicode_ci NOT NULL,
  `image` varchar(191) COLLATE utf8mb4_unicode_ci DEFAULT NULL,
  `password` varchar(191) COLLATE utf8mb4_unicode_ci NOT NULL,
  `remember_token` varchar(100) COLLATE utf8mb4_unicode_ci DEFAULT NULL,
  `created_at` timestamp NULL DEFAULT NULL,
  `updated_at` timestamp NULL DEFAULT NULL
) ENGINE=InnoDB DEFAULT CHARSET=utf8mb4 COLLATE=utf8mb4_unicode_ci;

--
-- Dumping data for table `users`
--

INSERT INTO `users` (`id`, `name`, `email`, `image`, `password`, `remember_token`, `created_at`, `updated_at`) VALUES
(6, 'Taufik Alex', 'Taufik_alex@yahoo.com', '193129697.jpg', '$2y$10$j9r.gD7i5bs6C5OW6LfG3uzANNgX3h8KxUxiLqp2DgjXG2KRm.r/u', 'E8dDoyOqObvAroYY0DemOuvqISwiKSmpC3ZOYGPXWVF2RxVAT74Nr8GM3sfQ', '2018-07-25 16:26:15', '2018-07-26 17:29:58'),
(7, 'user1', 'user1@mail.com', NULL, '$2y$10$OCf/1JjMB0Mi.rvKZxWAAeTis7FPLlB3llwk.jc/DPcKTV.m7spwe', 'e187xSfcm8eFkhS0s5p4DGPysTgQDtuyrq1uIqahpeZXYivr8ybFbJ8WEuL2', '2018-07-26 04:28:38', '2018-07-26 04:28:38'),
(8, 'user2', 'user2@mail.com', NULL, '$2y$10$2lHBfvjBeB43D7wda1dSh.M8Lcjn0wXGWJegB6hz1vGGA4CLUXNfe', 'xYIJgu5kztthVdgTx6M8hZcuNaZUalpXgSH07PVK5c7JWvKqJi74Flrx4YrN', '2018-07-26 17:30:36', '2018-07-26 17:30:36'),
(9, 'user3', 'user3@mail.com', NULL, '$2y$10$pJLb58gAyw6cd.YlcShdwOrkIRcCaqwqog7MSn2Da5YlHHnctbh3i', '88QK3rGaq8eFDakJRVLZMytR1ahlDvhG6XPpAmuSBKvD8N3a40SHSmdHs1O3', '2018-07-26 17:39:32', '2018-07-26 17:39:32'),
(10, 'user4', 'user4@mail.com', NULL, '$2y$10$0R.F5NCqgeI6B5pRTIKO0.ZKpJHjm0raZ18TwmGOULB5n17ukRtym', 'y8nSSaXg7UUlXEWP3sD4xDMpc54FqTtCPo4374l6kSZKlGs6fdhrrSLcDpUi', '2018-07-26 17:45:05', '2018-07-26 17:45:05'),
(11, 'user5', 'user5@mail.com', NULL, '$2y$10$f1B50gmHMn9NTveZ/yZMQef2z0YAUWrLJv7bst1Gu7OLMEK3PK4Hu', 'aGXmjs9fldL0VAG7g66F17UkT5AazVklkVk2LV8SBocsUjW6y24s4UOU1DEj', '2018-07-26 17:49:04', '2018-07-26 17:49:04'),
(12, 'user6', 'user6@mail.com', NULL, '$2y$10$cxcmF5iYvaIf0vyDj.yqjOSkYl7g3h6SeOT61n9dX85eWBtMCHiBm', '4mHnrUIwwkWZhPRNERCVq43IRmDkZPzXEVIWrZCwdxgk9XWkmV3CLs6Mj161', '2018-07-26 17:57:11', '2018-07-26 17:57:11'),
(13, 'user7', 'user7@mail.com', NULL, '$2y$10$trOvxSq116v3/MHKbpeYyu9Kr3U0f0OA/1SPp1PSD0lyVefbFp39y', 'cji3Xv7m9UD6IAuyZCD8TTCKiBnprxqpvlkHJhqWMGZaFlCDUwchw6YfPqh1', '2018-07-26 18:01:48', '2018-07-26 18:01:48'),
(14, 'user8', 'user8@mail.com', NULL, '$2y$10$WJ.JEQBIvIl6yHtpOciY.ubMr60UAc9.7noigRYBsIybXjJytVEf.', '8cvnPVkUF4zgu1oG5hApa9VTrEHCUTCaM9pnQYMBsA7TaijNjido27DqgFVx', '2018-07-26 18:08:01', '2018-07-26 18:08:01'),
(15, 'user9', 'user9@mail.com', NULL, '$2y$10$WS8S5xmFBrXKKdHpi0HvgeoufPam7A/OEgEi4pvfqqI23o45ww0gi', 'fDECT7N7z1dA5BHX6bpmMQAGX3F9MvGtPZWhWzDZsvDNLcfrcXWQEASJdQiq', '2018-07-26 18:11:26', '2018-07-26 18:11:26'),
(16, 'user10', 'user10@mail.com', NULL, '$2y$10$YI7QesS64.oBHWexrZ./BOUNhdY8kugUae3hqtnzLxjpF9PqsVJlG', 'zp81A3VLFw4ZMP1WlfkEvaET8OV3BgSkaNMhFdRCzJmn1OvN7VwueEX88YOV', '2018-07-26 18:15:07', '2018-07-26 18:15:07'),
(17, 'perusak', 'user11@mail.com', NULL, '$2y$10$vRUz1iVfB8MlwA/5JEDI9.2qO0Jnm1/0TAFFu.cFYRCck6jikih16', 'rYx3JSL8NBPgQaqym4O62RIB7Lwu9gIaL30N5GDAnUGDK39RD5enc2jqcMeb', '2018-07-26 18:19:41', '2018-07-26 18:19:41');

-- --------------------------------------------------------

--
-- Table structure for table `wisatas`
--

CREATE TABLE `wisatas` (
  `id` int(10) UNSIGNED NOT NULL,
  `alamat_maps` varchar(191) COLLATE utf8mb4_unicode_ci NOT NULL,
  `deskripsi` longtext COLLATE utf8mb4_unicode_ci NOT NULL,
  `judul` varchar(191) COLLATE utf8mb4_unicode_ci NOT NULL,
  `kategori` int(11) NOT NULL,
  `kota_aceh_id` int(10) UNSIGNED NOT NULL,
  `latlng_maps` varchar(191) COLLATE utf8mb4_unicode_ci NOT NULL,
  `created_at` timestamp NULL DEFAULT NULL,
  `updated_at` timestamp NULL DEFAULT NULL
) ENGINE=InnoDB DEFAULT CHARSET=utf8mb4 COLLATE=utf8mb4_unicode_ci;

--
-- Dumping data for table `wisatas`
--

INSERT INTO `wisatas` (`id`, `alamat_maps`, `deskripsi`, `judul`, `kategori`, `kota_aceh_id`, `latlng_maps`, `created_at`, `updated_at`) VALUES
(1, 'Jl. Jenderal Sudirman, Kp. Baru, Baiturrahman, Kota Banda Aceh, Aceh 23116, Indonesia', '<p>Tsunami Aceh di Akhir 2004 telah berdampak besar terhadap banyak \naspek dalam kehidupan Masyarakat Indonesia, khususnya wilayah pesisir \nBarat Sumatera, termasuk Aceh. Tragedi kemanusiaan tersebut juga \nmenyadarkan banyak pihak di seluruh dunia mengenai pentingnya membangun \nkesiapsiagaan masyarakat terhadap ancaman bencana. Khusus bagi wilayah \npesisir Barat Sumatera - dari Aceh hingga Lampung, ancaman terbesar yang\n harus dihadapi masyarakat adalah Gempa Bumi dan Tsunami dari arah \nSamudera Hindia. Hal ini mendorong inisiatif dari berbagai pihak untuk \nmenyediakan sarana edukasi kesiapsiagaan publik terhadap Tsunami, salah \nsatunya kini terwujud dengan berdirinya Museum Tsunami Aceh.</p><p>Museum ini dibangun atas inisiatif dari sejumlah lembaga, antara lain\n Pemerintah Propinsi NAD, Pemerintah Kota Banda Aceh, Badan Rehabilitasi\n dan Rekonstruksi Aceh-Nias, Kementerian ESDM dan Ikatan Arsitek \nIndonesia. Menurut salah satu penggagasnya, bangunan ini tidak hanya \nberfungsi sebagai sarana edukasi bagi masyarakat umum tetapi juga \nmenjadi wahana untuk memperingati jatuhnya 120.000 korban jiwa dalam \nkejadian tersebut. Didirikan dengan dana senilai Rp. 70 miliar, bangunan\n ini sekaligus berfungsi sebagai pusat evakuasi Tsunami di masa \nmendatang. Meski telah diresmikan sejak Februari 2008, museum ini baru \ndibuka untuk umum pada tanggal 8 Mei 2011.</p><p>Arsitektur bangunan museum ini didesain oleh arsitek sekaligus dosen \nITB, M. Ridwan Kamil. Desain dengan tema \'Rumoh Aceh as Escape Hill\' ini\n terpilih dalam sayembara, setelah mengalahkan 68 desain yang memenuhi \nkriteria yang ditetapkan panitia. Desain bangunan ini mengadaptasi \nkonsep bangunan rumah panggung yang menjadi ciri khas rumah tradisional \nAceh. Karena itulah, lantai paling dasar dibuat sebagai sebuah ruang \nterbuka yang dapat berfungsi sebagai ruang publik sekaligus memberi \njarak aman terhadap ancaman datangnya gelombang Tsunami.</p><p>Motif dinding bagian luar bangunan merupakan adaptasi citra dari tari\n Saman yang merupakan simbolisasi dari kekuatan, kedisiplinan dan \nkepercayaan religius masyarakat Aceh. Terdapat sebuah lorong vertikal \nmenjulang di tengah bangunan menyerupai cerobong. Di sekeliling dinding \ndalam lorong ini terpatri nama-nama korban jiwa saat Tsunami terjadi dan\n di puncaknya terdapat siluet \'Allah\' dalam huruf Arab. Saat memasuki \ngedung, kita akan melewati lorong menurun dengan air terjun di kedua \nsisinya, yang memunculkan nuansa kepanikan yang muncul ketika Tsunami \nterjadi.</p><p class=\"MsoNormal\" style=\"line-height:150%\">\n\n\n\n\n\n\n\n</p><p>Museum Tsunami terbagi menjadi beberapa segmen. Segmen pertama yang \nberada di lantai dasar berfungsi sebagai wahana memperingati kejadian \nBencana Tsunami 2004, berupa ruang display dokumentasi visual dan \n\'cerobong\' berisi nama para korban. Melalui tangga spiral dan sebuah \njembatan melintang, kita memasuki segmen kedua yang berada di lantai 2, \nyaitu wahana edukasi tsunami berupa dokumentasi sejarah tsunami, \ndiorama, berbagai alat peraga sains yang berkaitan dengan peristiwa \ntsunami dan ruang perpustakaan. Segmen ketiga adalah ruang terbuka di \natap gedung yang berfungsi sebagai wahana evakuasi masyarakat ketika \nTsunami kembali terjadi</p>', 'Museum Tsunami', 2, 21, '5.547939200000001,95.31498260000001', '2018-07-16 19:53:30', '2018-07-22 11:32:22'),
(2, 'Jl. Lr. KM. Yunus, Seutui, Baiturrahman, Kota Banda Aceh, Aceh 23116, Indonesia', '<p style=\"margin: 6pt 0cm; line-height: 115%; background-image: initial; background-position: initial; background-size: initial; background-repeat: initial; background-attachment: initial; background-origin: initial; background-clip: initial;\"><b><span style=\"mso-bidi-font-size:10.5pt;\nline-height:115%;font-family:&quot;Calibri&quot;,&quot;sans-serif&quot;;mso-ascii-theme-font:minor-latin;\nmso-hansi-theme-font:minor-latin;mso-bidi-theme-font:minor-latin;color:#222222\">Masjid\nRaya Baiturrahman</span></b><span style=\"mso-bidi-font-size:10.5pt;line-height:\n115%;font-family:&quot;Calibri&quot;,&quot;sans-serif&quot;;mso-ascii-theme-font:minor-latin;\nmso-hansi-theme-font:minor-latin;mso-bidi-theme-font:minor-latin;color:#222222\">&nbsp;adalah\nsebuah masjid&nbsp;<a href=\"https://id.wikipedia.org/wiki/Kesultanan_Aceh\" title=\"Kesultanan Aceh\"><span style=\"color: rgb(11, 0, 128);\">Kesultanan Aceh</span></a>&nbsp;yang dibangun oleh&nbsp;<a href=\"https://id.wikipedia.org/wiki/Sultan_Iskandar_Muda\" title=\"Sultan Iskandar Muda\"><span style=\"color: rgb(11, 0, 128);\">Sultan Iskandar Muda</span></a>&nbsp;Mahkota Alam pada\ntahun 1022 H/1612 M. Bangunan indah dan megah yang mirip dengan&nbsp;<a href=\"https://id.wikipedia.org/wiki/Taj_Mahal\" title=\"Taj Mahal\"><span style=\"color: rgb(11, 0, 128);\">Taj Mahal</span></a>&nbsp;di\nIndia ini terletak tepat di jantung Kota&nbsp;<a href=\"https://id.wikipedia.org/wiki/Banda_Aceh\" title=\"Banda Aceh\"><span style=\"color: rgb(11, 0, 128);\">Banda Aceh</span></a>&nbsp;dan\nmenjadi titik pusat dari segala kegiatan di Aceh Darussalam.<o:p></o:p></span></p><p style=\"margin: 6pt 0cm; background-image: initial; background-position: initial; background-size: initial; background-repeat: initial; background-attachment: initial; background-origin: initial; background-clip: initial; line-height: inherit;\"><span style=\"mso-bidi-font-size:10.5pt;line-height:115%;font-family:&quot;Calibri&quot;,&quot;sans-serif&quot;;\nmso-ascii-theme-font:minor-latin;mso-hansi-theme-font:minor-latin;mso-bidi-theme-font:\nminor-latin;color:#222222\">Sewaktu&nbsp;<a href=\"https://id.wikipedia.org/wiki/Kerajaan_Belanda\" title=\"Kerajaan Belanda\"><span style=\"color: rgb(11, 0, 128);\">Kerajaan Belanda</span></a>&nbsp;menyerang&nbsp;<a href=\"https://id.wikipedia.org/wiki/Kesultanan_Aceh\" title=\"Kesultanan Aceh\"><span style=\"color: rgb(11, 0, 128);\">Kesultanan Aceh</span></a>&nbsp;pada\nagresi tentara Belanda kedua pada Bulan Shafar 1290&nbsp;<a href=\"https://id.wikipedia.org/wiki/Hijriah\" title=\"Hijriah\"><span style=\"color: rgb(11, 0, 128);\">Hijriah</span></a>/10\nApril 1873&nbsp;<a href=\"https://id.wikipedia.org/wiki/Masehi\" title=\"Masehi\"><span style=\"color: rgb(11, 0, 128);\">Masehi</span></a>,\nMasjid Raya Baiturrahman dibakar. Kemudian, pada tahun 1877 Belanda membangun\nkembali Masjid Raya Baiturrahman untuk menarik perhatian serta meredam\nkemarahan Bangsa Aceh. Pada saat itu Kesultanan Aceh masih berada di bawah\npemerintahan Sultan Muhammad Daud Syah Johan Berdaulat yang merupakan&nbsp;<a href=\"https://id.wikipedia.org/wiki/Sultan_Aceh\" title=\"Sultan Aceh\"><span style=\"color: rgb(11, 0, 128);\">Sultan Aceh</span></a>&nbsp;yang\nterakhir.<o:p></o:p></span></p><p style=\"margin: 6pt 0cm; background-image: initial; background-position: initial; background-size: initial; background-repeat: initial; background-attachment: initial; background-origin: initial; background-clip: initial; line-height: inherit;\"><span style=\"mso-bidi-font-size:10.5pt;line-height:115%;font-family:&quot;Calibri&quot;,&quot;sans-serif&quot;;\nmso-ascii-theme-font:minor-latin;mso-hansi-theme-font:minor-latin;mso-bidi-theme-font:\nminor-latin;color:#222222\">Sebagai tempat bersejarah yang memiliki nilai seni\ntinggi, Masjid Raya Baiturrahman menjadi objek wisata religi yang mampu membuat\nsetiap wisatawan yang datang berdecak kagum akan sejarah dan keindahan\narsitekturnya, di mana Masjid Raya Baiturrahman termasuk salah satu Masjid\nterindah di Indonesia yang memiliki arsitektur yang memukau, ukiran yang\nmenarik, halaman yang luas dengan kolam pancuran air bergaya&nbsp;<a href=\"https://id.wikipedia.org/wiki/Kesultanan_Turki_Utsmani\" title=\"Kesultanan Turki Utsmani\"><span style=\"color: rgb(11, 0, 128);\">Kesultanan Turki Utsmani</span></a>&nbsp;dan akan\nsangat terasa sejuk apabila berada di dalam Masjid ini.<o:p></o:p></span></p><p style=\"margin: 6pt 0cm; line-height: 115%; background-image: initial; background-position: initial; background-size: initial; background-repeat: initial; background-attachment: initial; background-origin: initial; background-clip: initial;\">\n\n\n\n\n\n</p><p class=\"MsoNormal\" style=\"line-height:115%\"><span style=\"font-size:14.0pt;\nmso-bidi-font-size:11.0pt;line-height:115%;mso-bidi-font-family:Calibri;\nmso-bidi-theme-font:minor-latin\"><o:p>&nbsp;</o:p></span></p>', 'Masjid Raya Baiturrahman', 2, 21, '5.5399614,95.31090389999997', '2018-07-16 19:54:00', '2018-07-20 01:41:36'),
(3, 'Jl. Tengku Chik Ditiro, Kuta Ateueh, Sukakarya, Kota Sabang, Aceh 24411, Indonesia', '<p class=\"MsoNormal\" style=\"line-height:150%\"><b><span style=\"font-size: 12pt; line-height: 150%; color: rgb(34, 34, 34); background-image: initial; background-position: initial; background-size: initial; background-repeat: initial; background-attachment: initial; background-origin: initial; background-clip: initial;\">Kota Sabang</span></b><span style=\"font-size: 12pt; line-height: 150%; color: rgb(34, 34, 34); background-image: initial; background-position: initial; background-size: initial; background-repeat: initial; background-attachment: initial; background-origin: initial; background-clip: initial;\">&nbsp;adalah salah\nsatu&nbsp;</span><span style=\"font-size:12.0pt;mso-bidi-font-size:11.0pt;\nline-height:150%;mso-bidi-font-family:Calibri;mso-bidi-theme-font:minor-latin\"><a href=\"https://id.wikipedia.org/wiki/Kota\" title=\"Kota\"><span style=\"line-height: 150%; color: rgb(11, 0, 128); background-image: initial; background-position: initial; background-size: initial; background-repeat: initial; background-attachment: initial; background-origin: initial; background-clip: initial;\">kota</span></a></span><span style=\"font-size: 12pt; line-height: 150%; color: rgb(34, 34, 34); background-image: initial; background-position: initial; background-size: initial; background-repeat: initial; background-attachment: initial; background-origin: initial; background-clip: initial;\">&nbsp;di&nbsp;</span><span style=\"font-size:12.0pt;mso-bidi-font-size:11.0pt;line-height:150%;mso-bidi-font-family:\nCalibri;mso-bidi-theme-font:minor-latin\"><a href=\"https://id.wikipedia.org/wiki/Aceh\" title=\"Aceh\"><span style=\"line-height: 150%; color: rgb(11, 0, 128); background-image: initial; background-position: initial; background-size: initial; background-repeat: initial; background-attachment: initial; background-origin: initial; background-clip: initial;\">Aceh</span></a></span><span style=\"font-size: 12pt; line-height: 150%; color: rgb(34, 34, 34); background-image: initial; background-position: initial; background-size: initial; background-repeat: initial; background-attachment: initial; background-origin: initial; background-clip: initial;\">,&nbsp;</span><span style=\"font-size:12.0pt;mso-bidi-font-size:11.0pt;line-height:150%;mso-bidi-font-family:\nCalibri;mso-bidi-theme-font:minor-latin\"><a href=\"https://id.wikipedia.org/wiki/Indonesia\" title=\"Indonesia\"><span style=\"line-height: 150%; color: rgb(11, 0, 128); background-image: initial; background-position: initial; background-size: initial; background-repeat: initial; background-attachment: initial; background-origin: initial; background-clip: initial;\">Indonesia</span></a></span><span style=\"font-size: 12pt; line-height: 150%; color: rgb(34, 34, 34); background-image: initial; background-position: initial; background-size: initial; background-repeat: initial; background-attachment: initial; background-origin: initial; background-clip: initial;\">. Kota ini berupa\nkepulauan di seberang utara pulau&nbsp;</span><span style=\"font-size:\n12.0pt;mso-bidi-font-size:11.0pt;line-height:150%;mso-bidi-font-family:Calibri;\nmso-bidi-theme-font:minor-latin\"><a href=\"https://id.wikipedia.org/wiki/Sumatera\" title=\"Sumatera\"><span style=\"line-height: 150%; color: rgb(11, 0, 128); background-image: initial; background-position: initial; background-size: initial; background-repeat: initial; background-attachment: initial; background-origin: initial; background-clip: initial;\">Sumatera</span></a></span><span style=\"font-size: 12pt; line-height: 150%; color: rgb(34, 34, 34); background-image: initial; background-position: initial; background-size: initial; background-repeat: initial; background-attachment: initial; background-origin: initial; background-clip: initial;\">, dengan&nbsp;</span><span style=\"font-size:12.0pt;mso-bidi-font-size:11.0pt;line-height:150%;mso-bidi-font-family:\nCalibri;mso-bidi-theme-font:minor-latin\"><a href=\"https://id.wikipedia.org/wiki/Pulau_Weh\" title=\"Pulau Weh\"><span style=\"line-height: 150%; color: rgb(11, 0, 128); background-image: initial; background-position: initial; background-size: initial; background-repeat: initial; background-attachment: initial; background-origin: initial; background-clip: initial;\">Pulau Weh</span></a></span><span style=\"font-size: 12pt; line-height: 150%; color: rgb(34, 34, 34); background-image: initial; background-position: initial; background-size: initial; background-repeat: initial; background-attachment: initial; background-origin: initial; background-clip: initial;\">&nbsp;sebagai pulau\nterbesar. Kota Sabang merupakan zona ekonomi bebas Indonesia, ia sering disebut\nsebagai titik paling utara Indonesia, tepatnya di&nbsp;</span><span style=\"font-size:12.0pt;mso-bidi-font-size:11.0pt;line-height:150%;mso-bidi-font-family:\nCalibri;mso-bidi-theme-font:minor-latin\"><a href=\"https://id.wikipedia.org/wiki/Pulau_Rondo\" title=\"Pulau Rondo\"><span style=\"line-height: 150%; color: rgb(11, 0, 128); background-image: initial; background-position: initial; background-size: initial; background-repeat: initial; background-attachment: initial; background-origin: initial; background-clip: initial;\">Pulau Rondo</span></a></span><span style=\"font-size: 12pt; line-height: 150%; color: rgb(34, 34, 34); background-image: initial; background-position: initial; background-size: initial; background-repeat: initial; background-attachment: initial; background-origin: initial; background-clip: initial;\">.<o:p></o:p></span></p><p>\n\n</p><p class=\"MsoNormal\" style=\"line-height:150%\"><span style=\"font-size: 12pt; line-height: 150%; color: rgb(34, 34, 34); background-image: initial; background-position: initial; background-size: initial; background-repeat: initial; background-attachment: initial; background-origin: initial; background-clip: initial;\">Dari segi\ngeografis&nbsp;</span><span style=\"font-size:12.0pt;mso-bidi-font-size:\n11.0pt;line-height:150%;mso-bidi-font-family:Calibri;mso-bidi-theme-font:minor-latin\"><a href=\"https://id.wikipedia.org/wiki/Indonesia\" title=\"Indonesia\"><span style=\"line-height: 150%; color: rgb(11, 0, 128); background-image: initial; background-position: initial; background-size: initial; background-repeat: initial; background-attachment: initial; background-origin: initial; background-clip: initial;\">Indonesia</span></a></span><span style=\"font-size: 12pt; line-height: 150%; color: rgb(34, 34, 34); background-image: initial; background-position: initial; background-size: initial; background-repeat: initial; background-attachment: initial; background-origin: initial; background-clip: initial;\">, wilayah Kota\nSabang berada pada 95°13\'02\"-95°22\'36\" BT, dan\n05°46\'28\"-05°54\'-28\" LU, merupakan wilayah administratif paling\nutara, dan berbatasan langsung dengan negara tetangga yaitu&nbsp;</span><span style=\"font-size:12.0pt;mso-bidi-font-size:11.0pt;line-height:150%;mso-bidi-font-family:\nCalibri;mso-bidi-theme-font:minor-latin\"><a href=\"https://id.wikipedia.org/wiki/Malaysia\" title=\"Malaysia\"><span style=\"line-height: 150%; color: rgb(11, 0, 128); background-image: initial; background-position: initial; background-size: initial; background-repeat: initial; background-attachment: initial; background-origin: initial; background-clip: initial;\">Malaysia</span></a></span><span style=\"font-size: 12pt; line-height: 150%; color: rgb(34, 34, 34); background-image: initial; background-position: initial; background-size: initial; background-repeat: initial; background-attachment: initial; background-origin: initial; background-clip: initial;\">,&nbsp;</span><span style=\"font-size:12.0pt;mso-bidi-font-size:11.0pt;line-height:150%;mso-bidi-font-family:\nCalibri;mso-bidi-theme-font:minor-latin\"><a href=\"https://id.wikipedia.org/wiki/Thailand\" title=\"Thailand\"><span style=\"line-height: 150%; color: rgb(11, 0, 128); background-image: initial; background-position: initial; background-size: initial; background-repeat: initial; background-attachment: initial; background-origin: initial; background-clip: initial;\">Thailand</span></a></span><span style=\"font-size: 12pt; line-height: 150%; color: rgb(34, 34, 34); background-image: initial; background-position: initial; background-size: initial; background-repeat: initial; background-attachment: initial; background-origin: initial; background-clip: initial;\">, dan&nbsp;</span><span style=\"font-size:12.0pt;mso-bidi-font-size:11.0pt;line-height:150%;mso-bidi-font-family:\nCalibri;mso-bidi-theme-font:minor-latin\"><a href=\"https://id.wikipedia.org/wiki/India\" title=\"India\"><span style=\"line-height: 150%; color: rgb(11, 0, 128); background-image: initial; background-position: initial; background-size: initial; background-repeat: initial; background-attachment: initial; background-origin: initial; background-clip: initial;\">India</span></a></span><span style=\"font-size: 12pt; line-height: 150%; color: rgb(34, 34, 34); background-image: initial; background-position: initial; background-size: initial; background-repeat: initial; background-attachment: initial; background-origin: initial; background-clip: initial;\">. Wilayah Kota\nSabang dikelilingi oleh&nbsp;</span><span style=\"font-size:12.0pt;\nmso-bidi-font-size:11.0pt;line-height:150%;mso-bidi-font-family:Calibri;\nmso-bidi-theme-font:minor-latin\"><a href=\"https://id.wikipedia.org/wiki/Selat_Malaka\" title=\"Selat Malaka\"><span style=\"line-height: 150%; color: rgb(11, 0, 128); background-image: initial; background-position: initial; background-size: initial; background-repeat: initial; background-attachment: initial; background-origin: initial; background-clip: initial;\">Selat Malaka</span></a></span><span style=\"font-size: 12pt; line-height: 150%; color: rgb(34, 34, 34); background-image: initial; background-position: initial; background-size: initial; background-repeat: initial; background-attachment: initial; background-origin: initial; background-clip: initial;\">&nbsp;di Utara,&nbsp;</span><span style=\"font-size:12.0pt;mso-bidi-font-size:11.0pt;line-height:150%;mso-bidi-font-family:\nCalibri;mso-bidi-theme-font:minor-latin\"><a href=\"https://id.wikipedia.org/wiki/Samudera_Hindia\" title=\"Samudera Hindia\"><span style=\"line-height: 150%; color: rgb(11, 0, 128); background-image: initial; background-position: initial; background-size: initial; background-repeat: initial; background-attachment: initial; background-origin: initial; background-clip: initial;\">Samudera Hindia</span></a></span><span style=\"font-size: 12pt; line-height: 150%; color: rgb(34, 34, 34); background-image: initial; background-position: initial; background-size: initial; background-repeat: initial; background-attachment: initial; background-origin: initial; background-clip: initial;\">&nbsp;di Selatan,&nbsp;</span><span style=\"font-size:12.0pt;mso-bidi-font-size:11.0pt;line-height:150%;mso-bidi-font-family:\nCalibri;mso-bidi-theme-font:minor-latin\"><a href=\"https://id.wikipedia.org/wiki/Selat_Malaka\" title=\"Selat Malaka\"><span style=\"line-height: 150%; color: rgb(11, 0, 128); background-image: initial; background-position: initial; background-size: initial; background-repeat: initial; background-attachment: initial; background-origin: initial; background-clip: initial;\">Selat Malaka</span></a></span><span style=\"font-size: 12pt; line-height: 150%; color: rgb(34, 34, 34); background-image: initial; background-position: initial; background-size: initial; background-repeat: initial; background-attachment: initial; background-origin: initial; background-clip: initial;\">&nbsp;di Timur dan&nbsp;</span><span style=\"font-size:12.0pt;mso-bidi-font-size:11.0pt;line-height:150%;mso-bidi-font-family:\nCalibri;mso-bidi-theme-font:minor-latin\"><a href=\"https://id.wikipedia.org/wiki/Samudera_Hindia\" title=\"Samudera Hindia\"><span style=\"line-height: 150%; color: rgb(11, 0, 128); background-image: initial; background-position: initial; background-size: initial; background-repeat: initial; background-attachment: initial; background-origin: initial; background-clip: initial;\">Samudera Hindia</span></a></span><span style=\"font-size: 12pt; line-height: 150%; color: rgb(34, 34, 34); background-image: initial; background-position: initial; background-size: initial; background-repeat: initial; background-attachment: initial; background-origin: initial; background-clip: initial;\">&nbsp;di Barat.</span><span style=\"font-size:12.0pt;mso-bidi-font-size:11.0pt;line-height:150%;mso-bidi-font-family:\nCalibri;mso-bidi-theme-font:minor-latin\"><o:p></o:p></span></p>', 'Sabang', 1, 21, '5.8926053,95.32376079999995', '2018-07-19 19:48:01', '2018-07-20 01:57:57'),
(4, 'Kong Paluh, Kutapanjang, Kabupaten Gayo Lues, Aceh, Indonesia,undefined', '<p class=\"MsoNormal\" style=\"line-height:150%\"><span style=\"font-size: 12pt; line-height: 150%; background-image: initial; background-position: initial; background-size: initial; background-repeat: initial; background-attachment: initial; background-origin: initial; background-clip: initial;\">Taman Nasional Gunung Leuser\nbiasa disingkat TNGL adalah salah satu Kawasan Pelestarian Alam di Indonesia\nseluas 1.094.692 hektare yang secara administrasi pemerintahan terletak di\nProvinsi Aceh dan Sumatera Utara. Provinsi Aceh yang terdeliniasi TNGL meliputi\nKabupaten Subulussalam, Aceh Selatan, Aceh Singkil, Aceh Tengah, Aceh Tenggara,\nGayo Lues,</span>Bener Meriah, Aceh Tamiang, sedangkan Provinsi Sumatera Utara yang\nterdeliniasi TNGL meliputi Kabupaten Dairi, Karo, dan Langkat. Taman nasional\nini mengambil nama dari Gunung Leuser yang menjulang tinggi dengan ketinggian\n3404 meter di atas permukaan laut di Aceh. Taman nasional ini meliputi\nekosistem asli dari pantai sampai pegunungan tinggi yang diliputi oleh hutan\nlebat khas hujan tropis, dikelola dengan sistem zonasi yang dimanfaatkan untuk\ntujuan penelitian, ilmu pengetahuan, pendidikan, menunjang budidaya,\npariwisata, dan rekreasi. Taman Nasional Gunung Leuser memiliki 3 fungsi yaitu:\nperlindungan sistem penyangga kehidupan; pengawetan keanekaragaman jenis tumbuhan\ndan satwa beserta ekosistemnya; pemanfaatan secara lestari sumber daya alam\nhayati dan ekosistemnya.<span style=\"font-size:14.0pt;mso-bidi-font-size:\n11.0pt;line-height:150%;mso-bidi-font-family:Calibri;mso-bidi-theme-font:minor-latin\"><o:p></o:p></span></p>', 'Taman Nasional Gunung Leuser', 1, 5, '3.774206900000001,97.24371050000002', '2018-07-20 02:26:02', '2018-07-20 02:26:02'),
(5, 'Jl. Moh. Jam No.14, Kp. Baru, Baiturrahman, Kota Banda Aceh, Aceh, Indonesia', '<p><b>MESJID RAYA BAITURAHMAN</b></p><p>Jika ada sebuah tempat yang harus Anda kunjungi saat bertandang\n ke Banda Aceh, itu adalah Masjid Raya Baiturrahman. Inilah situs \nbersejarah yang telah ada sejak era kejayaan Kesultanan Aceh dan \nbertahan hingga saat ini. Masjid ini telah melalui berbagai hal, mulai \ndari tragedi pembakaran oleh kolonial Belanda tahun 1873 hingga hantaman\n tsunami di akhir 2004.</p><p>Masjid Raya Baiturrahman pertama kali dibangun di era \nKesultanan Aceh. Bagian atap masjid ini dibuat sesuai dengan ciri khas \nmasjid-masjid di Indonesia pada masa itu, atap limas bersusun empat.</p><p>Terdapat dua versi sejarah mengenai riwayat pembangunan masjid \nini. Sebagian sumber menyebutkan masjid ini didirikan pada 1292 M oleh \nSultan Alauddin Johan Mahmudsyah. Sementara, sumber yang lain \nmenyebutkan masjid ini didirikan oleh Sultan Iskandar Muda pada 1612 M.</p><p>Dalam perjalanannya, masjid ini pernah dibumihanguskan oleh \nBelanda saat serangan ke Koetaradja (Banda Aceh) pada 10 April 1873. \nRuntuhnya bangunan masjid memicu meletusnya perlawanan masyarakat Aceh. \nMereka berjuang mempertahankan masjid hingga darah penghabisan. Pada \npertempuran tersebut, pihak Belanda kehilangan seorang panglima mereka, \nMajor General Johan Harmen Rudolf Köhler pada 14 April 1873.</p><p>Bangunan masjid lalu dibangun ulang oleh pihak Belanda atas \nperintah Jenderal Van Der Heijden. Pembangunan ulang masjid ini \nmerupakan bagian dari upaya meredakan resistensi rakyat Aceh terhadap \npendudukan Belanda. Proses pembangunan ulang Majid Raya Baiturrahman \nberlangsung pada 1879-1881 M. Arsitektur bangunan yang baru dibuat oleh \nde Bruchi yang mengadaptasi gaya Moghul (India).</p><p>Masjid yang terletak di pusat Kota Banda Aceh ini kemudian \nmengalami beberapa kali perluasan. Yang pertama terjadi pada tahun 1936.\n Atas upaya Gubernur Jenderal A. PH. Van Aken, dilakukan pembangunan dua\n kubah di sisi kanan dan kiri masjid. Selanjutnya, pada tahun 1958-1965,\n bangunan masjid kembali diperluas. Pada perluasan kedua ini ditambahkan\n dua kubah dan dua menara di sisi barat (mihrab). Kelima kubah ini \nmerupakan perlambang lima elemen dalam Pancasila.</p><p>Pada tahun 1992, dilakukan pembangunan dengan penambahan dua \nkubah dan lima menara. Selain itu, dilakukan perluasan halaman masjid \nsehingga total luas area masjid saat ini menjadi 16.070 meter persegi.</p><p>Saat gelombang tsunami setinggi 21 meter menghantam pesisir \nBanda Aceh pada 26 Desember 2004, masjid ini termasuk bangunan yang \nselamat – meskipun terjadi kerusakan di beberapa bagian masjid.</p><p>\n\n\n\n\n\n\n\n\n\n\n\n\n\n\n\n</p><p>Upaya renovasi pasca-tsunami menelan dana sebesar Rp20 miliar. \nDana tersebut berasal dari bantuan dunia internasional, antara lain \nSaudi Charity Campaign. Proses renovasi selesai pada 15 Januari 2008. \nSaat ini, Masjid Raya Baiturrahman menjadi pusat pengembangan aktivitas \nkeislaman bagi masyarakat Banda Aceh.&nbsp;</p>', 'Mesjid Raya Baiturahman', 2, 21, '5.553571100000001,95.31728499999997', '2018-07-22 11:17:12', '2018-07-22 11:17:12'),
(6, 'Jl. Harapan No.1, Punge Blang Cut, Jaya Baru, Kota Banda Aceh, Aceh, Indonesia', '<p>Kedhasyatan gelombang tsunami yang menerpa pesisir utara Banda \nAceh pada Bulan Desember 2004 yang lalu ternyata masih meninggalkan \njejak. Tidak hanya masih terbayang dalam ingatan, tsunami juga \nmeninggalkan jejak berupa monumen. Monumen yang menjadi peringatan bagi \nsiapapun terhadap dahsyatnya kekuatan alam.<br>\n<br>\nSalah satunya adalah Monumen PLTD (Pembangkit Listrik Tenaga Diesel) \nApung di Desa Punge, Blancut, Banda Aceh. Sesuai namanya, kapal ini \nmerupakan sumber tenaga listrik bagi wilayah Ulee Lheue – tempat kapal \nini ditambatkan sebelum terjadinya tsunami.<br>\n<br>\nKapal dengan panjang 63 meter ini mampu menghasilkan daya sebesar 10,5 \nmegawatt. Dengan luas mencapai 1.900 meter persegi dan bobot 2.600 ton, \ntidak ada yang membayangkan kapal ini dapat bergerak hingga ke tengah \nKota Banda Aceh.<br>\n<br>\nKetika tsunami terjadi pada tanggal 26 Desember 2004, kapal ini terseret\n gelombang pasang setinggi 9 meter sehingga bergeser ke jantung Kota \nBanda Aceh sejauh 5 kilometer. Kapal ini terhempas hingga ke \ntengah-tengah pemukiman warga, tidak jauh dari Museum Tsunami.<br>\n<br>\nDari 11 orang awak dan beberapa warga yang berada di atas kapal ketika \ntsunami terjadi, hanya satu orang yang berhasil selamat. Fenomena \npergeseran kapal ini menunjukkan kedahsyatan kekuatan gelombang yang \nmenimpa Serambi Makkah kala itu.<br>\n<br>\nSaat ini, area sekitar PLTD Apung telah dibeli oleh pemerintah untuk \nditata ulang menjadi wahana wisata edukasi. Untuk mengenang korban jiwa \nyang jatuh akibat tsunami, dibangun monumen peringatan. Pada monumen \nitu, tertera tanggal dan waktu kejadian dari musibah yang juga menimpa \nbeberapa negara selain Indonesia.<br>\n<br>\nDi sekeliling monumen, dibangun dinding dengan relief menyerupai \ngelombang air bah. Dari atas kapal ini, pengunjung juga dapat melihat \nrangkaian pegunungan Bukit Barisan.<br></p>', 'Kapal PLD Apung', 2, 21, '5.54642,95.30676719999997', '2018-07-22 11:31:14', '2018-07-22 11:31:14'),
(7, 'Jl. TM Pahlawan No.20, Ateuk Pahlawan, Baiturrahman, Kota Banda Aceh, Aceh 23127, Indonesia', '<p style=\"text-align: justify;\">Ulee Kareng terkenal sebagai kawasan wisata kopi di <a href=\"http://www.ezytravel.co.id/paket/asia/indonesia\">Banda Aceh</a>.\n Daerah yang letaknya tidak terlalu jauh dari pusat kota ini, berdiri \nbanyak warung kopi yang menyeduhkan beragam aroma. Di sini terkenal \ndengan cita rasa kopi robusta-nya yang kuat. Namun siapa sangka, di \nkawasan ini ternyata menyimpan begitu banyak sejarah masa lalu kejayaan <a href=\"http://www.ezytravel.co.id/tiket-pesawat/dari-jakarta-cgk/ke-banda-aceh\">Aceh</a>. Salah satunya adalah <strong>Mesjid Tuha</strong>.</p><p>\n</p><p style=\"text-align: justify;\">Masjid Tuha Aceh atau masjid tua adalah \nsalah satu bangunan peninggalan masa kerajaan Aceh dulu. Letak masjid \nini tidak begitu jauh dari simpang tujuh Ulee Kareng. Sebuah papan \npenunjuk jalan tertancap di sebilah kayu di belakang emperan toko: jalan\n Masjid Tuha.</p>', 'Mesjid Tuhe Ulee', 2, 21, '5.5482904,95.32375589999992', '2018-07-22 11:34:24', '2018-07-22 11:34:24'),
(8, 'Jl. Pantai Lampuuk No.2, Meunasah Lambaro, Kec. Lhoknga, Kabupaten Aceh Besar, Aceh 23371, Indonesia', '<h5><b>Wisata Pantai Lampukk yang telah pulih dari trauma tsunami</b></h5><p>Pantai Lampuuk merupakan salah satu primadona wisata Aceh Besar sebelum \nterjadi tsunami tahun 2004. Pantai ini selalu ramai dengan pengunjung, \nbaik dari Banda Aceh, Melaboh, atau daerah-daerah lainnya. Dengan pasir \nputih dan pepohonan pinus yang rindang, tempat ini menjadi tempat yang \nideal untuk melepas kepenatan.<br>\n<br>\nSaat terjadinya tsunami, pantai yang berjarak kurang lebih 15 kilometer \ndari Banda Aceh ini termasuk yang mengalami kerusakan cukup parah. \nHotel-hotel yang berada di tepi pantai dan pemukiman penduduk di \nsekitarnya hancur dihempas gelombang besar.<br>\n<br>\nLebih dari separuh penduduk Lampuuk meninggal dalam bencana tersebut. \nTrauma terhadap ancaman tsunami membuat masyarakat enggan untuk datang \nke pantai ini, selain karena banyaknya pohon pinus yang tumbang dan \npuing-puing sisa tsunami. Hal ini sempat membuat pantai ini tertutup \nuntuk aktivitas pariwisata.<br>\n<br>\nAkan tetapi, secara berangsur pantai ini pun kembali pulih. Kurang lebih\n setahun setelah tsunami, aktivitas pariwisata di pantai ini pun kembali\n ramai. Dalam proses rehabilitas dan rekonstruksi pasca tsunami, \npengelolaan Pantai Lampuuk diintegrasikan dengan beberapa objek wisata \nlainnya di Aceh, seperti Pulau Weh, Danau Laut Tawar, dan Dataran Tinggi\n Takengon.<br>\n<br>\nHal ini berpengaruh positif terhadap upaya mengembalikan citra Pantai \nLampuuk sebagai primadona wisata Aceh. Tidak hanya wisatawan lokal, \nbanyaknya aktivis NGO dan relawan asing yang singgah untuk berwisata \npantai, terutama selancar, juga ikut mendongkrak popularitas pantai ini.\n Saat ini, wisata Pantai Lampuuk bisa dikatakan sudah pulih seperti \nsebelum terjadinya tsunami.<br>\n<br>\nAda empat jalur masuk yang bisa dilalui oleh para pengunjung untuk \nmenuju ruas pantai yang berbeda, yaitu Babah Satu, Babah Dua, Babah \nTiga, dan Babah Empat. Masing-masing pintu masuk dinamai berurutan \nsesuai posisinya, dari yang paling selatan ke yang paling utara.<br>\n<br>\nJalur yang banyak dilalui para pengunjung lokal umumnya adalah Babah \nSatu dan Babah Dua. Turis asing biasanya datang dari jalur Babah Tiga. \nLokasi ini biasanya digunakan untuk kegiatan surfing atau sekadar \nbersantai menikmati liburan musim panas.<br>\n<br>\nSeiring dengan perbaikan yang dilakukan, pantai ini pun telah dilengkapi\n dengan berbagai fasilitas pariwisata, seperti banana boat. Bagi \npengunjung yang ingin bermalam, tersedia pula berbagai penginapan dari \nkelas losmen hingga cottage yang tarifnya variatif sesuai dengan \npelayanan dan fasilitas yang diinginkan.<br>\n<br>\nSelain itu, di sisi pantai, pengunjung yang ingin mengisi perut juga \ndapat dengan mudah menemukan kios-kios penjaja menu seafood. Kios-kios \nini menawarkan berbagai hidangan ikan bakar, seperti ikan rambe, kerapu,\n bawal, udang, cumi, dan lainnya. Seafood bakar nan lezat ini cocok \ndinikmati sebagai hidangan saat berkumpul bersama keluarga atau teman. \nLebih lengkap dilengkapi dengan es kelapa muda yang segar.<br>\n<br>\nAktivitas lain yang bisa dilakukan ketika berkunjung ke pantai ini \nadalah mengunjungi konservasi penyu. Terletak di Babah Dua, konservasi \npenyu dapat menjadi wahana edukasi kepada anak-anak mengenai pelestarian\n lingkungan.<br>\n<br>\nMeskipun aktivitas massal seputar konservasi penyu hanya dilakukan pada \nsaat-saat tertentu, pengunjung dapat menemukan sejumlah tukik atau anak \npenyu yang ditampung di kolam kecil di salah satu sisi area ini. Tukik \nini akan dilepas ke laut ketika mereka dianggap sudah cukup mampu \nbertahan di alam lepas.&nbsp;<br></p>', 'PANTAI LAMPUUK', 1, 21, '5.4854715,95.22646989999998', '2018-07-22 11:36:17', '2018-07-22 11:38:30'),
(9, 'Jl. Pelabuhan Lama Ulee Lheue, Ulee Lheue, Meuraxa, Kota Banda Aceh, Aceh, Indonesia', '<p>Pesona wisata yang dimiliki oleh Provinsi Aceh, seolah tiada habisnya\n untuk dinikmati dan ditelusuri. Dibeberapa daerah tersebar begitu \nbanyak objek wisata mulai dari pantai, air terjun, danau hingga \ntempat-tempat seperti museum dan wisata religi. Banda Aceh yang \nmerupakan ibukota dari provinsi berjuluk Serambi Mekkah ini, juga \nmenawarkan beberapa <a href=\"https://www.tempat.co.id/\">tempat</a> wisata yang wajib untuk dikunjungi, salah satunya adalah Pantai Ulee Lheue.</p><p>\n</p><p>Jika kamu mengharapkan sebuah pantai dengan hamparan pasir putih, \nmaka kamu tidak akan menemukannya di Pantai Ulee Lheue ini. Pantai ini \nmemang terasa special karena cukup berbeda dengan pantai-pantai lainnya \ndi Aceh. Disini wisatawan akan dibawa menikmati keindahan hamparan \nlautan yang tenang, dengan duduk dikursi-kursi pinggir jalan serta \nmenyantap jagung bakar.&nbsp;</p><p><br></p><p>Secara geografis, letak Pantai Ulee Lheue berada pada Desa Ulee \nLheue, Kecamatan Meuraksa, Kota Banda Aceh, Provinsi Aceh. Lokasi dari \npantai pun sangat strategis dan cukup dekat dari pusat Kota Banda Aceh. \nWisatawan hanya perlu menempuh jarak 3 kilometer dari Banda Aceh serta \nbisa menggunakan berbagai transportasi seperti labi-labi, taksi atau \njuga kendaraan pribadi.<br></p><p>Ketika terjadi bencana tsunami pada tahun 2004 silam, Pantai Ulee \nLheue ini menjadi salah satu pantai dengan kondisi kerusakan yang sangat\n parah. Banyak pohon-pohon yang tumbang, serta fasilitas umum yang rusak\n diterjang gelombang tsunami. Konon sebelum tsunami pantai ini memiliki \npasir putih yang bersih, namun semua itu berubah usai peristiwa \nmemilukan tersebut meluluh-lantahkan Aceh.\n</p><p>\n\n</p><p>Pemerintah pun bergerak cepat usai bencana tsunami dengan membangun \nkembali fasilitas-fasilitas umum, serta memperbaiki pantai hingga kini \nbisa dinikmati lagi keindahannya. Meskipun pasir putih tak lagi bisa \nditemui, namun Pantai Ulee Lheue nyatanya tak pernah sepi dari \npengunjung. Apalagi ketika sore hari, banyak dijumpai muda-mudi yang \nmenikmati keindahan pantai serta fenomena sunset aduhai.</p><p><br></p><h3>Pesona Pantai Ulee Lheue</h3>\n<p>Berbeda dengan pantai-pantai di Aceh lain yang berbatasan langsung \ndengan Samudra Hindia, Pantai Ulee Lheue ini memiliki gelombang ombak \nyang tenang. Sangat jarang dijumpai gelombang ombak besar di <a href=\"https://www.tempat.co.id/tag/pantai\">pantai</a> ini. Hal ini dikarenakan adanya semacam tanggul dari tumpukan batu yang menjadi pemecah ombak.\n</p>\n<p><span style=\"font-size: 1.1em;\">Biasanya wisatawan berkunjung ke Pantai Ulee Lheue ini pada sore hari\n untuk menikmati keindahan tempat wisata sembari menikmati jagung bakar.\n Disepanjang pantai bisa dijumpai adanya warung-warung yang menjual \njagung bakar, serta disediakan kursi-kursi plastik dapat digunakan \nwisatawan untuk bersantai.</span>&nbsp;</p>', 'Pantai Cermin Ulee Lhuee', 1, 21, '5.559752199999999,95.28525830000001', '2018-07-22 11:41:13', '2018-07-22 11:41:13'),
(10, 'Jl. Tunggai I, Lamgugob, Syiah Kuala, Kota Banda Aceh, Aceh 24415, Indonesia', '<div class=\"MsoNormalCxSpMiddle\" style=\"line-height: normal; text-align: justify;\">engunjungi\n<a href=\"http://kekunaan.blogspot.com/2015/04/museum-negeri-aceh.html\" target=\"_blank\">Museum Negeri Aceh</a> tanpa melihat makam kuno yang berada di pelataran museum,\nterasa belum lengkap. Makam kuno tersebut bukanlah seonggokan batu yang\ndibentuk, akan tetapi sesungguhnya juga menyimpan memori sejarah tersendiri. Makam\nkuno tersebut dikenal sebagai Makam Raja-Raja Aceh Keturunan Bugis.</div><div class=\"MsoNormalCxSpMiddle\" style=\"line-height: normal; text-align: justify;\">\nMakam\nini terletak di Jalan Sultan Alauddin Mahmudsyah No. 12 Kelurahan Peuniti,\nKecamatan Baiturrahman, Kota Banda Aceh, Provinsi Aceh. Lokasi makam ini tepat\nberada di depan auditorium <a href=\"http://kekunaan.blogspot.com/2015/04/museum-negeri-aceh.html\" target=\"_blank\">Museum Negeri Aceh</a>.</div><div class=\"MsoNormalCxSpMiddle\" style=\"line-height: normal; text-align: justify;\">\nSesuai\ndengan petunjuk tulisan berwarna kuning yang ditorehkan pada marmer hitam,\ndikebumikan jasad raja-raja Aceh keturunan Bugis maupun keluarganya, yakni:\nSultan Alauddin Ahmad Syah, Sultan Alauddin Johan Syah, Sultan Muhammad Daud\nSyah (1874-1903), dan Pocut Muhammad.</div><div class=\"MsoNormalCxSpMiddle\" style=\"line-height: normal; text-align: justify;\">\nSultan\nAhmad Syah adalah Sultan pertama dari Dinasti Aceh-Bugis dan sekaligus\nmerupakan Sultan yang ke-23 dari Kesultanan Aceh Darussalam yang memerintah\ndari 1727 sampai 1735. Sebelum tahun 1727, beliau bergelar Maharaja Lela\nMelayu.</div><p>\n\n\n\n</p><div class=\"MsoNormalCxSpMiddle\" style=\"line-height: normal; text-align: justify;\">\nSultan\nAlauddin Johan Syah adalah anak dari Sultan Alauddin Ahmad Syah. Sebelum\ndiangkat menjadi sultan, beliau dikenal sebagai Pocut Aoek. Beliau memerintah\nKesultanan Aceh Darussalam dari 1735 hingga 1760.</div><div class=\"MsoNormalCxSpMiddle\" style=\"line-height: normal; text-align: justify;\"><br></div><div class=\"MsoNormalCxSpMiddle\" style=\"line-height: normal; text-align: justify;\"><div class=\"MsoNormalCxSpMiddle\" style=\"line-height: normal;\">Sultan\nMuhammad Daud Syah merupakan Sultan Aceh yang ke-35 dan sekaligus menjadi\nSultan Aceh yang terakhir. Beliau dinobatkan menjadi sultan di Masjid Indrapuri\npada 1878 sampai menyerah kepada Belanda pada 10 Januari 1903. Beliau\ndiasingkan ke Ambon, dan terakhir dipindahkan ke Batavia hingga wafatnya pada 6\nFebruari 1939. Beliau dikenal sebagai Sultan Aceh yang bertahta tanpa istana.\nSedangkan Pocut Muhammad, sesuai dengan hikayat yang berkembang merupakan adik\nlaki-laki dari Sultan Muda.</div>\n<div class=\"MsoNormalCxSpMiddle\" style=\"line-height: normal;\">\nBerdasarkan\ncatatan sejarah yang ada, awal dari Sultan Aceh berdarah Bugis dimulai dengan\npernikahan Sultan Iskandar Muda dengan Putroë Suni, anak Daeng Mansyur.\nDaeng Mansyur sendiri merupakan menantu dari Teungku Chik Di Reubee. Sultan\nIskandar Muda memerintah dengan sangat bijak sehingga Kesultanan Aceh\nDarussalam mencapai masa gemilang.</div>\n<div class=\"MsoNormalCxSpMiddle\" style=\"line-height: normal;\">\nPerkawinannya\ndengan Putroë\nSuni, beliau dikaruniai seorang anak perempuan bernama Safiatuddin Syah.\nSetelah dewasa, Safiatuddin Syah dipersunting oleh Iskandar Thani dari Pahang.\nDari sinilah, permulaan adanya pemerintahan Sultan dan Sultanah Aceh keturunan\nBugis di Kesultanan Aceh Darussalam.</div>\n<div class=\"MsoNormalCxSpMiddle\" style=\"line-height: normal;\">\nDilihat\nbatu nisan yang terdapat pada makam tersebut, tampak sedikit berbeda dengan\n<a href=\"http://kekunaan.blogspot.com/2015/05/makam-kandang-meuh.html\" target=\"_blank\">Makam Kandang Meuh</a> dan <a href=\"http://kekunaan.blogspot.com/2015/05/makam-kandang-xii.html\" target=\"_blank\">Makam Kandang XII</a>. Hal ini disebabkan adanya perpaduan\ncorak nisan Aceh dengan corak nisan Bugis yang silindrik berbentuk piala.</div>\n<div class=\"MsoNormalCxSpMiddle\" style=\"line-height: normal;\">\nKeberadaan\nmakam tersebut di pelataran kompleks <a href=\"http://kekunaan.blogspot.com/2015/04/museum-negeri-aceh.html\" target=\"_blank\">Museum Negeri Aceh</a>, secara nyata juga\ndengan sendirinya menjadi salah satu koleksi museum <i>in situ</i>.</div></div>', 'Komplek Makam Raja-Raja Aceh Keturunan Bugis', 2, 21, '5.5759685,95.35202660000004', '2018-07-22 11:43:13', '2018-07-22 11:43:13'),
(11, 'Jl. Jenderal Sudirman, Kp. Baru, Baiturrahman, Kota Banda Aceh, Aceh 23127, Indonesia', '<p>Monumen Lokomotif Kereta Api aceh berada dipusat kota Aceh tepatnya \nberada di persimpangan jalan Muhammad Jam, di seberang masjid Raya \nBaiturrahman. Untuk menuju ke lokasi monumen ini, pengunjung dapat \nmenggunakan kendaraan pribadi ataupun dengan menggunakan angkutan kota. \nBiasa masyarakat menyebut angkutan kota ini dengan sebutan labi-labi. \nJika pengunjung akan menggunakan kendaraan pribadi, maka pengunjung \ndapat memulai dari jalan Pangeran Diponegoro.</p><p>Monumen kereta api ini dibangun sebagai bukti sejarah dan saksi bisu \nmasa lalu aceh yang pernah berjaya dengan transportasi menggunakan \nkereta api. Kereta api ini pulah lah yang banyak memberi jasa bagi \nkemajuan ekonomi masyarakat Aceh pada jaman dulu.</p><p>Tahun 1970 kereta api ini di buat oleh Belanda dengan maksud untuk \nmemperlancar pendistribusian logistik untuk perang serta mengangkut para\n serdadu Belanda itu sendiri, sampai akhirnya kereta api ini pun \ndigunakan untuk mengangkut masyarakat sipil di Banda Aceh.</p><p>Panjang rel saat itu sekitar 5 kilometer dengan kecepatan kereta \nhanya sekitar 25 kilometer/jam yang digunakan oleh masyarakat sipil \nuntuk bepergian dari pelabuhan ulee lheue sampai ke kota Banda Aceh, \nbegitu juga sebaliknya. Dahulunya kereta api ini memiliki peranan yang \nsangat penting dalam membantu perekonomian masyarakat sekitar. Kereta \napi ini sempat digunakan untuk mengangkut hasil perkebunan dari satu \ndaerah ke daerah lain.</p><p>\n\n\n\n</p><p>Lintasan rel kereta api ini di perpanjang mulai dari stasiun Banda \nAceh yang terletak di dekat masjid baiturrahman sampai menuju ke simpang\n Surabaya. Pada tanggal 29 desember 1919, lintasan kereta api ini juga \ndibuat menuju ke Aceh timur sampai masuk ke kota Medan. Sampai pada \ntahun 1982 akhirnya penggunaan kereta api ini dihentikan oleh pemerintah\n Banda Aceh, dengan alasan perawatan kereta yang membutuhkan onderdil \nbaru sudah sulit dicari serta dengan sudah baiknya sarana transportasi \njalan raya, sehingga kereta tidak mampu lagi untuk bersaing</p><p>Saat menjelang dihentikan pengoperasiannya, kereta ini hanya rutin \nmelakukan perjalanan ke medan, sampai akhirnya pengoperasiannya sudah \nbenar benar dihentikan. Pada tahun 1999, pemerintah sempat berencana \nakan membangun lagi lintasan kereta api ini. Sampai pada tahun 2000 \nrencana ini sempat berjalan, namun akhirnya kembali terhenti karena \npembangunan yang bermasalah.</p><p>Sampai pada saat terjadi pergantian pemerintahan di Aceh, yang saat \nitu Gubernur Aceh digantikan oleh Zaini Abdullah, mengusulkan dana \npembangunan rel ini untuk dialihkan tujuannya sebagai modal pembangunan \nirigasi.</p><p>Sampai akhirnya lokomotif kereta uap yang bernomor seri BB 84 ini di \nabadikan oleh pemerintah setempat dengan membuat sebuah monumen kereta \napi di atas tanah yang dahulunya merupakan stasiun Banda Aceh yang \nsampai saat ini monumen tersebut masih dapat dilihat di seberang jalan \nmasjid raya baiturrahman.</p><p>Saat terjadinya bencana tsunami tahun 2004 silam, bangunan monumen \nini sempat terkena imbasnya. Air laut sempat mengantam bangunan, namun \nkarena bangunan ini dibuat dengan pondasi yang kuat, menjadikan monumen \nini tidak mudah roboh dan sampai sekarang masih tetap bertahan.</p><p>\n\n\n\n</p><p>Lokasi monumen kereta api ini sekarang selalu ramai dikunjungi. Baik \noleh masyarakat Aceh sendiri maupun wisatawan dari luar daerah Aceh. \nPemerintah setempat terus melakukan perawatan berkala terhadap monumen \nini, dengan tetap mempertahankan bentuk asli dari lokomotif kereta api \nini, sehingga monumen ini selalu terlihat cantik dan tetap kaya akan \nnilai sejarahnya.</p>', 'MONUMEN KERETA API', 2, 21, '5.5517191,95.31932610000001', '2018-07-22 11:45:24', '2018-07-22 11:45:24'),
(12, 'Jl. Tandi, Ateuk Jawo, Baiturrahman, Kota Banda Aceh, Aceh 23122, Indonesia', '<p>Dari arah Banda Aceh, di persimpangan menjelang Pelabuhan Ulee \nLheue, terdapat sebuah masjid yang menjadi saksi kedahsyatan tragedi \ntsunami di Aceh. Masjid Baiturrahim namanya. Masjid ini menjadi satu \ndari sedikit bangunan yang masih kokoh berdiri di kawasan Ulee Lheue \nketika musibah itu terjadi. Meski ada beberapa masjid lain yang juga \nbertahan dari bencana tersebut, Masjid Baiturrahim menyimpan nilai \nhistoris yang lebih mendalam karena usianya yang panjang.<br>\n<br>\nMasjid Baiturrahim merupakan peninggalan Kesultanan Aceh. Masjid ini \ndidirikan sekitar abad ke-17 dengan sebutan Masjid Jami\' Ulee Lheue \n(dibaca “olele” dalam dialek Belanda). Saat Masjid Baiturrahman dibakar \noleh pasukan Belanda pada tahun 1873, warga Banda Aceh \nberbondong-bondong melaksanakan Shalat Jumat di masjid ini. Diperkirakan\n mulai saat itulah “baiturrahim” menjadi nama masjid ini.<br>\n<br>\nPemerintah Hindia Belanda melakukan pemugaran pada masjid yang \nsebelumnya berkonstruksi semipermanen. Proses pemugaran selesai pada \ntahun 1923 dengan arsitektur baru yang amat dipengaruhi gaya Eropa. \nKetika itu, masjid ini tidak memiliki kubah dan hanya mampu menampung \nsekitar 500 jamaah. Pada tahun 1981, atas bantuan Pemerintah Arab Saudi,\n kembali dilakukan pemugaran. Pemugaran kali ini memperluas sisi kanan \ndan kiri masjid, sehingga masjid dapat menampung sekitar 1.500 jamaah.<br>\n<br>\nHanya berselang dua tahun setelah dipugar, Banda Aceh diguncang gempa \nhebat. Banyak bangunan yang hancur akibat gempa tersebut. Sekitar 60% \nbangunan di sekeliling masjid hancur atau bahkan rata dengan tanah. \nMasjid ini pun tak luput terkena dampak. Kubah masjid runtuh. Saat \ndilakukan renovasi pasca gempa, bagian kubah dihilangkan sehingga bagian\n atas masjid hanya tertutup atap biasa. Selain gempa, masjid juga pernah\n diterjang banjir besar pada tahun 2001.<br>\n<br>\nPada tanggal 26 Desember 2004, gelombang raksasa setinggi 21 meter \nmenghantam pesisir utara Banda Aceh. Kawasan Ulee Lheue yang berada \npersis di tepi laut menjadi salah satu wilayah yang paling parah terkena\n dampak. Nyaris semua bangunan di wilayah ini rata dengan tanah atau \nhanyut terhempas gelombang ke arah pusat Kota Banda Aceh – beserta \nribuan jiwa yang menjadi korban.<br>\n<br>\nKetika bencana tsunami itu terjadi, masjid ini tetap kokoh berdiri di \ntengah hamparan puing bangunan sekitarnya yang telah hancur. Hanya \nsebagian kecil bagian bangunan yang mengalami kerusakan akibat bencana \ntersebut.<br>\n<br>\nPasca tsunami, masjid ini menarik perhatian banyak pihak dari berbagai \nbelahan dunia. Sebagai salah satu rumah ibadah yang selamat dari \nbencana, keberadaan masjid ini menjadi daya tarik wisata bernuansa \nreligi selain Masjid Agung Baiturrahman dan Masjid Rahmatullah Lampuuk.<br>\n<br>\nPengunjung Masjid Baiturrahim biasanya tidak sekadar mengabadikan situs \nbersejarah yang selamat dari berbagai bencana ini. Mereka biasanya \nmenyempatkan diri untuk melakukan shalat di masjid ini. Pengurus masjid \ndan Pemerintah Kota Banda Aceh pun telah menyediakan fasilitas informasi\n bagi pengunjung.&nbsp;<br></p>', 'Mesjid Baiturahmin', 2, 21, '5.535328299999999,95.32156869999994', '2018-07-22 11:47:28', '2018-07-22 11:47:28'),
(13, 'Jl. Pelabuhan Lama Ulee Lheue, Ulee Lheue, Meuraxa, Kota Banda Aceh, Aceh, Indonesia', '<p>Pesona wisata yang dimiliki oleh Provinsi Aceh, seolah tiada habisnya\n untuk dinikmati dan ditelusuri. Dibeberapa daerah tersebar begitu \nbanyak objek wisata mulai dari pantai, air terjun, danau hingga \ntempat-tempat seperti museum dan wisata religi. Banda Aceh yang \nmerupakan ibukota dari provinsi berjuluk Serambi Mekkah ini, juga \nmenawarkan beberapa <a href=\"https://www.tempat.co.id/\">tempat</a> wisata yang wajib untuk dikunjungi, salah satunya adalah Pantai Ulee Lheue.</p><p>\n</p><p>Jika kamu mengharapkan sebuah pantai dengan hamparan pasir putih, \nmaka kamu tidak akan menemukannya di Pantai Ulee Lheue ini. Pantai ini \nmemang terasa special karena cukup berbeda dengan pantai-pantai lainnya \ndi Aceh. Disini wisatawan akan dibawa menikmati keindahan hamparan \nlautan yang tenang, dengan duduk dikursi-kursi pinggir jalan serta \nmenyantap jagung bakar.&nbsp;</p>', 'Pantai cermin Ulee', 1, 21, '5.559752199999999,95.28525830000001', '2018-07-22 11:49:05', '2018-07-22 11:49:05');
INSERT INTO `wisatas` (`id`, `alamat_maps`, `deskripsi`, `judul`, `kategori`, `kota_aceh_id`, `latlng_maps`, `created_at`, `updated_at`) VALUES
(14, 'Jl. Sultan Mahmudsyah No.10, Kp. Baru, Baiturrahman, Kota Banda Aceh, Aceh 23116, Indonesia', '<p>Aceh tak hanya menawarkan berbagai <a href=\"https://www.tempat.co.id/\">tempat wisata</a>\n yang menarik untuk dikunjungi, daerah ini juga memiliki kisah sejarah \npanjang dalam di masa lampau. Provinsi berjuluk Serambi Mekkah ini \ndimasa lampau sangat disegani ketika Kesultanan Aceh berada di era \nkejayaannya. Kini, masa keemasan Kesultanan Aceh tersebut masih bisa \ndirasakan dengan berkunjung ke Taman Putroe Phang.</p><p>\n</p><p>Taman Putroe Phang konon merupakan taman Kerajaan Aceh Darussalam \nyang kini diubah pemerintah menjadi sebuah situs wisata sejarah. Taman \nini juga diabadikan sebagai cagar budaya yang merupakan warisan dari \nmasa Kesultanan Aceh. Memiliki beberapa bangunan yang tak hanya bernilai\n historis, tapi juga menawarkan keindahan arsitektur yang bisa dinikmati\n oleh wisatawan.</p><p>Secara geografis, Taman Putroe Phang ini terletak pada Gampong \nSukaramai, Kecamatan Baiturrahman, Kota Banda Aceh, Provinsi Aceh. \nLokasinya juga sangat strategis, sehingga memudahkan wisatawan untuk \nberkunjung ke taman kerajaan ini. Selain itu, taman ini letaknya juga \nsangat dekat dengan beberapa objek wisata di Banda Aceh seperti Museum \nTsunami Aceh, dan juga Masjid Raya Baiturrahman.<br></p>\n<p>Wisatawan bisa menggunakan kendaraan umum seperti labi-labi untuk \nberkunjung ke taman ini. Namun jika ingin lebih merasa nyaman, \nmenggunakan kendaraan pribadipun bisa dilakukan. Taman Putroe Phang ini \ndulunya disebut dengan Taman Ghairah, yang memang dibangun oleh Sultan \nIskandar Muda untuk permaisurinya yang sangat beliau cintai.\n</p>\n<h3>Sejarah Taman Putroe Phang</h3>\n<p>Ketika masa kejayaan Kesultanan Aceh Darussalam yang kala itu \ndipimpin oleh Sultan Iskandar Muda, sudah banyak kerajaan lain yang \nberhasil ditaklukan salah satunya adalah Kerajaan Pahang, Malaysia. \nKerajaan Pahang yang bertekuk lutut usai ditaklukan Kesultanan Aceh, \nharus merelakan hasil rampasan, upeti, serta barang-barang berharga \nuntuk diserahkan ke Sultan Iskandar Muda.\n</p>\n<p><span style=\"font-size: 1.1em;\">Kala itu, Sultan Iskandar Muda jatuh cinta terhadap Putroe Phang atau\n Putri Pahang bernama Putri Kamaliah. Kecantikan dari Putri Kamaliah pun\n berhasil merebut hati Sultan Iskandar Muda yang akhirnya dipersunting \nserta dibawa ke Aceh. Namun merasa tak betah di Aceh dan selalu teringat\n dengan Kerajaan Pahang, Sultan Iskandar Muda pun membuatkan </span><a href=\"https://www.tempat.co.id/tag/taman\" style=\"font-size: 1.1em; background-color: rgb(255, 255, 255);\">taman</a><span style=\"font-size: 1.1em;\"> kerajaan agar sang permaisuri merasa kerasan tinggal di Aceh.</span></p><p>Taman Putroe Phang ini diperkirakan dibangun pada masa pemerintahan \nSultan Iskandar Muda yaitu antara tahun 1607-1636. Didalam area taman \nyang berada ditepi Krueng Daroy ini, terdapat beberapa bangunan megah \ndidalamnya. Seperti Pintu Khop, Gunongan atau yang sering disebut Taman \nGhairah, dan juga Kandang Taman Sari.<br></p><p>Tak hanya cantik, Putri Pahang juga dikenal pandai serta bijaksana. \nBahkan, Putri Pahang juga menjadi penasehat Sultan Iskandar Muda dalam \nmenyelesaikan sebuah permasalahan. Bahkan, banyak rakyat yang kala itu \nmeminta bantuan pada permaisuri untuk memecahkan berbagai sengketa dan \nmasalah sehari-hari. Yang paling diingat adalah keputusan bijak dari \nPutri Pahang dalam menentukan warisan bagi anak laki-laki dan perempuan.\n</p><p>Konon, permaisuri ditemani dayang-dayangnya menghabiskan sebagian \nbesar waktunya untuk bermain di Taman Putroe Phang ini. Permaisuri \nsering mandi bersama dayang-dayangnya di Krueng Daroy, lalu Pintu Khop \ndigunakan sebagai tempat beristirahat. Usai mandi, dayang-dayang \nmengeringkan rambut permaisuri di Gunongan, selain itu tempat ini juga \ndigunakan permaisuri untuk berganti pakaian setelah mandi.\n</p><p>Taman kerajaan ini lokasinya juga sangat dekat dengan istana \nkerajaan, dulu Pintu Khop merupakan pintu yang menghubungkan antara \ntaman kerajaan dengan istana. Melalui Pintu Khop ini terdapat semacam \nlorong bawah tanah yang menjadi jalan untuk menuju istana kerajaan. \nNamun, kini wisatawan tidak bisa lagi menemukan jalan tersebut karena \nlorong tersebut telah ditutup ketika pemerintah melakukan pembangunan.\n</p><h3>Pesona Taman Putroe Phang</h3><p>Ketika memasuki Taman Putroe Phang ini, wisatawan akan disambut \ndengan bangunan berwarna putih berbentuk seperti kubah. Bangunan inilah \nyang bernama Pintu Khop, kini pintu yang menghubungkan antara taman \nkerajaan dan istana tersebut telah dipagari. Wisatawan bisa melihat \nadanya sebuah tulisan mengenai sejarah bangunan tersebut.\n</p><p>Pintu Khop nampak berdiri sendiri ditengah-tengah taman, ditengahnya \nterdapat sebuah lorong, yang berhiaskan ornamen-ornamen sederhana \ndiatasnya. Tak jauh dari Pintu Khop ini, wisatawan juga bisa melihat \nKrueng Daroy yang berada didalam taman. Di taman ini juga terdapat \ntempat duduk yang terbuat dari beton, serta semacam selasar yang \nberhiaskan tiang-tiang dikiri dan kananya. Selain itu, selasar ini \nberatapkan kanopi berwarna ungu sehingga nampak cantik.&nbsp;</p><p>\n\n\n\n\n\n&nbsp;</p>', 'Taman Putroe Phang', 2, 21, '5.5468833,95.31784849999997', '2018-07-22 11:51:08', '2018-07-22 11:51:08'),
(15, 'Unnamed Road, Lamreh, Mesjid Raya, Kabupaten Aceh Besar, Aceh 23371, Indonesia', '<p class=\"elx_content_subtitle\">Pantai Ini Menjadi Lokasi Wisata yang Sangat Fotogenik</p><p style=\"text-align: justify; font-size:16px;\">Hampir setiap pantai yang ada di <strong>Aceh</strong> memiliki pesona yang menawan. Nah, salah satu pantai yang memiliki pesona yang menarik itu adalah <strong>Pantai Lhok Mee</strong>. <strong>Pantai Lhok Mee</strong> yang terkenal dengan pantai pasir putih dan pohon dalam air ini terletak di <strong>Desa Lamreh, Kecamatan Mesjid Raya, Kabupaten Aceh Besar, Aceh</strong>.</p><div class=\"clear\"></div><p style=\"text-align: justify; font-size:16px;\">Kebanyakan pantai di <strong>Aceh Besar</strong> tampak indah dengan deretan pohon cemaranya, maka di <strong>Pantai Pasir Putih Lhok Mee</strong>\n ini sedikit berbeda, karena kita bisa menyaksikan keindahan pohon yang \ntumbuh berjejer di dalam permukaan laut. Penduduk di sana menyebut pohon\n tersebut Geurumbang. Juga ada akar-akar bakau yang menjulang di tepi \npantainya. Air laut di sana bisa pasang-surut seketika. Ketika air laut \ntersebut pasang, pasir pantai yang putih tersebut berpadu warnanya \ndengan air laut yang&nbsp; biru nan bening. Namun, ketika air laut kembali \nsurut. Akar-akar bakau tadi muncul satu per satu bak ujung tombak yang \nditancapkan begitu aja.</p><p style=\"text-align: justify; font-size:16px;\">Pohon geurumbang ini \ntumbuh pada ketinggian air sekitar 1-2 meter. Jadi Anda bisa menaiki \npohon ini, dan jangan lupa membawa pancing, karena memancing dan duduk \ndi atas pohon ini mempunyai sensasi tersendiri. Karakteristik<strong> Pantai Lhok Mee</strong>\n yang lain adalah pantai ini memiliki hamparan pasir putih yang halus \ndan mengikuti garis lurus pantai. Anda bisa berenang sambil menikmati \nombak laut. Sedangkan untuk pecinta snorkeling, tentu aja Anda bisa \nmenikmati indahnya terumbu karang di pantai yang indah.</p><p style=\"text-align: justify; font-size:16px;\">Pantai ini menjadi \nlokasi wisata yang sangat fotogenik. Karena keindahannya, lokasi ini pun\n kerap menjadi tempat foto pernikahan para pengantin.<strong> Pantai Lhok Mee </strong>juga\n dilengkapi dengan sejumlah fasilitas pendukung. Terdapat deretan warung\n ikan bakar yang dibangun menghadap laut dengan menu beragam. Pecinta \nkopi juga dapat menikmati kopi di warung-warung di pantai ini. Juga ada \nkelapa muda, mie rebus dan makanan lainnya. Bangunan pondok yang ada di \nwarung penjajal makanan ini bisa Anda gunakan untuk beristirahat, \nmenyantap makanan, dan merebahkan tubuh.</p><p>\n\n\n\n\n\n\n\n</p><p style=\"text-align: justify; font-size:16px;\"><strong>Pantai Lhok Mee</strong> hanya berjarak 2 km dari pelabuhan Malahayati, atau 40 km dari Kota <strong>Banda Aceh</strong>. Dari Kota <strong>Banda Aceh</strong>, Anda bisa menuju <strong>Pantai Lhok Mee</strong>\n di mulai dari bundaran Simpang Mesra. Beloklah ke kiri menuju jembatan \nKrueng Cut dan mulai memasuki Jalan Laksamana Keumala Hayati yang \nmengarah ke Pelabuhan Malahayati. Dengan kecepatan 60-70 Km/Jam atau \nsekitar 35 menit mengendarai kendaraan, Anda sudah sampai di<strong> Pantai Pasir Putih Lhok Mee Aceh Besar</strong>.</p>', 'PANTAI PASIR PUTIH LHOK ME', 1, 21, '5.6137119,95.54991859999996', '2018-07-22 11:53:12', '2018-07-22 11:53:12'),
(16, 'Jl. Pantai Iboih, Iboih, Sukakarya, Kota Sabang, Aceh 24411, Indonesia', '<h3 style=\"text-align: justify;\"><strong>Taman Laut Pulau Rubiah</strong></h3><p style=\"text-align: justify;\">Nah, Pulau Rubiah ini memiliki taman \nlaut yang cantik. Hampir setiap akhir pekan pulau ini selalu ramai \ndikunjungi wisatawan yang ingin merasakan keindahan dan keseruan <em>snorkeling</em> atau <em>diving</em>\n di Taman Laut Pulau Rubiah ini. Puluhan sampai ratusan orang baik dari \ndalam atau luar Aceh akan datang ke Pulau We dan kemudian menuju ke \nPulau Rubiah ini.</p><p>\n\n</p><p style=\"text-align: justify;\">Salah satu alasan banyaknya orang yang \nberkunjung ke Taman Laut Rubiah ini selain karena biru lautnya yang \nmenggoda adalah karena airnya yang tenang.&nbsp; Voyagers bisa merasa aman \nsaat bermain di Taman Laut ini. Lokasinya yang terletak di antara Pulau \nRubiah (Depan Pulau Rubiah) dan Pantai Iboih membuat jarang sekali \nmuncul ombak kencang di spot <em>snorkeling</em> atau <em>diving</em> ini.</p><p style=\"text-align: justify;\">Ada apa saja sih di Taman Laut Rubiah \nini? Ada 2 jenis keindahan bawah laut yang bisa voyagers nikmati di \nsini. Yang pertama adalah keindahan bawah laut alami dan yang kedua \nadalah keindahan bawah laut buatan. Keindahan bawah laut alami yang \nDaily Voyagers maksud di sini adalah keanekaragaman karang dan ikan laut\n yang memang tumbuh dan berkembang secara alami di sini. Sedangkan \nkeindahan bawah laut buatan adalah benda atau sesuatu yang sengaja \ndiletakkan manusia di bawah laut untuk mengisi kekosongan dan \nmempercantik pemandangan bawah laut.</p><p style=\"text-align: justify;\">Mari kita bahas yang alami dulu di taman\n laut ini. Di taman laut ini voyagers bisa menemukan ikan-ikan hias \nberwarna-warni yang kalau diberikan roti maka ikan-ikan tersebut akan \nlangsung menyambarnya. Ada juga karang dari berbagai jenis dan ukuran. \nHanya saja untuk menemukan karang yang masih dalam kondisi sangat bagus,\n voyagers harus berenang sedikit agak ke arah barat dari Dermaga Rubiah.\n Kondisi karang yang berada di dekat dermaga (area snorkeling), umumnya \nsudah tidak bagus alias rusak.</p><p style=\"text-align: justify;\">\n\n</p><p style=\"text-align: justify;\">Kalau mau melihat kondisi karang yang \nmasih bagus di dekat dermaga (Rubiah), voyagers harus menyelam pada \nkedalaman yang cukup dalam, tak cukup hanya dengan snorkeling. Di taman \nlaut ini voyagers juga bisa berjumpa dengan <em>lionfish </em>atau ikan badut alias <em>Clownfish.</em></p><p style=\"text-align: justify;\">Nah, di Taman Laut Rubiah ini ada cukup \ndaerah yang luas dimana dasarnya hanyalah pasir putih. Untuk \nmempercantik daerah tersebut maka diletakkanlah beberapa benda yang \ntidak umum seperti ayunan, meja dan kursi, bangkai mobil dan bangkai \nmotor, bahkan miniatur dari Tugu 0 Kilometer pun ada di bawah sini. \nBenda-benda tersebut bisa menjadi properti yang mempercantik foto bawah \nlaut kalian. Inilah yang Daily Voyagers maksud dengan keindahan bawah \nlaut buatan.</p>\n<p style=\"text-align: justify;\">Selain sebagai tambahan untuk \nmempercantik foto bawah laut, benda-benda tersebut juga berguna bagi \nikan-ikan di sana. Bangkai mobil contohya, rangkanya yang terbuat dari \nbesi bisa menjadi tempat bagi karang untuk bertumbuh dan juga tempat \nbagi ikan-ikan untuk bertelur dan berkembang biak.</p>\n<p style=\"text-align: justify;\"><span style=\"font-size: 1.1em;\">Keamanan saat melakukan aktivitas \nsnorkeling di sini pun cukup baik. Terdapat pelampung dan tali pembatas \ndi laut yang menandakan kalau daerah tersebut adalah daerah untuk \nsnorkeling atau diving sehingga perahu atau kapal motor tidak masuk \nsembarangan ke wilayah tersebut. Seandainya ingin masuk pun (misal untuk\n mengantar pengunjung), maka kapal tersebut harus berjalan dengan sangat\n pelan agar para pengunjung bisa menyingkir sejenak dari jalur tersebut \ndan (baling-baling) kapal tidak melukai pengunjung.</span></p><p style=\"text-align: justify;\"><span style=\"font-size: 1.1em;\"><br></span></p><h3 style=\"text-align: justify;\"><strong>Akses ke Pulau Rubiah</strong></h3><p style=\"text-align: justify;\">Satu-satunya akses untuk menuju ke Pulau\n Rubiah adalah dengan menggunakan kapal dan yang paling dekat adalah \ndari Pantai Iboih atau Pantai Gapang. Sebenarnya ada satu cara lagi \nnamun tidak direkomendasikan yaitu berenang dari Pantai Iboih (Kalau \nkalian punya otot kekar, tenaga lebih, niat yang kuat dan mau berhemat,&nbsp;\n cara ini boleh banget untuk kalian coba).</p><p style=\"text-align: justify;\">Penyewaan kapal terdekat terletak di \nDermaga Pantai Iboih. Penyewaan kapal di Pantai Iboih ini terpusat, jadi\n untuk bisa menyewa kapal tersebut, langkah yang perlu kita lakukan \nadalah ke loket →Membayar sejumlah uang untuk penyewaan kapal →Mendapat \nkwitansi beserta nomor telepon dari sang Nahkoda→Menelpon sang Nahkoda \nkemudian menunggunya di dermaga Iboih. (<em>Price list </em>kapal ditempel di kaca loket)</p><p style=\"text-align: justify;\">Harga sewa kapal berbeda-beda tergantung\n jenisnya. Kalau hanya untuk mengantar Ke Pulau Rubiah dan kembali lagi \nke Iboih, harganya Rp 200.000/kapal (Seperti yang Daily Voyagers gunakan\n saat itu), daya tampungnya bisa mencapai 8 orang. Ada juga kapal \nberalasakan kaca yang bisa voyagers gunakan untuk berkeliling Pulau \nRubiah, jadi untuk melihat keindahan bawah lautnya voyagers tidak perlu <em>menceburkan </em>diri kelaut, voyagers tinggal menikmati keindahannya dari atas kapal saja.</p><p style=\"text-align: justify;\">\n</p><p style=\"text-align: justify;\">Untuk penyewaan alat <em>snorkeling</em> atau <em>diving</em>, voyagers bisa menemukannya di sekitar Pantai Iboih. Voyagers bisa langsung menuju ke <em>Dive Center </em>yang ada di sana. Tak jarang juga akan ada beberapa <em>Akamsi (</em>Anak Kampung Situ) yang menawarkan jasa penyewaan alat <em>snorkeling </em>kepada kalian. Harga sewa alat snorkeling kalau tidak salah adalah Rp 50.000 untuk seharian</p><p style=\"text-align: justify;\">\n\n<em>&nbsp;</em></p>', 'Pulau Rubiah', 1, 22, '5.882618700000001,95.25734399999999', '2018-07-22 11:57:23', '2018-07-22 11:57:23'),
(17, 'Jl. Lintas Barat Sumatera, Babah Ie, Jaya, Kabupaten Aceh Jaya, Aceh 23657, Indonesia', '<p class=\"MsoNormal\" style=\"text-align: justify;\"><span style=\"line-height: 115%;\" cambria\",\"serif\";mso-ascii-theme-font:major-latin;=\"\" mso-hansi-theme-font:major-latin\"=\"\">Tak habis-habisnya keindahan yang di\npancarkan dari daerah aceh, salah satunya adalah pesona puncak geurute\nyang&nbsp; mempunyai daya tarik yang sangat\nkuat untuk semua orang yang melewatinya. Puncak gunung geurute ini berada pada\njalan lintas banda aceh -&nbsp; meulaboh yang berjarak\ntempuh sekitar 2 jam perjalan dari banda aceh, sepanjang perjalanan menuju\ngeurute kita akan disuguhkan pemandangan yang sangat exsotis dengan pemandangan\npegunungan sebelah kiri dan pemandangan laut yang terbentang luas dengan\ndaratan serta pasir putih yang seakan melambai untuk menunggu kedatangan kita.</span></p><p class=\"MsoNormal\" style=\"text-align: justify;\"><span style=\"line-height: 115%;\" cambria\",\"serif\";mso-ascii-theme-font:major-latin;=\"\" mso-hansi-theme-font:major-latin\"=\"\">Tiba di puncak gunung geurute, anda akan\nmelihat bentangan samudera yang begitu luas dan tanpa batas, pulau-pulau kecil\ntanpa penghuni. Dari puncak gunung geurute juga tampak kota lamno, sebuah kota\nkecil yang konon terdapat gadis-gadis cantik bermata biru rambut pirang\nketurunan portugis, menurut sejarah kota lamno pernah di tempati kaum\nportugis.&nbsp; Puncak geurute merupakan salah\nsatu spot favorit bagi yang hobi hunting foto, karenah dipuncaknya terilhat\nindah pemandangan matahari terbenam yang ditelan samudera.</span></p><p>\n\n\n\n</p><p class=\"MsoNormal\" style=\"text-align: justify;\"><span style=\"line-height: 115%;\" cambria\",\"serif\";mso-ascii-theme-font:major-latin;=\"\" mso-hansi-theme-font:major-latin\"=\"\">Panaroma puncak geurute, sebenarnya lebih\nmenggoda dari puncak cisaura bogor. Dari ketinggian gunungnya, mata anda\ndimanjakan genitnya deburan ombak putih yang tak pernah letih berkerja-kejaran,\nlaut dalam yang membiru, dan onggokan bukit nan indah, jika cuacanya cerah dan\nmatahari mulai jatuh keufuk barat, bisa dipastikan anda tak membiarkan sunset\nberlalu begitu saja. Itulah geurute, sebuah puncak yang sempurnah antara\npengunungan terjal, hamparan sawah dan kebun, hutan dan laut, lembah dan teluk\nyang eksotis. Kerenah pesonanya masyarakat setempat memanfaatkan geurute untuk\nmencari pundi-pundi rupiah lewat berjualan makanan dan minuman.</span></p>', 'PUNCAK SABANG', 1, 21, '5.133416,95.30760409999993', '2018-07-22 11:59:59', '2018-07-22 11:59:59'),
(18, 'Jl. H. Agus Salim, Ie Meulee, Sukajaya, Kota Sabang, Aceh 24411, Indonesia', '<div class=\"continue-reading-content close\"><p><span style=\"color: rgb(206, 198, 206); background-color: rgb(0, 0, 0);\">Objek wisata pantai Sumur\n Tiga merupakan pantai indah yang terletak di gampong Ie Meulee, Pulau \nWeh. Pantai yang berpasir putih ini dikenal dengan panorama alam yang \nbegitu mempesona.&nbsp;Sebagai pantai yang ramai dikunjungi oleh wisatawan \nlokal dan mancanegara, pantai sumur tiga dilengkapi fasilitas \npendukung&nbsp;&nbsp;seperti diving dan snorkling, sehingga tak heran bila pantai \nini banyak diminati oleh wisatawan lokal maupun wisatawan untuk \nmemanjakan diri di pantai ini.</span></p>\n<p><span style=\"color: rgb(206, 198, 206); background-color: rgb(0, 0, 0);\">Pantai Sumur Tiga berlokasi di pantai timur Pulau Weh atau sekira 15 \nmenit dari Kota Sabang, tepatnya di Kecamatan Ie Meule, Sukajaya, \nSabang, Pulau Weh, Provinsi Aceh. Konon kaatnya, asal muasal nama Pantai\n Sumur Tiga ini dikarenakan memiliki tiga sumur air tawar disana. \nSehingga oleh sebab iu tempat itu dinamai dengan nama Pantai Sumur Tiga.\n Pantai Sumur Tiga memiliki karakteristik yang berbeda dengan&nbsp;<a href=\"http://www.atjehjustice.com/search?q=Pantai+Iboih\">Pantai Iboih</a>&nbsp;atau\n pun Pantai Gapang. Pasir di Pantai Sumur Tiga lebih putih berkilau bak \nkristal dan lembut meskipun airnya sedikit berombak. Panorama pantainya \nmembentangkan laut biru dipadu angin sepoi yang menggerakkan nyiur di \npinggir pantai.</span></p>\n<p><span style=\"color: rgb(206, 198, 206); background-color: rgb(0, 0, 0);\">Selain itu, Pantai yang jernih dengan air laut berwarna biru \nkehijauan adalah pemandangan yang sangat menenangkan jiwa. Pohon kelapa \nyang dihembuskan oleh angin laut pastinya akan membuai Anda saat rebahan\n di pasir pantai atau duduk di rerumputan dan bawah pohon kelapa. \nSementara itu, dilokasi pantai ini juga terdapat situs sejarah \npeninggalan masa Jepang. Yaitu, banyaknya benteng sisa Pendudukan Jepang\n meski kurang terawat, namun benteng tersebut masih bisa kita temukan di\n wilayah pantai Sumur Tiga tersebut. Pantai Sumur Tiga bisa dikatakan \nsebagai surga untuk Anda yang suka melakukan aktivitas diving dan \nsnorkling dan berselancar angin.</span></p></div>', 'PANTAI SUMUR TIGA', 1, 22, '5.89276,95.33952239999996', '2018-07-22 12:01:57', '2018-07-22 12:03:27'),
(19, 'Unnamed Road, Sejahtera, Manggeng, Kabupaten Aceh Barat Daya, Aceh 23762, Indonesia', '<p>Saat memasuki pantai kami langsung terpesona dengan \nkeindahannya.  Seperti ada di dunia lain.  Inikah kepingan syurga?  Kami\n larut dan menyatu dengan pantai.</p><p><em>[When we entering to the beach,  we will  fascinated by the  \nbeauty of the beach. We like at thr another world. Is this a piece of \nheaven? We are  blend in to the beach]</em>.</p><hr><div class=\"pull-right\"><img src=\"https://steemitimages.com/0x0/https://steemitimages.com/DQmSJc5bi3m7bWs9Ve23pYs24pUyvsC35XY5qwu3WXGPZES/IMG_20160917_125321_HDR-01.jpeg\"></div><p><span>\n\n\nSebenarnya\n pantai Ujong Kareng ini sudah lama diketahui oleh sebagian pejalan. \nTapi baru terkenal tahun 2015.  Pantai ini memang belum sepopuler \ntetangganya,  yaitu pantai sumur tiga atau pantai anoi itam.  Pergi ke \npantai ini secara tak sengaja.  Kami hanya merencanakan ke pulau Weh.  \nTapi saat melewati kawasan pantai Sumur Tiga menuju Pantai Anoi Itam,  \nkami tertarik dengan tulisan di gerbang pantai,  yaitu UKCC -  Pantai \nUjong Kareung.  Kamipun singgah.  Di pantai ini ada sebuah cottage yang \ndisewakan.  Tapi jika hanya ingin ke pantainya saja diperbolehkan.  Kita\n membayar uang parkir saja. \n</span></p><hr><div class=\"pull-left\"><img src=\"https://steemitimages.com/DQmNdd88zDJwMbjoq7njwcQxybjGFRs3xEKoeGWegCX6Zon/IMG_20160917_125125_HDR-01.jpeg\"></div><p>\n\n</p><p><em>[Actually Ujong Kareng beach has been known by some traveller. \nBut be famous in 2015. This beach is not as popular as its neighbors,  \nlike Sumur Tiga  beach or  Anoi Itam beach.  Go to this beach \naccidentally. We just plan to Island Weh. But when we pass the coastal \narea of ​​Sumur Tiga beach to Anoi Itam Beach, we are interested in Text\n at the beach gate, which is UKCC - Ujong Kareung Beach. We stopped. In \nUKCC there is a cottage for rent.  But if  only want to the beach is \nallowed. We just pay for parking]</em>.</p>', 'Pantai Ujong Kareung', 1, 22, '3.6137666,96.89904960000001', '2018-07-22 12:06:29', '2018-07-22 12:06:29'),
(20, 'Jl. Malahayati, Kuta Barat, Sukakarya, Kota Sabang, Aceh, Indonesia', 'Sabang Hill merupakan wisata alam yang ada digunung aceh .', 'Sabang Hills', 1, 22, '5.8932156,95.31136390000006', '2018-07-22 12:13:47', '2018-07-22 12:13:47'),
(21, 'Jl. Ujung Kareung, Anoe Itam, Sukajaya, Kota Sabang, Aceh 24411, Indonesia', '<p class=\"elx_content_subtitle\">Pantai Iboih, surga di  ujung barat Indonesia</p><p style=\"margin-bottom: 0px; padding-bottom: 20px; list-style: none; font-family: Arial, Helvetica, sans-serif; line-height: 26px; color: rgb(35, 35, 35); font-size: 16px;\"><strong>Pantai Iboih</strong> (baca:Iboh) merupakan salah satu dari beberapa pantai yang menjadi primadona di kalangan komunitas backpacker di<strong> Pulau Weh</strong>.\n Pantai ini menjadi salah satu tujuan para pelancong dari berbagai \nbelahan dunia. Tidak mengherankan jika saat kita berkunjung ke pantai \nini maka didominasi oleh wisatawan mancanegara yang menetap hingga \nberminggu-minggu.</p><div class=\"clear\"></div><p>\n\n</p><p style=\"margin-bottom: 0px; padding-bottom: 20px; list-style: none; font-family: Arial, Helvetica, sans-serif; line-height: 26px; color: rgb(35, 35, 35); font-size: 16px;\"><strong>Pantai Iboih</strong> sebenarnya bernama resmi “<strong>Teupin Layeu</strong>”, tetapi lebih dikenal dengan nama<strong> Pantai Iboih</strong>. <strong>Pantai Iboih</strong>\n menawarkan segala keindahan bawah laut yang bisa kita nikmati bahkan \ntanpa harus berenang sekalipun. Tak sedikit wisatawan yang menyatakan \nkeindahan <strong>Pantai Iboih</strong>, hutan lindung Iboih memiliki \ngaris pantai yang menawan dengan pasir berwarna keemasan dan batuan \nbesar bersusun. Tidak berlebihan jika hutan lindung ini digambarkan \nsebagai taman firdaus, karena bagi sebagian wisatawan, inilah gambaran \ntaman “bermain” yang sesungguhnya. Dasar lautan yang dangkal memancarkan\n hijau kebiruan, bahkan menyorotkan kedamaian. Lengkung pesisirnya \nseperti bibir tersenyum menyambut pengelana merasakan kehangatan hutan \nhujan tropis yang bertahtakan kekayaan flora dan fauna Indonesia.<br>\n<br>\nDi sini terdapat banyak perahu milik penduduk yang dapat disewa untuk \nberkeliling pulau atau untuk sekedar melihat titik-titik untuk \nmenerawang keindahan bawah laut di sekitar <strong>Pulau Rubiah</strong>.\n Perahu yang tersedia secara umum terdiri dari perahu kecil dan perahu \nbesar. Bagi kita yang tidak bisa berenang, perahu besar umumnya \ndilengkapi jendela kaca yang menghadap ke dasar dan dapat digunakan \nuntuk melihat keindahan bawah laut dari atas kapal. Tetapi bagi anda \nyang ingin snorkling dan diving, anda bisa menyewa alat snorkling cukup \ndengan harga Rp 40.000 per orang dan peralatan yang dapat digunakan \nadalah pelampung, master snorkling, dan kaki katak. Bagi anda yang ingin\n menikmati alam bawah laut lebih leluasa, anda bisa menyewa peralatan \ndiving sekaligus didampingi oleh guide dengan membayar Rp 400.000 per \norang atau 25 Euro bagi turis asing.<br>\n<br>\n<strong>Iboih</strong> hanya berjarak sekitar 1 jam perjalanan dari Sabang atau dari <strong>Pelabuhan Balohan</strong>.\n Ongkos yang harus dikeluarkan sekitar Rp 50.000 atau lebih untuk setiap\n orang bahkan bisa lebih murah jika bersama-sama dengan wisatawan lain.</p>', 'PANTAI TEUPIN CIRIK', 1, 22, '5.845544100000001,95.37194969999996', '2018-07-22 12:15:38', '2018-07-22 12:15:38'),
(22, 'Jl. Teuku Nyak Arief, Ie Meulee, Sukajaya, Kota Sabang, Aceh 24411, Indonesia', '<div class=\"MsoNormal\" style=\"text-align: justify;\"><span style=\"font-family: inherit; font-size: 12pt; line-height: 115%;\">Pantai yang satu ini memang\nsangat indah, meskipun sepi pengunjungnya akibat kurangnya promosi yang\ndilakukan dan penyediaan sarana dan prasarana yang belum memadai. sehingga\nmembuat pantai ini jadi terabaikan &nbsp;Posisi\nPantai ini Terletak di pulau weh dan tidak begitu jauh dari pusat kota.\nSedangkan untuk menuju tempat wisata yang satu ini memang tak begitu sulit,\nkarena alat transportasinya sudah cukup memadai. Misalnya ketika anda ingin\nmenuju ke pantai tapak gajah sabang hanya perlu menggunakan taxi ataupun bisa\njuga memilih </span><a href=\"http://panoramakotasabang.blogspot.com/p/tentang-kami.html\" style=\"font-family: inherit; font-size: 12pt; line-height: 115%;\" target=\"_blank\">jasa travel</a><span style=\"font-family: inherit; font-size: 12pt; line-height: 115%;\"> kepercayaan anda, tanpa harus repot-repot jadi\nperjalanan bisa lebih leluasa.</span></div><div class=\"MsoNormal\" style=\"text-align: justify;\">\n<a name=\"more\"></a></div><div class=\"MsoNormal\" style=\"text-align: justify;\">\n<span style=\"font-size: 12pt; line-height: 115%;\"><span style=\"font-family: inherit;\">Perjalanan ke <a href=\"http://panoramakotasabang.blogspot.com/2014/03/letak-kota-sabang.html\" target=\"_blank\">kota sabang</a>\nmemang bakal membuat semua orang terngiang-ngiang akan keindahan yang ada di\npulau ini, semuanya membuat hati menjadi lebih riang. Banyak sekali aktivitas\nmenyenangkan ketika berwisata ke pantai tapak gajah sabang, anda bisa berjemur,\nsekedar jalan-jalan atau melakukan snorkeling juga bisa. Pasalnya perairan di\nsekitar pantai sangat jernih sehingga ini akan menjadi hal yang sangat\nmenyenangkan ketika berwisata di pantai tapak gajah sabang, diharapkan anda\njuga tetap bisa menjaga kelestarian di sekitar pantai, jika pantai indah dan\nasri pastinya anda juga bisa merasakan kenyamanan yang luar biasa.</span></span></div><p>\n\n\n</p><div class=\"MsoNormal\" style=\"text-align: justify;\">\n<span style=\"font-size: 12pt; line-height: 115%;\"><span style=\"font-family: inherit;\">Saat berkunjung ke pantai\nsebaiknya anda membawa peralatan medis sederhana, seperti obat merah, anti\nseptic dan lainnya. Hal itu untuk mengantisipasi apabila dipantai anda terkena\nsesuatu misalnya tersengat binatang laut, atau terkena kulit kerang dan banyak\nhal tak terdua lainnya. Tips ini sangat berguna bagi anda yang tak mau\nkewalahan saat sudah terkena masalah tersebut. Memang kita tidak mengharapkan\nitu terjadi tapi minimal sudah dipersiapkan. Jangan sampai liburan anda ke\npantai menjadi kacau gara-gara masalah sepele. Liburan asik dan menyenangkan\nmemang ke kota sabang, di kota ini selain pantai tapak gajah sabang, banyak\njuga tempat wisata lainnya yang cukup menggoda.</span></span></div>', 'PANTAI TAPAK GAJAH', 1, 22, '5.9008445,95.32372420000002', '2018-07-22 12:18:08', '2018-07-22 12:18:08'),
(23, 'Unnamed Road, Iboih, Sukakarya, Kota Sabang, Aceh 24411, Indonesia', '<p><br></p>', 'Rumah teuku Abbas', 2, 22, '5.868955,95.24233000000004', '2018-07-22 12:20:15', '2018-07-22 12:20:15'),
(24, 'Jl. Diponegoro No.23, Kuta Barat, Sukakarya, Kota Sabang, Aceh 24411, Indonesia', '<p class=\"MsoNormal\" style=\"text-align: justify;\">Selamat pagi buat semua pembaca setia <a href=\"http://www.wisatasabang.com/\">www.wisatasabang.com</a> Kali ini saya akan\nmembuat artikel tentang Tugu I LOVE SABANG.</p><p class=\"MsoNormal\" style=\"text-align: justify; margin-bottom: 0.0001pt;\">Sabang tidak hanya memiliki Tugu KM 0 tapi\njuga memiliki Tugu I LOVE SABANG yang selalu menjadi objek favorit para\nwisatawan. Ada apa sih dengan Sabang ? tak henti-hentinya memancarkan pesona\nyang sangat memukau untuk dikunjungi.</p><p class=\"MsoNormal\" style=\"text-align: justify; margin-bottom: 0.0001pt;\">Untuk anda yang baru pertama kali menginjakan\nkaki di kota paling ujung barat Indonesia ini jangan sampai melewatkan momen\nuntuk berfoto ria di Tugu I LOVE SABANG. </p><p class=\"MsoNormal\" style=\"text-align: justify; margin-bottom: 0.0001pt;\">Bangunan Tugu I LOVE SABANG ini tidaklah jauh\ndari pelabuhan Balohan yang sengaja di bangun di taman hijau Pemerintah Kota\nSabang, tepatnya di sisi kiri jalan protokol, di bawah ujung ketinggian\nlandasan pacu pesawat Bandara Lanud Maimun Saleh dan seberang jalan sisi kanan jalan\nkita dapat menikmati pemandangan bentangan gunung dan Danau Aneuk Laot yang membentang\nluas membuat mata kita tak dapat berpaling darinya, jika kita datang pada sore\nhari tempat ini merupakan salah satu spot untuk menikmati matahari tebenam\n(Sunset) ke ufuk barat.</p><p>\n\n\n\n\n\n\n\n</p><p class=\"MsoNormal\" style=\"text-align: justify; margin-bottom: 0.0001pt;\">Tempat ini sangat ramai di kunjungi para\nwisatawan baik lokal maupun mancanegara untuk menikmati pemandangan indah dan\nuntuk mengabadikan momen selfi di Tugu I LOVE SABANG. Buat teman-teman yang\nberkunjung ke Tugu I LOVE SABANG agar tetap menjaga kebersihan dan keindahan\nserta menjaga kelestarian Tugu I LOVE SABANG agar masih tetap dapat di nikmati\npara generasi kita kelak</p>', 'TUGU I LOVE SABANG', 1, 22, '5.8918873,95.3213283', '2018-07-22 12:22:00', '2018-07-22 12:22:00'),
(25, 'Jl. TM Pahlawan No.20, Ateuk Pahlawan, Baiturrahman, Kota Banda Aceh, Aceh 23127, Indonesia', '<div style=\"font-family: Arial,Helvetica,sans-serif; text-align: justify;\"><span style=\"font-size: small;\"><span class=\"Apple-style-span\"><span class=\"Apple-style-span\"><span class=\"Apple-style-span\"><span class=\"Apple-style-span\" style=\"color: #330033;\">Banyak tugu dan monumen yang bersejarah di indonesia seperti, </span></span></span></span></span><b>monumen pancasila sakti, </b><b>monumen nasional, </b><b>monumen</b> <b>jogja kembali, </b><b>monumen</b> <b>bandung lautan api, </b><b>monumen</b>, <b>tugu pahlawan </b>dan banyak lainnya lagi. disini ane mencoba posting tugu kilometer nol (0).</div><div style=\"font-family: Arial,Helvetica,sans-serif; text-align: justify;\"><br>\n</div><div style=\"font-family: Arial,Helvetica,sans-serif; text-align: justify;\"><span style=\"font-size: small;\"><span class=\"Apple-style-span\"><span class=\"Apple-style-span\"><span class=\"Apple-style-span\"><span class=\"Apple-style-span\" style=\"color: #330033;\">Tugu\n  Kilometer Nol (0) di Kota Sabang, Provinsi Aceh (NAD), di ujung paling\n  barat Negara Republik Indonesia menarik dikunjungi dan bisa menjadi  \nobjek wisata sejarah nusantara jika dikembangkan sesuai potensinya, kata\n  seorang tokoh masyarakat setempat.<br>\n<a name=\"more\"></a>\"Lokasi ini (kilometer Nol)  banyak dikunjungi \nwisatawan domestik dan mancanegara, apalagi setelah  jalan menuju tempat\n bersejarah tersebut kini sudah mulus. Kini yang  diperlukan kiat untuk \nmempromosikannya,\" kata tokoh masyarakat setempat,  Adnan Hasyim, di \nSabang, tadi pagi.<br>\n<br>\nSarana transportasi menuju  tugu kilometer nol yang diresmikan mantan \nMenteri Riset dan Teknologi  (Menristek)/Kepala BPPT BJ Habibie sekitar \ntahun 1997 itu sudah selesai  dibangun Badan Rehabilitasi dan \nRekonstruksi (BRR) Aceh-Nias sepanjang  29 Km dari pusat kota Sabang.<br>\n<br>\nTugu kilometer nol, tempat  dimulainya penghitungan kilometer pertama di\n Indonesia, Sabang (Pulau  Weh) yang memiliki potensi di sektor \npariwisata itu akan menarik  dikunjungi wisatawan nusantara dan \nmancanegara bila pengelolaannya  dilakukan secara maksimal.<br>\n</span></span></span><span class=\"Apple-style-span\"><span class=\"Apple-style-span\"><span class=\"Apple-style-span\" style=\"color: #330033;\">Pemandangannya\n  indah. Sore hari bisa kita saksikan matahari terbenam karena berada  \nujung paling barat di pulau tersebut. Sepanjang jalan menuju lokasi tugu\n  kilometer nol dikelilingi hutan dan pantai, sehingga keindahannya \ndapat  dinikmati pengunjung, apalagi puluhan monyet/kera bisa ditemui di\n  pinggir jalan, yang bisa jadi menambah dayak tarik bagi pencinta \nwisata  flora dan fauna.<br>\n<br>\nWakil Walikota Sabang, Islamuddin mengatakan,  Pemerintah sedang \nberupaya menata kembali lokasi tugu kilometer nol  tersebut sejalan \ndengan selesainya pembangunan jalan yang dilakukan  Pemerintah melalui \nBRR Aceh-Nias beberapa bulan lalu.<br>\n<br>\n\"Kami  berupaya mengembangkan berbagai potensi wisata yang terdapat di \nSabang,  termasuk objek dan daya tarik wisata bawah laut di \nGapang-Iboih.  Pengembangan potensi wisata diprioritaskan untuk \nmendongkrak penerimaan  Pendapatan Asli Daerah (PAD),\" katanya. \n(dat04/ann)</span></span></span></span></span></div><div style=\"font-family: Arial,Helvetica,sans-serif; text-align: justify;\"><span style=\"font-size: small;\"><span class=\"Apple-style-span\"><span class=\"Apple-style-span\"><span class=\"Apple-style-span\"><span class=\"Apple-style-span\" style=\"color: #330033;\"><br></span></span></span></span></span></div>', 'TUGU KILOMETER 0', 2, 22, '5.905939,95.21677380000006', '2018-07-22 12:23:31', '2018-07-22 12:23:31'),
(26, 'Unnamed Road, Lamreh, Mesjid Raya, Kabupaten Aceh Besar, Aceh 23371, Indonesia', '<div style=\"font-family: Arial,Helvetica,sans-serif; text-align: justify;\">Di Sabang, pantai inilah satu-satunya tempat dengan pasir di tepian \npantai berwarna putih yang bertabur batu karang. Letaknya di Kawasan \nKeneukai, Sabang. Pantainya dihiasi pemandangan gunung di sekelilingnya.<br><br>Jika\n traveler berwisata ke Sabang, perjalanan menuju ke Pantai Pasir Putih \npun sungguh sangat asyik. Di sana, kiri-kanan jalan di tumbuhi pepohonan\n rindang  membuat kesejukan termasuk di sepanjang tepian pantai. Pohon \nhijau memberikan hiasan tersendiri bagi para pelancong.<br><br>\"Seru deh\n pokoknya. Airnya jernih kehijauan gitu. Kalau kita mandi dan nyelam \nbisa lihat pemandangan bawah air,\" kata Sri, salah seorang wisatawan \nkepada detikTravel,</div><div style=\"font-family: Arial,Helvetica,sans-serif; text-align: justify;\">Sri yang baru pertama kali ke tempat itu mengaku enjoy menikmati pantai serta suasana yang asri.<br><br>\"Kiri-kanan\n nya luar biasa. Bisa lihat gunung-gunung lagi yang Nampak dari \nkejauhan. Eksotis banget. Hampir sama deh kayak pantai yang ada di Pulau\n Dewata, Bali,\" tambah Sri.<br><br>Kalau beranjak dari Kota Sabang, \nmenuju Pantai Pasir Putih tidak rugi juga. Sejurus satu jalan bisa \nmenginjakkan kaki ke beberapa destinasi wisata seperti Pantai Iboih, Air\n Terjun, <span style=\"color: #ff0000;\"><strong><a href=\"https://travel.detik.com/domestic-destination/d-3545956/belum-sah-ke-ujung-barat-indonesia-kalau-belum-ke-tempat-ini\" target=\"_blank\"><span style=\"color: #ff0000;\">Tugu Nol Kilometer Indonesia</span></a></strong></span> dan sejumlah pantai lainnya.<br><br>Suasana\n pantainya begitu tenang. Pepohonan yang tumbuh di tepian pantai \nmeningkatkan daya tarik sendiri bagi para wisata yang menanti sunset.<br><br>\"Saya\n suka. Rasanya ingin berlama-lama di sini. Kalau mau foto sunset dan \ngambar-gambar human interest. Pantai Pasir Putih sepertinya sangat layak\n  jadi tempatnya,\" tambah Sri<br></div>', 'pantai pasir putih', 1, 22, '5.6137119,95.54991859999996', '2018-07-22 12:25:09', '2018-07-22 12:25:09'),
(27, 'Unnamed Road, Keune, Geumpang, Kabupaten Pidie, Aceh 24186, Indonesia', '<div class=\"content-body__description\" itemprop=\"description\">Air Terjun\n Alue Putek adalah air terjun yang terdapat di hutan belantara Kabupaten\n Pidie, menawarkan keindahan air terjun dengan airnya yang segar dan \njernih. Selain itu, pemandangan alam sekitar juga menawan berupa \nhamparan sawah, pepohonan, serta pegunungan.</div><p>\n</p><div class=\"content-title\">\n<h1 itemprop=\"headline\"><a href=\"https://www.tempat.me/wisata/Air-Terjun-Alue-Putek\" title=\"Air Terjun Alue Putek, Air Terjun Mungil di Hutan Belantara Pidie\">Air Terjun Alue Putek, Air Terjun Mungil di Hutan Belantara Pidie</a></h1><p>Pesona keindahan alam Kabupaten Pidie nyatanya masih banyak yang \nbelum tersentuh. Dibalik deretan pegunungan, terlindungi oleh \ntebing-tebing yang menjulang tinggi, serta dilebatnya hutan belantara \ntersimpan potensi wisata yang terjaga secara alami. Salah satunya adalah\n Air Terjun Alue Putek yang keindahannya sangat layak untuk dikunjungi.</p><p>\n</p><p>Air Terjun Alue Putek merupakan air terjun yang berada dibalik hutan \nbelantara Beungga. Keindahan air terjun ini tak kalah dengan Air Terjun \nPria Laot yang telah dikenal terlebih dahulu oleh wisatawan. Gemuruh \nsuara air yang jatuh mengenai bebatuan, serta keindahan alam sekitar \nyang masih terjaga menjadi sebuah fenomena tersendiri.&nbsp;</p></div>', 'Air terjung Alue Bed', 1, 16, '4.833169799999999,96.1123192', '2018-07-22 12:27:17', '2018-07-22 12:27:17'),
(28, 'Unnamed Road, Lhok Bot, Setia Bakti, Kabupaten Aceh Jaya, Aceh 23655, Indonesia', '<p>reung Peusangan adalah daerah aliran sungai (DAS) di Aceh yang \nmelintasi lima kabupaten/kota. Hulunya berada di Danau Lut Tawar, \nKabupaten Aceh Tengah, sementara anak sungainya mengalir lintas batas ke\n Kabupaten Bener Meriah, Aceh Utara, Bireuen, dan Kota Lhokseumawe.</p><p>Luas DAS Krueng Peusangan ini mencapai 238.550 hektare, yang panjang \nsungai utamanya dari pinggir laut Bireuen hingga ke Danau Lut Tawar \nmencapai 128 kilometer. Sungai-sungai yang bermuara ke Krueng Peusangan \nsekitar 107 sungai yang terdiri dari 12 sub DAS. Ada Krueng Peusangan \nHilir, Ulee Gle, Teupin Mane, Krueng Keueh, Krueng Simpo, Wih Genengan, \nTimang Gajah, Wih Bruksah, Bawang Gajah, Wih Balek, Krueng Ceulala, dan \nLaut Tawar.</p><p>Bagaima kondisi DAS Krueng Peusangan saat ini? Suhaimi Hamid, Ketua \nForum DAS Krueng Peusangan, menuturkan kondisi DAS sekarang kritis, \nbahkan masuk kategori kritis satu nasional. Hal ini disebabkan adanya \ngalian C, perambahan untuk perkebunan, dan pembalakan liar di wilayah \ntersebut.</p><p>\n\n\n</p><p>“Padahal, potensi airnya hingga 16 miliar meter kubik per tahun. Dapat dimanfaatkan untuk pembangkit listrik tenaga air (PLTA).”</p><p>Suhaimi menambahkan, hutan di DAS Krueng Peusangan begitu cepat \nberalih fungsi. Setelah kayunya ditebang serampangan, tak berselang lama\n ada yang membersihkannya untuk dijadikan kebun. “Ada kebun sawit, kopi,\n kakao, pinang, dan lainnya yang tersebar di DAS Krueng Peusangan. \nGalian C tanpa izin juga turut membuat sungai rusak dan terjadi erosi.”</p><p>Data yang disampaikan Dinas Pertambangan dan Energi Provinsi Aceh, \nmenunjukkan di DAS Krueng Peusangan tidak ada izin usaha pertambangan \nmineral bukan logam dan batuan atau galian C.Fakta di lapangan, galian C\n justru bertebaran.</p><p>“Pemerintah Aceh Tengah, Bireuen, Aceh Utara, Kota Lhokseumawe dan \nBener Meriah diharapkan serius mengelola bersama kawasan ini.Karena, \npara bupati dan wali kota sudah menadatangani kerja sama pengelolaan \nberkelanjutan pada 2011,” ujar Suhaimi, Senin (23/1/17).</p><p>\n\n\n</p><p>Berdasarkan SK Menhut No.170 Tahun 2000 tentang Penunjukan kawasan \nHutan dan Perairan, sekitar 167.443 hektare atau 65% dari luasan kawasan\n DAS Peusangan merupakan Kawasan Budidaya atau areal penggunaan lain. \nSebanyak 47.816 hektare (18%) merupakan Hutan Lindung; 24.383 hektare \n(9,5%) Hutan Produksi; sisanya berupa kawasan Hutan Produksi Terbatas, \nSuaka Alam dan Perairan.</p>', 'Arung Jeram krueng Ligan', 1, 16, '4.787368400000001,95.64579509999999', '2018-07-22 12:29:44', '2018-07-22 12:29:44'),
(29, 'Jl. Sigli -Krueng Raya, Hutan, Muara Tiga, Kabupaten Pidie, Aceh 24152, Indonesia', '<p>&nbsp;Lorem ipsum dolor sit amet, consectetur adipiscing elit. Nam massa sem, \ntincidunt eu maximus ac, bibendum vel augue. Orci varius natoque \npenatibus et magnis dis parturient montes, nascetur ridiculus mus. Sed \neleifend dui in velit viverra, sed tempor mi imperdiet. Suspendisse \niaculis, enim sed venenatis semper, enim ex rhoncus arcu, id fringilla \nlacus nunc non massa. Nam vitae magna vestibulum, consequat lacus eget, \nmalesuada velit. Vestibulum volutpat nulla lacus, eget finibus massa \nrutrum auctor. Aenean dignissim, mi id sollicitudin vehicula, metus mi \ntempor dolor, et tincidunt felis nisl id turpis. Curabitur ut placerat \nmi, in ultricies tellus. Cras condimentum lorem ac porta hendrerit. \nVestibulum ac luctus justo. Curabitur ultricies, dolor quis feugiat \nultrices, lacus ipsum malesuada purus, id pharetra velit dolor et quam. \nInteger imperdiet mauris vel justo fermentum rhoncus. Aliquam id \nbibendum tortor. Donec sollicitudin commodo ex vitae facilisis.\n</p>\n<p>\nSed eu lectus commodo, porta urna vel, dignissim tellus. Fusce suscipit \ndiam quam, at euismod mauris blandit sed. Fusce nec nunc sit amet mauris\n sollicitudin egestas sit amet vitae velit. Suspendisse potenti. Donec \nid velit et ipsum fermentum tempus. Curabitur at malesuada erat. Donec \ndapibus dolor auctor elit sagittis vulputate. Curabitur pretium quis mi \nat pretium. Proin vehicula orci sed dolor efficitur, eu bibendum quam \naccumsan.\n</p>\n<p>\nNulla ut mi suscipit, lobortis dui et, auctor erat. Praesent ornare urna\n porta nisi gravida, ut dictum mi interdum. Maecenas mi leo, vehicula \neget sem a, pulvinar volutpat tellus. Ut urna orci, dictum non congue \neget, maximus ac elit. Donec facilisis diam quis efficitur condimentum. \nInteger condimentum odio magna, in maximus massa pharetra sit amet. Sed \npretium nibh et tempus dignissim. Suspendisse urna mi, iaculis id tortor\n non, consectetur vulputate leo. Nullam ultricies risus a convallis \nscelerisque. Curabitur sit amet tellus turpis. Aenean pharetra \nvestibulum vehicula. Donec hendrerit nulla magna, sed mattis enim auctor\n ac. Integer suscipit porttitor ex, et tristique felis laoreet in</p>', 'Pantai Lhok Maneh', 1, 16, '5.4793737,95.89290740000001', '2018-07-22 12:33:49', '2018-07-22 12:35:30'),
(30, '161, Beach St, Georgetown, 10300 George Town, Penang, Malaysia', '<p>&nbsp;Lorem ipsum dolor sit amet, consectetur adipiscing elit. Nam massa sem, \ntincidunt eu maximus ac, bibendum vel augue. Orci varius natoque \npenatibus et magnis dis parturient montes, nascetur ridiculus mus. Sed \neleifend dui in velit viverra, sed tempor mi imperdiet. Suspendisse \niaculis, enim sed venenatis semper, enim ex rhoncus arcu, id fringilla \nlacus nunc non massa. Nam vitae magna vestibulum, consequat lacus eget, \nmalesuada velit. Vestibulum volutpat nulla lacus, eget finibus massa \nrutrum auctor. Aenean dignissim, mi id sollicitudin vehicula, metus mi \ntempor dolor, et tincidunt felis nisl id turpis. Curabitur ut placerat \nmi, in ultricies tellus. Cras condimentum lorem ac porta hendrerit. \nVestibulum ac luctus justo. Curabitur ultricies, dolor quis feugiat \nultrices, lacus ipsum malesuada purus, id pharetra velit dolor et quam. \nInteger imperdiet mauris vel justo fermentum rhoncus. Aliquam id \nbibendum tortor. Donec sollicitudin commodo ex vitae facilisis.\n</p><p>\nSed eu lectus commodo, porta urna vel, dignissim tellus. Fusce suscipit \ndiam quam, at euismod mauris blandit sed. Fusce nec nunc sit amet mauris\n sollicitudin egestas sit amet vitae velit. Suspendisse potenti. Donec \nid velit et ipsum fermentum tempus. Curabitur at malesuada erat. Donec \ndapibus dolor auctor elit sagittis vulputate. Curabitur pretium quis mi \nat pretium. Proin vehicula orci sed dolor efficitur, eu bibendum quam \naccumsan.\n</p><p>\n\n</p><p>\nNulla ut mi suscipit, lobortis dui et, auctor erat. Praesent ornare urna\n porta nisi gravida, ut dictum mi interdum. Maecenas mi leo, vehicula \neget sem a, pulvinar volutpat tellus. Ut urna orci, dictum non congue \neget, maximus ac elit. Donec facilisis diam quis efficitur condimentum. \nInteger condimentum odio magna, in maximus massa pharetra sit amet. Sed \npretium nibh et tempus dignissim. Suspendisse urna mi, iaculis id tortor\n non, consectetur vulputate leo. Nullam ultricies risus a convallis \nscelerisque. Curabitur sit amet tellus turpis. Aenean pharetra \nvestibulum vehicula. Donec hendrerit nulla magna, sed mattis enim auctor\n ac. Integer suscipit porttitor ex, et tristique felis laoreet in</p>', 'Pantai Lueng Gayo', 1, 16, '5.4146863,100.33862829999998', '2018-07-22 12:37:01', '2018-07-22 12:37:01'),
(31, 'Jl. Beureunuen - Tangse, Mali Guyui, Sakti, Kabupaten Pidie, Aceh 24181, Indonesia', '<p>&nbsp;Lorem ipsum dolor sit amet, consectetur adipiscing elit. Nam massa sem, \ntincidunt eu maximus ac, bibendum vel augue. Orci varius natoque \npenatibus et magnis dis parturient montes, nascetur ridiculus mus. Sed \neleifend dui in velit viverra, sed tempor mi imperdiet. Suspendisse \niaculis, enim sed venenatis semper, enim ex rhoncus arcu, id fringilla \nlacus nunc non massa. Nam vitae magna vestibulum, consequat lacus eget, \nmalesuada velit. Vestibulum volutpat nulla lacus, eget finibus massa \nrutrum auctor. Aenean dignissim, mi id sollicitudin vehicula, metus mi \ntempor dolor, et tincidunt felis nisl id turpis. Curabitur ut placerat \nmi, in ultricies tellus. Cras condimentum lorem ac porta hendrerit. \nVestibulum ac luctus justo. Curabitur ultricies, dolor quis feugiat \nultrices, lacus ipsum malesuada purus, id pharetra velit dolor et quam. \nInteger imperdiet mauris vel justo fermentum rhoncus. Aliquam id \nbibendum tortor. Donec sollicitudin commodo ex vitae facilisis.\n</p><p>\nSed eu lectus commodo, porta urna vel, dignissim tellus. Fusce suscipit \ndiam quam, at euismod mauris blandit sed. Fusce nec nunc sit amet mauris\n sollicitudin egestas sit amet vitae velit. Suspendisse potenti. Donec \nid velit et ipsum fermentum tempus. Curabitur at malesuada erat. Donec \ndapibus dolor auctor elit sagittis vulputate. Curabitur pretium quis mi \nat pretium. Proin vehicula orci sed dolor efficitur, eu bibendum quam \naccumsan.\n</p><p>\n\n</p><p>\nNulla ut mi suscipit, lobortis dui et, auctor erat. Praesent ornare urna\n porta nisi gravida, ut dictum mi interdum. Maecenas mi leo, vehicula \neget sem a, pulvinar volutpat tellus. Ut urna orci, dictum non congue \neget, maximus ac elit. Donec facilisis diam quis efficitur condimentum. \nInteger condimentum odio magna, in maximus massa pharetra sit amet. Sed \npretium nibh et tempus dignissim. Suspendisse urna mi, iaculis id tortor\n non, consectetur vulputate leo. Nullam ultricies risus a convallis \nscelerisque. Curabitur sit amet tellus turpis. Aenean pharetra \nvestibulum vehicula. Donec hendrerit nulla magna, sed mattis enim auctor\n ac. Integer suscipit porttitor ex, et tristique felis laoreet in</p>', 'POLO KEUEH', 1, 16, '5.260413199999999,95.94427359999997', '2018-07-22 12:38:05', '2018-07-22 12:38:05');
INSERT INTO `wisatas` (`id`, `alamat_maps`, `deskripsi`, `judul`, `kategori`, `kota_aceh_id`, `latlng_maps`, `created_at`, `updated_at`) VALUES
(32, '547, Jalan Batu Ferringhi, Tanjung Bungah, 10470 Tanjung Bungah, Pulau Pinang, Malaysia', '<p>&nbsp;Lorem ipsum dolor sit amet, consectetur adipiscing elit. Nam massa sem, \ntincidunt eu maximus ac, bibendum vel augue. Orci varius natoque \npenatibus et magnis dis parturient montes, nascetur ridiculus mus. Sed \neleifend dui in velit viverra, sed tempor mi imperdiet. Suspendisse \niaculis, enim sed venenatis semper, enim ex rhoncus arcu, id fringilla \nlacus nunc non massa. Nam vitae magna vestibulum, consequat lacus eget, \nmalesuada velit. Vestibulum volutpat nulla lacus, eget finibus massa \nrutrum auctor. Aenean dignissim, mi id sollicitudin vehicula, metus mi \ntempor dolor, et tincidunt felis nisl id turpis. Curabitur ut placerat \nmi, in ultricies tellus. Cras condimentum lorem ac porta hendrerit. \nVestibulum ac luctus justo. Curabitur ultricies, dolor quis feugiat \nultrices, lacus ipsum malesuada purus, id pharetra velit dolor et quam. \nInteger imperdiet mauris vel justo fermentum rhoncus. Aliquam id \nbibendum tortor. Donec sollicitudin commodo ex vitae facilisis.\n</p><p>\nSed eu lectus commodo, porta urna vel, dignissim tellus. Fusce suscipit \ndiam quam, at euismod mauris blandit sed. Fusce nec nunc sit amet mauris\n sollicitudin egestas sit amet vitae velit. Suspendisse potenti. Donec \nid velit et ipsum fermentum tempus. Curabitur at malesuada erat. Donec \ndapibus dolor auctor elit sagittis vulputate. Curabitur pretium quis mi \nat pretium. Proin vehicula orci sed dolor efficitur, eu bibendum quam \naccumsan.\n</p><p>\n\n</p><p>\nNulla ut mi suscipit, lobortis dui et, auctor erat. Praesent ornare urna\n porta nisi gravida, ut dictum mi interdum. Maecenas mi leo, vehicula \neget sem a, pulvinar volutpat tellus. Ut urna orci, dictum non congue \neget, maximus ac elit. Donec facilisis diam quis efficitur condimentum. \nInteger condimentum odio magna, in maximus massa pharetra sit amet. Sed \npretium nibh et tempus dignissim. Suspendisse urna mi, iaculis id tortor\n non, consectetur vulputate leo. Nullam ultricies risus a convallis \nscelerisque. Curabitur sit amet tellus turpis. Aenean pharetra \nvestibulum vehicula. Donec hendrerit nulla magna, sed mattis enim auctor\n ac. Integer suscipit porttitor ex, et tristique felis laoreet in</p>', 'PULO TSUNAMK UJONG SEUDEUN', 1, 16, '5.466818,100.27971100000002', '2018-07-22 12:39:33', '2018-07-22 12:39:33'),
(33, 'Jl. Raja Centis No.30, Kota Baru, Alok Tim., Kabupaten Sikka, Nusa Tenggara Tim., Indonesia', '<div class=\"content-body__description\" itemprop=\"description\">Museum \nTsunami Sigli merupakan sebuah museum yang terletak di Kabupaten Pidie, \nmuseum ini dibangun untuk mengenang peristiwa tsunami yang melanda Aceh \npada tahun 2004.</div><p>\n</p><div class=\"content-title\">\n<h1 itemprop=\"headline\">Museum Tsunami Sigli, Monumen Peristiwa Tsunami yang Kini Terlupakan</h1><p>Kabupaten Pidie dan Pidie Jaya merupakan daerah dengan kondisi yang \ncukup parah ketika gempa dan tsunami pada tahun 2004 melanda bumi \nSerambi Mekkah. Ratusan ribu nyawa menjadi korban, serta banyak \nbangunan-bangunan didaerah tersebut yang hancur tersapu air bah. Untuk \nmengenang peristiwa memilukan tersebut, akhirnya dibangunlah sebuah \nmuseum bernama Museum Tsunami Sigli.</p><p>\n</p><p>Nyatanya, di bumi Serambi Mekkah tak hanya ada Museum Tsunami Aceh \nyang kemegahan dan keindahan arsitekturnya telah dikenal dunia. Di \nKabupaten Pidie juga memiliki museum bernama Museum Tsunami Sigli yang \nmenjadi sebuah monumen atas peristiwa bencana tsunami di Aceh. Meskipun \ntak semegah dan sebesar Museum Tsunami Aceh, museum ini tetap saja \nmenjadi tempat yang wajib dikunjungi ketika berkunjung ke Pidie.&nbsp;</p><h1 itemprop=\"headline\">\n</h1></div>', 'Monumen Tsunami', 2, 16, '-8.621226199999999,122.21914059999995', '2018-07-22 12:41:29', '2018-07-22 12:41:29'),
(34, 'Musi, Suwak Indrapuri, Johan Pahlawan, Kabupaten Aceh Barat, Aceh 23681, Indonesia', '<p>Sejumlah masyarakat membongkar kuburan massal milik sisa korban \ntsunami menerjang Aceh pada 2004 silam. Kuburan yang dibongkar tersebut \nterletak di kawasan Desa Seulue, Kecamatan Darussalam, Kabupaten Aceh \nBesar, Provinsi Aceh, Sabtu (3/3/2018). Pembongkaran itu dimulai sejak \npukul 09.00 WIB, dan baru selesai sore menjelang Magrib.\n\n</p><p>Pengamatan Okezone, kuburan massal itu terdiri satu lubang besar \nyang menampung puluhan mayat korban tsunami Aceh. Kuburan itu terletak \ntepat di bawah satu pohon besar. Ketika dibongkar, menampakkan \njasad-jasad itu dibungkus dalam plastik terpal berwarna hitam. Dan \nkemudian, mayat itu satu persatu diangkat yang kemudian dimasukkan ke \ndalam kain kapan yang sudah dipersiapkan warga.</p><p>Ketua Pelaksanan Pemindahan Jenazah Zamri Arafat mengatakan, kuburan \nmassal itu merupakan kuburan korban tsunami Aceh yang sama sekali belum \nterjamah oleh tim evakuasi pada waktu pasca kejadian. Pemindahan itu, \nkatanya, berdasarakan kebijakan dari masyarakat desa setempat untuk \nmemindahkan para jenazah ke pemakaman umum yang ada di Desa Mireuk \nTaman, kecamatan setempat.\n\n</p><p>\'\'Alhamdulillah kuburan sisa tsunami yang masih berserakan ini \nkami pindahkan ke kuburan umum, yang sudah kongkrit penggunaannya untuk \npemakaman. Dalam kuburan massal ini ada 60 orang jenazah,\'\' kata Zamri \nkepada wartawan.</p><div id=\"lastread\"></div><p>Saat melakukan pemindahan, warga juga mendapati perlbagai asesoris \nyang melekat pada tubuh jenazah, seperti perhiasan dan identitasi \nkorban. Selembar kartu identitas bertuliskan nama Muhammad Dahlan, asal \nKabupaten Aceh Utara, lengkap dengan surat izin mengendara. Sedangkan \nselembar indentitas lain milik perempuan yang tak nampak jelas lagi \nkarena pudar. Selain itu, saat pembongkaran masyarakat juga mendapati \njenazah yang masih untuh dan ada juga yang sudah menjadi \ntulang-belulang.\n\n</p><p>Dikatakan Zamri, setelah pemindahan jenazah tersebut lahan seluas\n setengah lapangan bola itu akan dipergunakan untuk pembangunan masjid \ndesa setempat. Ketika pembangunan pun nantinya tidak lagi terjadi efek \nyang tidak diinginkan.\n\n</p><p>\'\'Apabila masyarakat menggunakan lahan ini di kemudian hari tidak\n ada lagi efek jenazah yang sisa tsunami masih berserakan,\'\' ujarnya.\n\n</p><p>Selain itu, Zamri menyebutkan bawah kawasan desa tersebut memang \nmerupakan lokasi tempat berhentinya air sewaktu tsunami. Sehingga ketika\n air tsunami mulai surut jasad berserakan di kawasan tersebut dan \nlangsung dikebumikan di beberapa titik koran massal desa setempat.\n\n</p><p>\n\n</p><p>\'\'Jenazah ini paling banyak dari perantau yang datang dari luar \nAceh Besar. Indentitas yang kita peroleh paling banyak orang yang baru \nmenempati rumah di lokasi ini,\'\' pungkasnya.&nbsp; &nbsp; &nbsp; &nbsp; &nbsp; &nbsp;</p>', 'Makam Po Teumerehom', 2, 16, '4.1276236,96.12725449999994', '2018-07-22 12:43:14', '2018-07-22 12:43:14'),
(35, 'Unnamed Road, Hutan Blangpidie, Blang Pidie, Kabupaten Aceh Barat Daya, Aceh 23764, Indonesia', '<p>&nbsp;Lorem ipsum dolor sit amet, consectetur adipiscing elit. Nam massa sem, \ntincidunt eu maximus ac, bibendum vel augue. Orci varius natoque \npenatibus et magnis dis parturient montes, nascetur ridiculus mus. Sed \neleifend dui in velit viverra, sed tempor mi imperdiet. Suspendisse \niaculis, enim sed venenatis semper, enim ex rhoncus arcu, id fringilla \nlacus nunc non massa. Nam vitae magna vestibulum, consequat lacus eget, \nmalesuada velit. Vestibulum volutpat nulla lacus, eget finibus massa \nrutrum auctor. Aenean dignissim, mi id sollicitudin vehicula, metus mi \ntempor dolor, et tincidunt felis nisl id turpis. Curabitur ut placerat \nmi, in ultricies tellus. Cras condimentum lorem ac porta hendrerit. \nVestibulum ac luctus justo. Curabitur ultricies, dolor quis feugiat \nultrices, lacus ipsum malesuada purus, id pharetra velit dolor et quam. \nInteger imperdiet mauris vel justo fermentum rhoncus. Aliquam id \nbibendum tortor. Donec sollicitudin commodo ex vitae facilisis.\n</p><p>\nSed eu lectus commodo, porta urna vel, dignissim tellus. Fusce suscipit \ndiam quam, at euismod mauris blandit sed. Fusce nec nunc sit amet mauris\n sollicitudin egestas sit amet vitae velit. Suspendisse potenti. Donec \nid velit et ipsum fermentum tempus. Curabitur at malesuada erat. Donec \ndapibus dolor auctor elit sagittis vulputate. Curabitur pretium quis mi \nat pretium. Proin vehicula orci sed dolor efficitur, eu bibendum quam \naccumsan.\n</p><p>\n\n</p><p>\nNulla ut mi suscipit, lobortis dui et, auctor erat. Praesent ornare urna\n porta nisi gravida, ut dictum mi interdum. Maecenas mi leo, vehicula \neget sem a, pulvinar volutpat tellus. Ut urna orci, dictum non congue \neget, maximus ac elit. Donec facilisis diam quis efficitur condimentum. \nInteger condimentum odio magna, in maximus massa pharetra sit amet. Sed \npretium nibh et tempus dignissim. Suspendisse urna mi, iaculis id tortor\n non, consectetur vulputate leo. Nullam ultricies risus a convallis \nscelerisque. Curabitur sit amet tellus turpis. Aenean pharetra \nvestibulum vehicula. Donec hendrerit nulla magna, sed mattis enim auctor\n ac. Integer suscipit porttitor ex, et tristique felis laoreet in</p>', 'Air Terjun Gunong Cut', 1, 14, '3.7963426,97.00683930000002', '2018-07-22 12:45:33', '2018-07-22 12:45:33'),
(36, 'Unnamed Road, Susoh, Kabupaten Aceh Barat Daya, Aceh 23763, Indonesia,undefined', '<p><b>PANTAI JILBAB TUJUAN WISATA ACEH BARAT DAYA</b></p><p>Kalau ada yang bertanya apa saja<strong> tempat wisata Aceh Barat Daya</strong>, maka saya akan langsung menjawab P<strong>antai Jilbab Abdya</strong>\n sebagai salah satu destinasi fenomenal yang ada di pesisir barat \nProvinsi Aceh ini. Kenapa Pantai Jilbab itu fenomenal? Karena dengan \nberkunjung ke pantai ini kita bisa menyaksikan pesona bahari Aceh Barat\n Daya (Abdya) yang sangat memesona. Pasir putih keabu-abuan menjadi \ntempat berpijak ketika kita melangkah ke Pantai Jilbab, pohon pinus \nmenjadi peneduh saat kita berhenti sejenak di pinggir pantai, hamparan \nlautan biru dengan perahu nelayan yang sedang mencari ikan menjadi \npemandangan yang sangat menenangkan</p><p style=\"text-align: justify;\"><strong>Pantai Jilbab Abdya</strong> \nterletak di Desa Palak Kerambil, Kecamatan Susoh, hanya sekitar 15 menit\n dengan menggunakan sepeda motor dari pusat Kota Abdya yang terletak di \nBlangpidie. Untuk sampai ke sana, kita harus memasuki persimpangan \nSimpang Lawang Susoh, tidak jauh dari sana, kita akan menemukan Pusat \nPelelangan Ikan (PPI) Ujung Serangga. Letak Pantai Jilbab langsung \nbersebelahan dengan PPI Ujung Serangga ini.</p><p style=\"text-align: justify;\">Mendengar nama Pantai Jilbab, pasti banyak yang bertanya kenapa nama tempat wisata Aceh Barat Daya\n ini adalah Jilbab? Apakah bentuk pantai ini menyerupai penutup kepala \nuntuk perempuan muslim? Ternyata tidak. Ada cerita unik perihal penamaan\n Pantai Jilbab Abdya ini.</p><p>\n\n</p><p style=\"text-align: justify;\">Menurut cerita dari masyarakat sekitar, \nasal muasal nama Pantai Jilbab itu erat kaitannya dengan konflik yang \nterjadi di Aceh beberapa waktu yang lalu. Pada masa itu, penegakan \nSyariat Islam sedang gencar-gencarnya dilakukan di Bumi Serambi Mekah \ntermasuk di <em>Susoh Abdya</em>. Salah satu bentuknya adalah dengan \nmelakukan razia pakaian muslim di pantai yang terletak di Kecamatan \nSusoh tersebut. Semua kaum hawa yang berkunjung ke sana harus mengenakan\n jilbab atau kerudung dan kalau tidak berjilbab akan mendapatkan \nhukuman. Dari sejarah itulah muncul nama Pantai Jilbab, sebelumnya \nmasyarakat sekitar menyebut pantai ini dengan Pantai Susoh.</p><p style=\"text-align: justify;\">Ketika tiba di <em>tempat wisata Aceh Barat Daya</em>\n yang fenomenal ini, kita akan melihat deretan kafe yang menjual aneka \nminuman, rujak, kepala muda, mie, dan nasi goreng. Tinggal pilih saja \nmau nongkrong di kafe yang mana. Jika mengajak serta anak-anak, maka \nKafe FC Barcelona bisa mejadi pilihan. Di kafe yang namanya diambil dari\n salah satu klub sepak bola itu terdapat berbagai permainan untuk \nanak-anak seperti ayunan, mandi bola, jungkat-jangkit, dan komedi putar \nberbentuk perahu.</p><p style=\"text-align: justify;\">\n</p><p style=\"text-align: justify;\">Kalau ingin bersantai di rumah pohon, \nmaka Kafe Rumah Pohon pilihannya. Di sana, selain terdapat pondok-pondok\n untuk bersantai sambil melihat pemandangan laut, ada juga rumah pohon \nyang bisa digunakan oleh pengunjung. Menu makanan yang disediakan disana\n juga beragam jika dibandingkan dengan kafe-kafe yang lain, seperti \naneka es krem (es krem goreng, es krem kelapa, dan lain-lain),<em> float</em>,\n milk shake, sup buah, aneka jus, dan masih banyak pilihan makanan atau \nminuman lainnya. Semua lapak yang dibangun dari kayu tersebut langsung \nberhadapan dengan lautan luas.</p>', 'PANTAI JIELBAB SUSOH', 1, 14, '3.7175467,96.81643220000001', '2018-07-22 12:48:14', '2018-07-22 12:48:14'),
(37, 'Unnamed Road, Sejahtera, Manggeng, Kabupaten Aceh Barat Daya, Aceh 23762, Indonesia', '<p>orem ipsum dolor sit amet, consectetur adipiscing elit. Suspendisse \nposuere eleifend ornare. Donec sed egestas nulla. Ut aliquet pharetra \nullamcorper. Orci varius natoque penatibus et magnis dis parturient \nmontes, nascetur ridiculus mus. Aenean interdum quis enim non aliquet. \nProin vitae ipsum ligula. Mauris eget consequat metus. Nulla vel leo nec\n erat elementum suscipit sed at sapien. Cras elementum ultricies orci in\n viverra. Phasellus lacinia tortor a leo ultrices elementum. Proin \neuismod lobortis magna, quis ultricies velit aliquet id. Nam eleifend \ntempus congue.\n</p><p>\nEtiam luctus lorem eget odio maximus volutpat. Class aptent taciti \nsociosqu ad litora torquent per conubia nostra, per inceptos himenaeos. \nNunc sodales risus felis, vel suscipit orci varius ut. Etiam fringilla \ndui et consequat tempus. Aliquam consequat in dui vitae auctor. \nVestibulum id sagittis leo. Donec tempus iaculis fermentum. Aliquam \nsagittis imperdiet metus, id varius sapien dictum sit amet. Phasellus \nsagittis quam quis quam ornare fermentum.\n</p><p>\nLorem ipsum dolor sit amet, consectetur adipiscing elit. Etiam elementum\n ornare sapien vitae facilisis. Donec dictum aliquet leo, at condimentum\n erat scelerisque at. Class aptent taciti sociosqu ad litora torquent \nper conubia nostra, per inceptos himenaeos. Nam ipsum lacus, vestibulum \nquis sollicitudin at, molestie at metus. Orci varius natoque penatibus \net magnis dis parturient montes, nascetur ridiculus mus. Praesent \nelementum vitae mi quis efficitur. Fusce in odio sit amet quam dignissim\n varius. Nam luctus venenatis consequat. Donec in tellus congue, \nvestibulum tellus eu, aliquet neque. Mauris commodo, odio id porttitor \nmolestie, purus metus imperdiet quam, molestie cursus ligula erat nec \nlectus. Phasellus pharetra eros et erat porta, ut sollicitudin leo \nsemper. Proin urna lorem, sollicitudin sed tincidunt consequat, euismod \nut felis. Fusce mattis ante ac quam tempus blandit. Quisque consectetur \nenim semper nisl pretium, a tempus leo semper.\n</p><p>\nMaecenas luctus turpis iaculis massa ultrices feugiat. Donec eu magna \nmattis, fringilla diam sed, semper tortor. Aliquam a justo eget ligula \neleifend laoreet eu quis libero. Vivamus vel mattis nisi. Nunc arcu \neros, fermentum sed ullamcorper in, iaculis sed orci. Nullam ultrices \nlaoreet maximus. Integer lacinia semper vestibulum. Nam tincidunt tellus\n justo, a rutrum enim finibus quis. Proin volutpat orci dui, vel \nscelerisque libero ultricies et.\n</p><p>\n\n\n\n</p><p>\nQuisque pharetra rhoncus felis nec ultricies. Nam feugiat aliquam diam \net vestibulum. Quisque convallis erat a vestibulum pulvinar. Quisque \nvehicula ultricies lectus, in imperdiet neque porta non. Etiam lobortis \ntempus arcu. Proin molestie ex sit amet dolor fringilla, eu porta tellus\n bibendum. Maecenas massa sem, bibendum ut tempus eget, facilisis vitae \nvelit.&nbsp;</p>', 'PANTAI UJUNG MANGGENG', 1, 14, '3.6137666,96.89904960000001', '2018-07-22 12:50:00', '2018-07-22 12:50:00'),
(38, 'Unnamed Road, Padang Baru, Susoh, Kabupaten Aceh Barat Daya, Aceh 23763, Indonesia', '<div class=\"content-body__description\" itemprop=\"description\">Pulau \nGosong merupakan destinasi wisata di Aceh yang kini semakin populer \ndikalangan remaja, menawarkan keindahan pulau dengan pasir putih \neksotis.</div><p>\n</p><div class=\"content-title\">\n<h1 itemprop=\"headline\">Pulau Gosong, Pulau Mungil Yang Eksotis di Aceh</h1><p>Pulau Gosong adalah salah satu <a href=\"https://www.tempat.co.id/\">tempat</a>\n wisata bahari yang terletak di Sangkalan kecamatan susoh, kabupaten \nAceh Barat Daya. Memiliki luas sekitar 1 hektar, dan jarak tempuh dari \nbibir pantai sangkalan ke Pulau Gosong hanya 10-15 menit dengan \nmenggunakan perahu. <br></p><p>Keelokannya menjadikan Pulau Gosong \nmenjadi salah satu tujuan wisata bahari yang di tahun 2015 ini banyak \ndikunjungi oleh masyarakat dan wisatawan ABDYA (Aceh Barat Daya) \nkhususnya.&nbsp;</p><p>Bagi anda penggemar hal-hal yang berbau kekinian, akan sangat pas \nrasanya jika berkunjung ke Pulau Gosong, salah satu objek wisata \nkekinian di wilayah Aceh Barat Daya ini. Karena Pulau Gosong Aceh, \nmerupakan objek wisata kekinian tersebut. </p><p>Pada dasarnya <a href=\"https://www.tempat.co.id/tag/pulau\">pulau</a>\n ini hanya terbentuk dari pasir yang terbawa arus kemudian tertumpuk di \nkarang, luasnya pun hanya seluas lapangan sepakbola. Namun keindahan \nyang ditawarkan Pulau Gosong tidak terbantahkan lagi.\n</p><h3>Keelokan dan Keunikan Pulau Gosong\n</h3><p>Pulau Gosong memiliki pasir putih yang halus, air laut yang jernih, \nditambah keindahan pohon cemara dan waru, dan masih banyak lagi \nkeindahan lainnya. Pulau Gosong memiliki pesona taman bawah laut yang \nindah, pasir putih yang lembut, terumbu karang yang sangat indah, ikan \nyang bervariasi ditambah dengan air yang sangat bening, menjadikan pulau\n ini semakin menarik untuk dikunjungi.\n</p><p>\n\n\n</p><p>Di pulau Gosong anda akan menemukan biota laut seperti kima dan ikan \nnapoleon yang tergolong langka. Karena keindahan bawah lautnyalah Anda \nbisa senokeling dan diving sepuasnya. Bersentuhan langsung dengan \nmahluk-mahluk cantik bawah laut.&nbsp;</p><p>Disarankan melakukan kegiatan ini di pagi hari, karena airnya lebih \njernih. Jika anda tidak ingin melakukan senokeling atau diving, anda \nbisa juga memancing, atau sekedar bersantai di pinggiran pantai, tak kan\n berkurang kepuasan yang di dapat, karena Pulau Gosong benar-benar \nindah.\n</p><p>Pulau Gosong merepresentasikan keindahan pesisir laut Aceh Barat Daya\n yang diapit oleh panorama Bukit Barisan Pulau Sumatera. Setumpuk \nterumbu karang tumbuh cantik pada pulau mungil yang berada di tengah \nlaut ini. <br></p><p>Terdapat sebuah pantai dengan hamparan pasir \nkecokelatan tersambung dengan Pantai Jilbab di sisinya menambah elok \nPulau Gosong sejauh mata memandang. Pulau Gosong, pulau diantara dua \npantai itu berada di antara Desa Ladang dan Desa Palak Karambil, \nKecamatan Susoh, kerap dijadikan destinasi akhir pekan oleh masyarakat \nsetempat.\n</p><p><b>Karekteristik Pulau Gosong</b>\n</p><p>Merujuk dalam literatur Geografi, Pulau Pusong Abdya itu termasuk \ndalam ketegori Pulau Penghalang (Barrier Island), yaitu gosong pasir \nyang tersembul di pantai dan dipisahkan dari pantai. Pulau penghalang \nini bisa berbentuk sebagai spit atau gumuk pasir yang dibentuk oleh \nangin atau air. Gosong sendiri berarti terumbu karang di tengah lautan \nyang jauh dari daratan. Umumnya gosong berada di perairan dangkal \nseperti yang berada di depan Dermaga Ujong Serangga.\n</p><p><b>Lokasi Pantai Gosong</b>\n</p><p>Sebelum tsunami 2004, Pulau Gosong hanya berjarak tak sampai 1 km \ndari Pantai Bali, menurut warga setempat, bisa ditempuh dengan berjalan \ndi atas terumbu karang jika airnya surut. Namun setelah hantaman \ntsunami, jaraknya makin melebar. <br></p><p>\n\n\n\n\n</p><p>Anda harus ke Dermaga Ujong \nSerangga jika ingin singgah ke pulau Gosong,yang juga disebut Pulau \nPusong oleh warga setempat. Jika anda dari Banda Aceh. Pemilik boat \npasang tarif antara Rp 300 – Rp 500 ribu per trip untuk jasa \nantar-jemput.&nbsp;</p><h1 itemprop=\"headline\">\n</h1></div>', 'PULAU GOSONG', 1, 14, '3.718201,96.81298370000002', '2018-07-22 12:53:49', '2018-07-22 12:53:49'),
(39, 'Unnamed Road, Hutan Blangpidie, Blang Pidie, Kabupaten Aceh Barat Daya, Aceh 23764, Indonesia', '<p>orem ipsum dolor sit amet, consectetur adipiscing elit. Suspendisse \nposuere eleifend ornare. Donec sed egestas nulla. Ut aliquet pharetra \nullamcorper. Orci varius natoque penatibus et magnis dis parturient \nmontes, nascetur ridiculus mus. Aenean interdum quis enim non aliquet. \nProin vitae ipsum ligula. Mauris eget consequat metus. Nulla vel leo nec\n erat elementum suscipit sed at sapien. Cras elementum ultricies orci in\n viverra. Phasellus lacinia tortor a leo ultrices elementum. Proin \neuismod lobortis magna, quis ultricies velit aliquet id. Nam eleifend \ntempus congue.\n</p><p>\nEtiam luctus lorem eget odio maximus volutpat. Class aptent taciti \nsociosqu ad litora torquent per conubia nostra, per inceptos himenaeos. \nNunc sodales risus felis, vel suscipit orci varius ut. Etiam fringilla \ndui et consequat tempus. Aliquam consequat in dui vitae auctor. \nVestibulum id sagittis leo. Donec tempus iaculis fermentum. Aliquam \nsagittis imperdiet metus, id varius sapien dictum sit amet. Phasellus \nsagittis quam quis quam ornare fermentum.\n</p><p>\nLorem ipsum dolor sit amet, consectetur adipiscing elit. Etiam elementum\n ornare sapien vitae facilisis. Donec dictum aliquet leo, at condimentum\n erat scelerisque at. Class aptent taciti sociosqu ad litora torquent \nper conubia nostra, per inceptos himenaeos. Nam ipsum lacus, vestibulum \nquis sollicitudin at, molestie at metus. Orci varius natoque penatibus \net magnis dis parturient montes, nascetur ridiculus mus. Praesent \nelementum vitae mi quis efficitur. Fusce in odio sit amet quam dignissim\n varius. Nam luctus venenatis consequat. Donec in tellus congue, \nvestibulum tellus eu, aliquet neque. Mauris commodo, odio id porttitor \nmolestie, purus metus imperdiet quam, molestie cursus ligula erat nec \nlectus. Phasellus pharetra eros et erat porta, ut sollicitudin leo \nsemper. Proin urna lorem, sollicitudin sed tincidunt consequat, euismod \nut felis. Fusce mattis ante ac quam tempus blandit. Quisque consectetur \nenim semper nisl pretium, a tempus leo semper.\n</p><p>\nMaecenas luctus turpis iaculis massa ultrices feugiat. Donec eu magna \nmattis, fringilla diam sed, semper tortor. Aliquam a justo eget ligula \neleifend laoreet eu quis libero. Vivamus vel mattis nisi. Nunc arcu \neros, fermentum sed ullamcorper in, iaculis sed orci. Nullam ultrices \nlaoreet maximus. Integer lacinia semper vestibulum. Nam tincidunt tellus\n justo, a rutrum enim finibus quis. Proin volutpat orci dui, vel \nscelerisque libero ultricies et.\n</p><p>\n\n\n\n</p><p>\nQuisque pharetra rhoncus felis nec ultricies. Nam feugiat aliquam diam \net vestibulum. Quisque convallis erat a vestibulum pulvinar. Quisque \nvehicula ultricies lectus, in imperdiet neque porta non. Etiam lobortis \ntempus arcu. Proin molestie ex sit amet dolor fringilla, eu porta tellus\n bibendum. Maecenas massa sem, bibendum ut tempus eget, facilisis vitae \nvelit.&nbsp;</p>', 'TAMAN LAUT UJONG MANGGENG', 1, 14, '3.7963426,97.00683930000002', '2018-07-22 12:55:54', '2018-07-22 12:55:54'),
(40, 'Unnamed Road, Hutan Blangpidie, Blang Pidie, Kabupaten Aceh Barat Daya, Aceh 23764, Indonesia', '<p>orem ipsum dolor sit amet, consectetur adipiscing elit. Suspendisse \nposuere eleifend ornare. Donec sed egestas nulla. Ut aliquet pharetra \nullamcorper. Orci varius natoque penatibus et magnis dis parturient \nmontes, nascetur ridiculus mus. Aenean interdum quis enim non aliquet. \nProin vitae ipsum ligula. Mauris eget consequat metus. Nulla vel leo nec\n erat elementum suscipit sed at sapien. Cras elementum ultricies orci in\n viverra. Phasellus lacinia tortor a leo ultrices elementum. Proin \neuismod lobortis magna, quis ultricies velit aliquet id. Nam eleifend \ntempus congue.\n</p><p>\nEtiam luctus lorem eget odio maximus volutpat. Class aptent taciti \nsociosqu ad litora torquent per conubia nostra, per inceptos himenaeos. \nNunc sodales risus felis, vel suscipit orci varius ut. Etiam fringilla \ndui et consequat tempus. Aliquam consequat in dui vitae auctor. \nVestibulum id sagittis leo. Donec tempus iaculis fermentum. Aliquam \nsagittis imperdiet metus, id varius sapien dictum sit amet. Phasellus \nsagittis quam quis quam ornare fermentum.\n</p><p>\nLorem ipsum dolor sit amet, consectetur adipiscing elit. Etiam elementum\n ornare sapien vitae facilisis. Donec dictum aliquet leo, at condimentum\n erat scelerisque at. Class aptent taciti sociosqu ad litora torquent \nper conubia nostra, per inceptos himenaeos. Nam ipsum lacus, vestibulum \nquis sollicitudin at, molestie at metus. Orci varius natoque penatibus \net magnis dis parturient montes, nascetur ridiculus mus. Praesent \nelementum vitae mi quis efficitur. Fusce in odio sit amet quam dignissim\n varius. Nam luctus venenatis consequat. Donec in tellus congue, \nvestibulum tellus eu, aliquet neque. Mauris commodo, odio id porttitor \nmolestie, purus metus imperdiet quam, molestie cursus ligula erat nec \nlectus. Phasellus pharetra eros et erat porta, ut sollicitudin leo \nsemper. Proin urna lorem, sollicitudin sed tincidunt consequat, euismod \nut felis. Fusce mattis ante ac quam tempus blandit. Quisque consectetur \nenim semper nisl pretium, a tempus leo semper.\n</p><p>\nMaecenas luctus turpis iaculis massa ultrices feugiat. Donec eu magna \nmattis, fringilla diam sed, semper tortor. Aliquam a justo eget ligula \neleifend laoreet eu quis libero. Vivamus vel mattis nisi. Nunc arcu \neros, fermentum sed ullamcorper in, iaculis sed orci. Nullam ultrices \nlaoreet maximus. Integer lacinia semper vestibulum. Nam tincidunt tellus\n justo, a rutrum enim finibus quis. Proin volutpat orci dui, vel \nscelerisque libero ultricies et.\n</p><p>\n\n\n\n</p><p>\nQuisque pharetra rhoncus felis nec ultricies. Nam feugiat aliquam diam \net vestibulum. Quisque convallis erat a vestibulum pulvinar. Quisque \nvehicula ultricies lectus, in imperdiet neque porta non. Etiam lobortis \ntempus arcu. Proin molestie ex sit amet dolor fringilla, eu porta tellus\n bibendum. Maecenas massa sem, bibendum ut tempus eget, facilisis vitae \nvelit.&nbsp;</p>', 'PANTAI WISATA LAMA TUHA', 1, 14, '3.7963426,97.00683930000002', '2018-07-22 12:57:04', '2018-07-22 12:57:04'),
(41, 'Unnamed Road, Ladang, Susoh, Kabupaten Aceh Barat Daya, Aceh 23763, Indonesia', '<p>orem ipsum dolor sit amet, consectetur adipiscing elit. Suspendisse \nposuere eleifend ornare. Donec sed egestas nulla. Ut aliquet pharetra \nullamcorper. Orci varius natoque penatibus et magnis dis parturient \nmontes, nascetur ridiculus mus. Aenean interdum quis enim non aliquet. \nProin vitae ipsum ligula. Mauris eget consequat metus. Nulla vel leo nec\n erat elementum suscipit sed at sapien. Cras elementum ultricies orci in\n viverra. Phasellus lacinia tortor a leo ultrices elementum. Proin \neuismod lobortis magna, quis ultricies velit aliquet id. Nam eleifend \ntempus congue.\n</p><p>\nEtiam luctus lorem eget odio maximus volutpat. Class aptent taciti \nsociosqu ad litora torquent per conubia nostra, per inceptos himenaeos. \nNunc sodales risus felis, vel suscipit orci varius ut. Etiam fringilla \ndui et consequat tempus. Aliquam consequat in dui vitae auctor. \nVestibulum id sagittis leo. Donec tempus iaculis fermentum. Aliquam \nsagittis imperdiet metus, id varius sapien dictum sit amet. Phasellus \nsagittis quam quis quam ornare fermentum.\n</p><p>\nLorem ipsum dolor sit amet, consectetur adipiscing elit. Etiam elementum\n ornare sapien vitae facilisis. Donec dictum aliquet leo, at condimentum\n erat scelerisque at. Class aptent taciti sociosqu ad litora torquent \nper conubia nostra, per inceptos himenaeos. Nam ipsum lacus, vestibulum \nquis sollicitudin at, molestie at metus. Orci varius natoque penatibus \net magnis dis parturient montes, nascetur ridiculus mus. Praesent \nelementum vitae mi quis efficitur. Fusce in odio sit amet quam dignissim\n varius. Nam luctus venenatis consequat. Donec in tellus congue, \nvestibulum tellus eu, aliquet neque. Mauris commodo, odio id porttitor \nmolestie, purus metus imperdiet quam, molestie cursus ligula erat nec \nlectus. Phasellus pharetra eros et erat porta, ut sollicitudin leo \nsemper. Proin urna lorem, sollicitudin sed tincidunt consequat, euismod \nut felis. Fusce mattis ante ac quam tempus blandit. Quisque consectetur \nenim semper nisl pretium, a tempus leo semper.\n</p><p>\nMaecenas luctus turpis iaculis massa ultrices feugiat. Donec eu magna \nmattis, fringilla diam sed, semper tortor. Aliquam a justo eget ligula \neleifend laoreet eu quis libero. Vivamus vel mattis nisi. Nunc arcu \neros, fermentum sed ullamcorper in, iaculis sed orci. Nullam ultrices \nlaoreet maximus. Integer lacinia semper vestibulum. Nam tincidunt tellus\n justo, a rutrum enim finibus quis. Proin volutpat orci dui, vel \nscelerisque libero ultricies et.\n</p><p>\n\n\n\n</p><p>\nQuisque pharetra rhoncus felis nec ultricies. Nam feugiat aliquam diam \net vestibulum. Quisque convallis erat a vestibulum pulvinar. Quisque \nvehicula ultricies lectus, in imperdiet neque porta non. Etiam lobortis \ntempus arcu. Proin molestie ex sit amet dolor fringilla, eu porta tellus\n bibendum. Maecenas massa sem, bibendum ut tempus eget, facilisis vitae \nvelit.&nbsp;</p>', 'PANTAI BALI SUSOH', 1, 14, '3.7092637,96.83188010000003', '2018-07-22 12:57:54', '2018-07-22 12:57:54'),
(42, 'Unnamed Road, Hutan Blangpidie, Blang Pidie, Kabupaten Aceh Barat Daya, Aceh 23764, Indonesia', '<p>orem ipsum dolor sit amet, consectetur adipiscing elit. Suspendisse \nposuere eleifend ornare. Donec sed egestas nulla. Ut aliquet pharetra \nullamcorper. Orci varius natoque penatibus et magnis dis parturient \nmontes, nascetur ridiculus mus. Aenean interdum quis enim non aliquet. \nProin vitae ipsum ligula. Mauris eget consequat metus. Nulla vel leo nec\n erat elementum suscipit sed at sapien. Cras elementum ultricies orci in\n viverra. Phasellus lacinia tortor a leo ultrices elementum. Proin \neuismod lobortis magna, quis ultricies velit aliquet id. Nam eleifend \ntempus congue.\n</p><p>\nEtiam luctus lorem eget odio maximus volutpat. Class aptent taciti \nsociosqu ad litora torquent per conubia nostra, per inceptos himenaeos. \nNunc sodales risus felis, vel suscipit orci varius ut. Etiam fringilla \ndui et consequat tempus. Aliquam consequat in dui vitae auctor. \nVestibulum id sagittis leo. Donec tempus iaculis fermentum. Aliquam \nsagittis imperdiet metus, id varius sapien dictum sit amet. Phasellus \nsagittis quam quis quam ornare fermentum.\n</p><p>\nLorem ipsum dolor sit amet, consectetur adipiscing elit. Etiam elementum\n ornare sapien vitae facilisis. Donec dictum aliquet leo, at condimentum\n erat scelerisque at. Class aptent taciti sociosqu ad litora torquent \nper conubia nostra, per inceptos himenaeos. Nam ipsum lacus, vestibulum \nquis sollicitudin at, molestie at metus. Orci varius natoque penatibus \net magnis dis parturient montes, nascetur ridiculus mus. Praesent \nelementum vitae mi quis efficitur. Fusce in odio sit amet quam dignissim\n varius. Nam luctus venenatis consequat. Donec in tellus congue, \nvestibulum tellus eu, aliquet neque. Mauris commodo, odio id porttitor \nmolestie, purus metus imperdiet quam, molestie cursus ligula erat nec \nlectus. Phasellus pharetra eros et erat porta, ut sollicitudin leo \nsemper. Proin urna lorem, sollicitudin sed tincidunt consequat, euismod \nut felis. Fusce mattis ante ac quam tempus blandit. Quisque consectetur \nenim semper nisl pretium, a tempus leo semper.\n</p><p>\nMaecenas luctus turpis iaculis massa ultrices feugiat. Donec eu magna \nmattis, fringilla diam sed, semper tortor. Aliquam a justo eget ligula \neleifend laoreet eu quis libero. Vivamus vel mattis nisi. Nunc arcu \neros, fermentum sed ullamcorper in, iaculis sed orci. Nullam ultrices \nlaoreet maximus. Integer lacinia semper vestibulum. Nam tincidunt tellus\n justo, a rutrum enim finibus quis. Proin volutpat orci dui, vel \nscelerisque libero ultricies et.\n</p><p>\n\n\n\n</p><p>\nQuisque pharetra rhoncus felis nec ultricies. Nam feugiat aliquam diam \net vestibulum. Quisque convallis erat a vestibulum pulvinar. Quisque \nvehicula ultricies lectus, in imperdiet neque porta non. Etiam lobortis \ntempus arcu. Proin molestie ex sit amet dolor fringilla, eu porta tellus\n bibendum. Maecenas massa sem, bibendum ut tempus eget, facilisis vitae \nvelit.&nbsp;</p>', 'PANTAI LAMA MUDA', 1, 14, '3.7963426,97.00683930000002', '2018-07-22 12:59:02', '2018-07-22 12:59:02'),
(43, 'Jalan Tgk. Abubakar, Pante Raja, Manggeng, Kabupaten Aceh Barat Daya, Aceh 23762, Indonesia', '<p>orem ipsum dolor sit amet, consectetur adipiscing elit. Suspendisse \nposuere eleifend ornare. Donec sed egestas nulla. Ut aliquet pharetra \nullamcorper. Orci varius natoque penatibus et magnis dis parturient \nmontes, nascetur ridiculus mus. Aenean interdum quis enim non aliquet. \nProin vitae ipsum ligula. Mauris eget consequat metus. Nulla vel leo nec\n erat elementum suscipit sed at sapien. Cras elementum ultricies orci in\n viverra. Phasellus lacinia tortor a leo ultrices elementum. Proin \neuismod lobortis magna, quis ultricies velit aliquet id. Nam eleifend \ntempus congue.\n</p><p>\nEtiam luctus lorem eget odio maximus volutpat. Class aptent taciti \nsociosqu ad litora torquent per conubia nostra, per inceptos himenaeos. \nNunc sodales risus felis, vel suscipit orci varius ut. Etiam fringilla \ndui et consequat tempus. Aliquam consequat in dui vitae auctor. \nVestibulum id sagittis leo. Donec tempus iaculis fermentum. Aliquam \nsagittis imperdiet metus, id varius sapien dictum sit amet. Phasellus \nsagittis quam quis quam ornare fermentum.\n</p><p>\nLorem ipsum dolor sit amet, consectetur adipiscing elit. Etiam elementum\n ornare sapien vitae facilisis. Donec dictum aliquet leo, at condimentum\n erat scelerisque at. Class aptent taciti sociosqu ad litora torquent \nper conubia nostra, per inceptos himenaeos. Nam ipsum lacus, vestibulum \nquis sollicitudin at, molestie at metus. Orci varius natoque penatibus \net magnis dis parturient montes, nascetur ridiculus mus. Praesent \nelementum vitae mi quis efficitur. Fusce in odio sit amet quam dignissim\n varius. Nam luctus venenatis consequat. Donec in tellus congue, \nvestibulum tellus eu, aliquet neque. Mauris commodo, odio id porttitor \nmolestie, purus metus imperdiet quam, molestie cursus ligula erat nec \nlectus. Phasellus pharetra eros et erat porta, ut sollicitudin leo \nsemper. Proin urna lorem, sollicitudin sed tincidunt consequat, euismod \nut felis. Fusce mattis ante ac quam tempus blandit. Quisque consectetur \nenim semper nisl pretium, a tempus leo semper.\n</p><p>\nMaecenas luctus turpis iaculis massa ultrices feugiat. Donec eu magna \nmattis, fringilla diam sed, semper tortor. Aliquam a justo eget ligula \neleifend laoreet eu quis libero. Vivamus vel mattis nisi. Nunc arcu \neros, fermentum sed ullamcorper in, iaculis sed orci. Nullam ultrices \nlaoreet maximus. Integer lacinia semper vestibulum. Nam tincidunt tellus\n justo, a rutrum enim finibus quis. Proin volutpat orci dui, vel \nscelerisque libero ultricies et.\n</p><p>\n\n\n\n</p><p>\nQuisque pharetra rhoncus felis nec ultricies. Nam feugiat aliquam diam \net vestibulum. Quisque convallis erat a vestibulum pulvinar. Quisque \nvehicula ultricies lectus, in imperdiet neque porta non. Etiam lobortis \ntempus arcu. Proin molestie ex sit amet dolor fringilla, eu porta tellus\n bibendum. Maecenas massa sem, bibendum ut tempus eget, facilisis vitae \nvelit.&nbsp;</p>', 'Madat Lhok Pawoh', 2, 14, '3.6206532,96.91554680000002', '2018-07-22 13:04:15', '2018-07-22 13:04:15'),
(44, 'Unnamed Road, Hutan Blangpidie, Blang Pidie, Kabupaten Aceh Barat Daya, Aceh 23764, Indonesia', '<p>orem ipsum dolor sit amet, consectetur adipiscing elit. Suspendisse \nposuere eleifend ornare. Donec sed egestas nulla. Ut aliquet pharetra \nullamcorper. Orci varius natoque penatibus et magnis dis parturient \nmontes, nascetur ridiculus mus. Aenean interdum quis enim non aliquet. \nProin vitae ipsum ligula. Mauris eget consequat metus. Nulla vel leo nec\n erat elementum suscipit sed at sapien. Cras elementum ultricies orci in\n viverra. Phasellus lacinia tortor a leo ultrices elementum. Proin \neuismod lobortis magna, quis ultricies velit aliquet id. Nam eleifend \ntempus congue.\n</p><p>\nEtiam luctus lorem eget odio maximus volutpat. Class aptent taciti \nsociosqu ad litora torquent per conubia nostra, per inceptos himenaeos. \nNunc sodales risus felis, vel suscipit orci varius ut. Etiam fringilla \ndui et consequat tempus. Aliquam consequat in dui vitae auctor. \nVestibulum id sagittis leo. Donec tempus iaculis fermentum. Aliquam \nsagittis imperdiet metus, id varius sapien dictum sit amet. Phasellus \nsagittis quam quis quam ornare fermentum.\n</p><p>\nLorem ipsum dolor sit amet, consectetur adipiscing elit. Etiam elementum\n ornare sapien vitae facilisis. Donec dictum aliquet leo, at condimentum\n erat scelerisque at. Class aptent taciti sociosqu ad litora torquent \nper conubia nostra, per inceptos himenaeos. Nam ipsum lacus, vestibulum \nquis sollicitudin at, molestie at metus. Orci varius natoque penatibus \net magnis dis parturient montes, nascetur ridiculus mus. Praesent \nelementum vitae mi quis efficitur. Fusce in odio sit amet quam dignissim\n varius. Nam luctus venenatis consequat. Donec in tellus congue, \nvestibulum tellus eu, aliquet neque. Mauris commodo, odio id porttitor \nmolestie, purus metus imperdiet quam, molestie cursus ligula erat nec \nlectus. Phasellus pharetra eros et erat porta, ut sollicitudin leo \nsemper. Proin urna lorem, sollicitudin sed tincidunt consequat, euismod \nut felis. Fusce mattis ante ac quam tempus blandit. Quisque consectetur \nenim semper nisl pretium, a tempus leo semper.\n</p><p>\nMaecenas luctus turpis iaculis massa ultrices feugiat. Donec eu magna \nmattis, fringilla diam sed, semper tortor. Aliquam a justo eget ligula \neleifend laoreet eu quis libero. Vivamus vel mattis nisi. Nunc arcu \neros, fermentum sed ullamcorper in, iaculis sed orci. Nullam ultrices \nlaoreet maximus. Integer lacinia semper vestibulum. Nam tincidunt tellus\n justo, a rutrum enim finibus quis. Proin volutpat orci dui, vel \nscelerisque libero ultricies et.\n</p><p>\n\n\n\n</p><p>\nQuisque pharetra rhoncus felis nec ultricies. Nam feugiat aliquam diam \net vestibulum. Quisque convallis erat a vestibulum pulvinar. Quisque \nvehicula ultricies lectus, in imperdiet neque porta non. Etiam lobortis \ntempus arcu. Proin molestie ex sit amet dolor fringilla, eu porta tellus\n bibendum. Maecenas massa sem, bibendum ut tempus eget, facilisis vitae \nvelit.&nbsp;</p>', 'pemandian alam kota malaka', 1, 14, '3.7963426,97.00683930000002', '2018-07-22 13:05:13', '2018-07-22 13:05:13'),
(45, 'Yos Sudarso, Johan Pahlawan, Kabupaten Aceh Barat, Aceh 23681, Indonesia,undefined', '<p>orem ipsum dolor sit amet, consectetur adipiscing elit. Suspendisse \nposuere eleifend ornare. Donec sed egestas nulla. Ut aliquet pharetra \nullamcorper. Orci varius natoque penatibus et magnis dis parturient \nmontes, nascetur ridiculus mus. Aenean interdum quis enim non aliquet. \nProin vitae ipsum ligula. Mauris eget consequat metus. Nulla vel leo nec\n erat elementum suscipit sed at sapien. Cras elementum ultricies orci in\n viverra. Phasellus lacinia tortor a leo ultrices elementum. Proin \neuismod lobortis magna, quis ultricies velit aliquet id. Nam eleifend \ntempus congue.\n</p><p>\nEtiam luctus lorem eget odio maximus volutpat. Class aptent taciti \nsociosqu ad litora torquent per conubia nostra, per inceptos himenaeos. \nNunc sodales risus felis, vel suscipit orci varius ut. Etiam fringilla \ndui et consequat tempus. Aliquam consequat in dui vitae auctor. \nVestibulum id sagittis leo. Donec tempus iaculis fermentum. Aliquam \nsagittis imperdiet metus, id varius sapien dictum sit amet. Phasellus \nsagittis quam quis quam ornare fermentum.\n</p><p>\nLorem ipsum dolor sit amet, consectetur adipiscing elit. Etiam elementum\n ornare sapien vitae facilisis. Donec dictum aliquet leo, at condimentum\n erat scelerisque at. Class aptent taciti sociosqu ad litora torquent \nper conubia nostra, per inceptos himenaeos. Nam ipsum lacus, vestibulum \nquis sollicitudin at, molestie at metus. Orci varius natoque penatibus \net magnis dis parturient montes, nascetur ridiculus mus. Praesent \nelementum vitae mi quis efficitur. Fusce in odio sit amet quam dignissim\n varius. Nam luctus venenatis consequat. Donec in tellus congue, \nvestibulum tellus eu, aliquet neque. Mauris commodo, odio id porttitor \nmolestie, purus metus imperdiet quam, molestie cursus ligula erat nec \nlectus. Phasellus pharetra eros et erat porta, ut sollicitudin leo \nsemper. Proin urna lorem, sollicitudin sed tincidunt consequat, euismod \nut felis. Fusce mattis ante ac quam tempus blandit. Quisque consectetur \nenim semper nisl pretium, a tempus leo semper.\n</p><p>\nMaecenas luctus turpis iaculis massa ultrices feugiat. Donec eu magna \nmattis, fringilla diam sed, semper tortor. Aliquam a justo eget ligula \neleifend laoreet eu quis libero. Vivamus vel mattis nisi. Nunc arcu \neros, fermentum sed ullamcorper in, iaculis sed orci. Nullam ultrices \nlaoreet maximus. Integer lacinia semper vestibulum. Nam tincidunt tellus\n justo, a rutrum enim finibus quis. Proin volutpat orci dui, vel \nscelerisque libero ultricies et.\n</p><p>\n\n\n\n</p><p>\nQuisque pharetra rhoncus felis nec ultricies. Nam feugiat aliquam diam \net vestibulum. Quisque convallis erat a vestibulum pulvinar. Quisque \nvehicula ultricies lectus, in imperdiet neque porta non. Etiam lobortis \ntempus arcu. Proin molestie ex sit amet dolor fringilla, eu porta tellus\n bibendum. Maecenas massa sem, bibendum ut tempus eget, facilisis vitae \nvelit.&nbsp;</p>', 'PANTAI UJUNG KARANG', 1, 7, '4.124597,96.12796079999998', '2018-07-22 13:06:53', '2018-07-22 13:06:53'),
(46, 'Jl. TM Pahlawan No.20, Ateuk Pahlawan, Baiturrahman, Kota Banda Aceh, Aceh 23127, Indonesia', '<p>orem ipsum dolor sit amet, consectetur adipiscing elit. Suspendisse \nposuere eleifend ornare. Donec sed egestas nulla. Ut aliquet pharetra \nullamcorper. Orci varius natoque penatibus et magnis dis parturient \nmontes, nascetur ridiculus mus. Aenean interdum quis enim non aliquet. \nProin vitae ipsum ligula. Mauris eget consequat metus. Nulla vel leo nec\n erat elementum suscipit sed at sapien. Cras elementum ultricies orci in\n viverra. Phasellus lacinia tortor a leo ultrices elementum. Proin \neuismod lobortis magna, quis ultricies velit aliquet id. Nam eleifend \ntempus congue.\n</p><p>\nEtiam luctus lorem eget odio maximus volutpat. Class aptent taciti \nsociosqu ad litora torquent per conubia nostra, per inceptos himenaeos. \nNunc sodales risus felis, vel suscipit orci varius ut. Etiam fringilla \ndui et consequat tempus. Aliquam consequat in dui vitae auctor. \nVestibulum id sagittis leo. Donec tempus iaculis fermentum. Aliquam \nsagittis imperdiet metus, id varius sapien dictum sit amet. Phasellus \nsagittis quam quis quam ornare fermentum.\n</p><p>\nLorem ipsum dolor sit amet, consectetur adipiscing elit. Etiam elementum\n ornare sapien vitae facilisis. Donec dictum aliquet leo, at condimentum\n erat scelerisque at. Class aptent taciti sociosqu ad litora torquent \nper conubia nostra, per inceptos himenaeos. Nam ipsum lacus, vestibulum \nquis sollicitudin at, molestie at metus. Orci varius natoque penatibus \net magnis dis parturient montes, nascetur ridiculus mus. Praesent \nelementum vitae mi quis efficitur. Fusce in odio sit amet quam dignissim\n varius. Nam luctus venenatis consequat. Donec in tellus congue, \nvestibulum tellus eu, aliquet neque. Mauris commodo, odio id porttitor \nmolestie, purus metus imperdiet quam, molestie cursus ligula erat nec \nlectus. Phasellus pharetra eros et erat porta, ut sollicitudin leo \nsemper. Proin urna lorem, sollicitudin sed tincidunt consequat, euismod \nut felis. Fusce mattis ante ac quam tempus blandit. Quisque consectetur \nenim semper nisl pretium, a tempus leo semper.\n</p><p>\nMaecenas luctus turpis iaculis massa ultrices feugiat. Donec eu magna \nmattis, fringilla diam sed, semper tortor. Aliquam a justo eget ligula \neleifend laoreet eu quis libero. Vivamus vel mattis nisi. Nunc arcu \neros, fermentum sed ullamcorper in, iaculis sed orci. Nullam ultrices \nlaoreet maximus. Integer lacinia semper vestibulum. Nam tincidunt tellus\n justo, a rutrum enim finibus quis. Proin volutpat orci dui, vel \nscelerisque libero ultricies et.\n</p><p>\n\n\n\n</p><p>\nQuisque pharetra rhoncus felis nec ultricies. Nam feugiat aliquam diam \net vestibulum. Quisque convallis erat a vestibulum pulvinar. Quisque \nvehicula ultricies lectus, in imperdiet neque porta non. Etiam lobortis \ntempus arcu. Proin molestie ex sit amet dolor fringilla, eu porta tellus\n bibendum. Maecenas massa sem, bibendum ut tempus eget, facilisis vitae \nvelit.&nbsp;</p>', 'PANTAI LHOK BUBON', 1, 7, '5.5482904,95.32375589999992', '2018-07-22 13:08:13', '2018-07-22 13:08:13'),
(47, 'Jl. Lintas Barat Sumatera, Lhok Aman, Meukek, Kabupaten Aceh Selatan, Aceh 23753, Indonesia', '<p>orem ipsum dolor sit amet, consectetur adipiscing elit. Suspendisse \nposuere eleifend ornare. Donec sed egestas nulla. Ut aliquet pharetra \nullamcorper. Orci varius natoque penatibus et magnis dis parturient \nmontes, nascetur ridiculus mus. Aenean interdum quis enim non aliquet. \nProin vitae ipsum ligula. Mauris eget consequat metus. Nulla vel leo nec\n erat elementum suscipit sed at sapien. Cras elementum ultricies orci in\n viverra. Phasellus lacinia tortor a leo ultrices elementum. Proin \neuismod lobortis magna, quis ultricies velit aliquet id. Nam eleifend \ntempus congue.\n</p><p>\nEtiam luctus lorem eget odio maximus volutpat. Class aptent taciti \nsociosqu ad litora torquent per conubia nostra, per inceptos himenaeos. \nNunc sodales risus felis, vel suscipit orci varius ut. Etiam fringilla \ndui et consequat tempus. Aliquam consequat in dui vitae auctor. \nVestibulum id sagittis leo. Donec tempus iaculis fermentum. Aliquam \nsagittis imperdiet metus, id varius sapien dictum sit amet. Phasellus \nsagittis quam quis quam ornare fermentum.\n</p><p>\nLorem ipsum dolor sit amet, consectetur adipiscing elit. Etiam elementum\n ornare sapien vitae facilisis. Donec dictum aliquet leo, at condimentum\n erat scelerisque at. Class aptent taciti sociosqu ad litora torquent \nper conubia nostra, per inceptos himenaeos. Nam ipsum lacus, vestibulum \nquis sollicitudin at, molestie at metus. Orci varius natoque penatibus \net magnis dis parturient montes, nascetur ridiculus mus. Praesent \nelementum vitae mi quis efficitur. Fusce in odio sit amet quam dignissim\n varius. Nam luctus venenatis consequat. Donec in tellus congue, \nvestibulum tellus eu, aliquet neque. Mauris commodo, odio id porttitor \nmolestie, purus metus imperdiet quam, molestie cursus ligula erat nec \nlectus. Phasellus pharetra eros et erat porta, ut sollicitudin leo \nsemper. Proin urna lorem, sollicitudin sed tincidunt consequat, euismod \nut felis. Fusce mattis ante ac quam tempus blandit. Quisque consectetur \nenim semper nisl pretium, a tempus leo semper.\n</p><p>\nMaecenas luctus turpis iaculis massa ultrices feugiat. Donec eu magna \nmattis, fringilla diam sed, semper tortor. Aliquam a justo eget ligula \neleifend laoreet eu quis libero. Vivamus vel mattis nisi. Nunc arcu \neros, fermentum sed ullamcorper in, iaculis sed orci. Nullam ultrices \nlaoreet maximus. Integer lacinia semper vestibulum. Nam tincidunt tellus\n justo, a rutrum enim finibus quis. Proin volutpat orci dui, vel \nscelerisque libero ultricies et.\n</p><p>\n\n\n\n</p><p>\nQuisque pharetra rhoncus felis nec ultricies. Nam feugiat aliquam diam \net vestibulum. Quisque convallis erat a vestibulum pulvinar. Quisque \nvehicula ultricies lectus, in imperdiet neque porta non. Etiam lobortis \ntempus arcu. Proin molestie ex sit amet dolor fringilla, eu porta tellus\n bibendum. Maecenas massa sem, bibendum ut tempus eget, facilisis vitae \nvelit.&nbsp;</p>', 'PANTAI SUAK RIBEE', 1, 7, '3.4271838,97.07199879999996', '2018-07-22 13:08:59', '2018-07-22 13:08:59');
INSERT INTO `wisatas` (`id`, `alamat_maps`, `deskripsi`, `judul`, `kategori`, `kota_aceh_id`, `latlng_maps`, `created_at`, `updated_at`) VALUES
(48, 'Jl. Geumpang - Tutut, Alue Kuyuen, Woyla Tim., Kabupaten Aceh Barat, Aceh 23681, Indonesia', '<p>orem ipsum dolor sit amet, consectetur adipiscing elit. Suspendisse \nposuere eleifend ornare. Donec sed egestas nulla. Ut aliquet pharetra \nullamcorper. Orci varius natoque penatibus et magnis dis parturient \nmontes, nascetur ridiculus mus. Aenean interdum quis enim non aliquet. \nProin vitae ipsum ligula. Mauris eget consequat metus. Nulla vel leo nec\n erat elementum suscipit sed at sapien. Cras elementum ultricies orci in\n viverra. Phasellus lacinia tortor a leo ultrices elementum. Proin \neuismod lobortis magna, quis ultricies velit aliquet id. Nam eleifend \ntempus congue.\n</p><p>\nEtiam luctus lorem eget odio maximus volutpat. Class aptent taciti \nsociosqu ad litora torquent per conubia nostra, per inceptos himenaeos. \nNunc sodales risus felis, vel suscipit orci varius ut. Etiam fringilla \ndui et consequat tempus. Aliquam consequat in dui vitae auctor. \nVestibulum id sagittis leo. Donec tempus iaculis fermentum. Aliquam \nsagittis imperdiet metus, id varius sapien dictum sit amet. Phasellus \nsagittis quam quis quam ornare fermentum.\n</p><p>\nLorem ipsum dolor sit amet, consectetur adipiscing elit. Etiam elementum\n ornare sapien vitae facilisis. Donec dictum aliquet leo, at condimentum\n erat scelerisque at. Class aptent taciti sociosqu ad litora torquent \nper conubia nostra, per inceptos himenaeos. Nam ipsum lacus, vestibulum \nquis sollicitudin at, molestie at metus. Orci varius natoque penatibus \net magnis dis parturient montes, nascetur ridiculus mus. Praesent \nelementum vitae mi quis efficitur. Fusce in odio sit amet quam dignissim\n varius. Nam luctus venenatis consequat. Donec in tellus congue, \nvestibulum tellus eu, aliquet neque. Mauris commodo, odio id porttitor \nmolestie, purus metus imperdiet quam, molestie cursus ligula erat nec \nlectus. Phasellus pharetra eros et erat porta, ut sollicitudin leo \nsemper. Proin urna lorem, sollicitudin sed tincidunt consequat, euismod \nut felis. Fusce mattis ante ac quam tempus blandit. Quisque consectetur \nenim semper nisl pretium, a tempus leo semper.\n</p><p>\nMaecenas luctus turpis iaculis massa ultrices feugiat. Donec eu magna \nmattis, fringilla diam sed, semper tortor. Aliquam a justo eget ligula \neleifend laoreet eu quis libero. Vivamus vel mattis nisi. Nunc arcu \neros, fermentum sed ullamcorper in, iaculis sed orci. Nullam ultrices \nlaoreet maximus. Integer lacinia semper vestibulum. Nam tincidunt tellus\n justo, a rutrum enim finibus quis. Proin volutpat orci dui, vel \nscelerisque libero ultricies et.\n</p><p>\n\n\n\n</p><p>\nQuisque pharetra rhoncus felis nec ultricies. Nam feugiat aliquam diam \net vestibulum. Quisque convallis erat a vestibulum pulvinar. Quisque \nvehicula ultricies lectus, in imperdiet neque porta non. Etiam lobortis \ntempus arcu. Proin molestie ex sit amet dolor fringilla, eu porta tellus\n bibendum. Maecenas massa sem, bibendum ut tempus eget, facilisis vitae \nvelit.&nbsp;</p>', 'GENANG PULONG', 1, 7, '4.454274499999999,96.15269850000004', '2018-07-22 13:10:00', '2018-07-22 13:10:00'),
(49, 'Jl. Bandara Sultan Iskandar Muda, Siron, Ingin Jaya, Kabupaten Aceh Besar, Aceh 24414, Indonesia', '<p>orem ipsum dolor sit amet, consectetur adipiscing elit. Suspendisse \nposuere eleifend ornare. Donec sed egestas nulla. Ut aliquet pharetra \nullamcorper. Orci varius natoque penatibus et magnis dis parturient \nmontes, nascetur ridiculus mus. Aenean interdum quis enim non aliquet. \nProin vitae ipsum ligula. Mauris eget consequat metus. Nulla vel leo nec\n erat elementum suscipit sed at sapien. Cras elementum ultricies orci in\n viverra. Phasellus lacinia tortor a leo ultrices elementum. Proin \neuismod lobortis magna, quis ultricies velit aliquet id. Nam eleifend \ntempus congue.\n</p><p>\nEtiam luctus lorem eget odio maximus volutpat. Class aptent taciti \nsociosqu ad litora torquent per conubia nostra, per inceptos himenaeos. \nNunc sodales risus felis, vel suscipit orci varius ut. Etiam fringilla \ndui et consequat tempus. Aliquam consequat in dui vitae auctor. \nVestibulum id sagittis leo. Donec tempus iaculis fermentum. Aliquam \nsagittis imperdiet metus, id varius sapien dictum sit amet. Phasellus \nsagittis quam quis quam ornare fermentum.\n</p><p>\nLorem ipsum dolor sit amet, consectetur adipiscing elit. Etiam elementum\n ornare sapien vitae facilisis. Donec dictum aliquet leo, at condimentum\n erat scelerisque at. Class aptent taciti sociosqu ad litora torquent \nper conubia nostra, per inceptos himenaeos. Nam ipsum lacus, vestibulum \nquis sollicitudin at, molestie at metus. Orci varius natoque penatibus \net magnis dis parturient montes, nascetur ridiculus mus. Praesent \nelementum vitae mi quis efficitur. Fusce in odio sit amet quam dignissim\n varius. Nam luctus venenatis consequat. Donec in tellus congue, \nvestibulum tellus eu, aliquet neque. Mauris commodo, odio id porttitor \nmolestie, purus metus imperdiet quam, molestie cursus ligula erat nec \nlectus. Phasellus pharetra eros et erat porta, ut sollicitudin leo \nsemper. Proin urna lorem, sollicitudin sed tincidunt consequat, euismod \nut felis. Fusce mattis ante ac quam tempus blandit. Quisque consectetur \nenim semper nisl pretium, a tempus leo semper.\n</p><p>\nMaecenas luctus turpis iaculis massa ultrices feugiat. Donec eu magna \nmattis, fringilla diam sed, semper tortor. Aliquam a justo eget ligula \neleifend laoreet eu quis libero. Vivamus vel mattis nisi. Nunc arcu \neros, fermentum sed ullamcorper in, iaculis sed orci. Nullam ultrices \nlaoreet maximus. Integer lacinia semper vestibulum. Nam tincidunt tellus\n justo, a rutrum enim finibus quis. Proin volutpat orci dui, vel \nscelerisque libero ultricies et.\n</p><p>\n\n\n\n</p><p>\nQuisque pharetra rhoncus felis nec ultricies. Nam feugiat aliquam diam \net vestibulum. Quisque convallis erat a vestibulum pulvinar. Quisque \nvehicula ultricies lectus, in imperdiet neque porta non. Etiam lobortis \ntempus arcu. Proin molestie ex sit amet dolor fringilla, eu porta tellus\n bibendum. Maecenas massa sem, bibendum ut tempus eget, facilisis vitae \nvelit.&nbsp;</p>', 'MAKAM TSUNAMI', 2, 7, '5.511032200000001,95.36582279999993', '2018-07-22 13:10:58', '2018-07-22 13:10:58'),
(50, 'Jl. TM Pahlawan No.20, Ateuk Pahlawan, Baiturrahman, Kota Banda Aceh, Aceh 23127, Indonesia', '<p>orem ipsum dolor sit amet, consectetur adipiscing elit. Suspendisse \nposuere eleifend ornare. Donec sed egestas nulla. Ut aliquet pharetra \nullamcorper. Orci varius natoque penatibus et magnis dis parturient \nmontes, nascetur ridiculus mus. Aenean interdum quis enim non aliquet. \nProin vitae ipsum ligula. Mauris eget consequat metus. Nulla vel leo nec\n erat elementum suscipit sed at sapien. Cras elementum ultricies orci in\n viverra. Phasellus lacinia tortor a leo ultrices elementum. Proin \neuismod lobortis magna, quis ultricies velit aliquet id. Nam eleifend \ntempus congue.\n</p><p>\nEtiam luctus lorem eget odio maximus volutpat. Class aptent taciti \nsociosqu ad litora torquent per conubia nostra, per inceptos himenaeos. \nNunc sodales risus felis, vel suscipit orci varius ut. Etiam fringilla \ndui et consequat tempus. Aliquam consequat in dui vitae auctor. \nVestibulum id sagittis leo. Donec tempus iaculis fermentum. Aliquam \nsagittis imperdiet metus, id varius sapien dictum sit amet. Phasellus \nsagittis quam quis quam ornare fermentum.\n</p><p>\nLorem ipsum dolor sit amet, consectetur adipiscing elit. Etiam elementum\n ornare sapien vitae facilisis. Donec dictum aliquet leo, at condimentum\n erat scelerisque at. Class aptent taciti sociosqu ad litora torquent \nper conubia nostra, per inceptos himenaeos. Nam ipsum lacus, vestibulum \nquis sollicitudin at, molestie at metus. Orci varius natoque penatibus \net magnis dis parturient montes, nascetur ridiculus mus. Praesent \nelementum vitae mi quis efficitur. Fusce in odio sit amet quam dignissim\n varius. Nam luctus venenatis consequat. Donec in tellus congue, \nvestibulum tellus eu, aliquet neque. Mauris commodo, odio id porttitor \nmolestie, purus metus imperdiet quam, molestie cursus ligula erat nec \nlectus. Phasellus pharetra eros et erat porta, ut sollicitudin leo \nsemper. Proin urna lorem, sollicitudin sed tincidunt consequat, euismod \nut felis. Fusce mattis ante ac quam tempus blandit. Quisque consectetur \nenim semper nisl pretium, a tempus leo semper.\n</p><p>\nMaecenas luctus turpis iaculis massa ultrices feugiat. Donec eu magna \nmattis, fringilla diam sed, semper tortor. Aliquam a justo eget ligula \neleifend laoreet eu quis libero. Vivamus vel mattis nisi. Nunc arcu \neros, fermentum sed ullamcorper in, iaculis sed orci. Nullam ultrices \nlaoreet maximus. Integer lacinia semper vestibulum. Nam tincidunt tellus\n justo, a rutrum enim finibus quis. Proin volutpat orci dui, vel \nscelerisque libero ultricies et.\n</p><p>\n\n\n\n</p><p>\nQuisque pharetra rhoncus felis nec ultricies. Nam feugiat aliquam diam \net vestibulum. Quisque convallis erat a vestibulum pulvinar. Quisque \nvehicula ultricies lectus, in imperdiet neque porta non. Etiam lobortis \ntempus arcu. Proin molestie ex sit amet dolor fringilla, eu porta tellus\n bibendum. Maecenas massa sem, bibendum ut tempus eget, facilisis vitae \nvelit.&nbsp;</p>', 'PANTAI CEMARA INDAH', 1, 7, '5.5482904,95.32375589999992', '2018-07-22 13:11:47', '2018-07-22 13:11:47'),
(51, 'Jl. Geumpang - Tutut, Alue Kuyuen, Woyla Tim., Kabupaten Aceh Barat, Aceh 23681, Indonesia', '<p>orem ipsum dolor sit amet, consectetur adipiscing elit. Suspendisse \nposuere eleifend ornare. Donec sed egestas nulla. Ut aliquet pharetra \nullamcorper. Orci varius natoque penatibus et magnis dis parturient \nmontes, nascetur ridiculus mus. Aenean interdum quis enim non aliquet. \nProin vitae ipsum ligula. Mauris eget consequat metus. Nulla vel leo nec\n erat elementum suscipit sed at sapien. Cras elementum ultricies orci in\n viverra. Phasellus lacinia tortor a leo ultrices elementum. Proin \neuismod lobortis magna, quis ultricies velit aliquet id. Nam eleifend \ntempus congue.\n</p><p>\nEtiam luctus lorem eget odio maximus volutpat. Class aptent taciti \nsociosqu ad litora torquent per conubia nostra, per inceptos himenaeos. \nNunc sodales risus felis, vel suscipit orci varius ut. Etiam fringilla \ndui et consequat tempus. Aliquam consequat in dui vitae auctor. \nVestibulum id sagittis leo. Donec tempus iaculis fermentum. Aliquam \nsagittis imperdiet metus, id varius sapien dictum sit amet. Phasellus \nsagittis quam quis quam ornare fermentum.\n</p><p>\nLorem ipsum dolor sit amet, consectetur adipiscing elit. Etiam elementum\n ornare sapien vitae facilisis. Donec dictum aliquet leo, at condimentum\n erat scelerisque at. Class aptent taciti sociosqu ad litora torquent \nper conubia nostra, per inceptos himenaeos. Nam ipsum lacus, vestibulum \nquis sollicitudin at, molestie at metus. Orci varius natoque penatibus \net magnis dis parturient montes, nascetur ridiculus mus. Praesent \nelementum vitae mi quis efficitur. Fusce in odio sit amet quam dignissim\n varius. Nam luctus venenatis consequat. Donec in tellus congue, \nvestibulum tellus eu, aliquet neque. Mauris commodo, odio id porttitor \nmolestie, purus metus imperdiet quam, molestie cursus ligula erat nec \nlectus. Phasellus pharetra eros et erat porta, ut sollicitudin leo \nsemper. Proin urna lorem, sollicitudin sed tincidunt consequat, euismod \nut felis. Fusce mattis ante ac quam tempus blandit. Quisque consectetur \nenim semper nisl pretium, a tempus leo semper.\n</p><p>\nMaecenas luctus turpis iaculis massa ultrices feugiat. Donec eu magna \nmattis, fringilla diam sed, semper tortor. Aliquam a justo eget ligula \neleifend laoreet eu quis libero. Vivamus vel mattis nisi. Nunc arcu \neros, fermentum sed ullamcorper in, iaculis sed orci. Nullam ultrices \nlaoreet maximus. Integer lacinia semper vestibulum. Nam tincidunt tellus\n justo, a rutrum enim finibus quis. Proin volutpat orci dui, vel \nscelerisque libero ultricies et.\n</p><p>\n\n\n\n</p><p>\nQuisque pharetra rhoncus felis nec ultricies. Nam feugiat aliquam diam \net vestibulum. Quisque convallis erat a vestibulum pulvinar. Quisque \nvehicula ultricies lectus, in imperdiet neque porta non. Etiam lobortis \ntempus arcu. Proin molestie ex sit amet dolor fringilla, eu porta tellus\n bibendum. Maecenas massa sem, bibendum ut tempus eget, facilisis vitae \nvelit.&nbsp;</p>', 'BENTENG WOYLA', 2, 7, '4.454274499999999,96.15269850000004', '2018-07-22 13:13:38', '2018-07-22 13:13:38'),
(52, 'Jl. TM Pahlawan No.20, Ateuk Pahlawan, Baiturrahman, Kota Banda Aceh, Aceh 23127, Indonesia', '<div class=\"content-body__description\" itemprop=\"description\">Pantan \nTerong adalah destinasi wisata di Aceh Tengah yang terdapat pada puncak \nbukit, tempat ini menawarkan pemandangan alam yang begitu mempesona \nberupa perbukitan, Kota Takengon, dan Danau Laut Tawar dari ketinggian.</div><p>\n</p><div class=\"content-title\">\n<h1 itemprop=\"headline\">Pantan Terong, Menatap Keindahan Aceh Tengah dari Puncak Bukit</h1><p>Aceh Tengah merupakan kabupaten yang sebagian besar daerahnya \ndidominasi dengan dataran tinggi. Tak heran jika kabupaten di Provinsi \nAceh ini memiliki begitu banyak tempat wisata alam dengan berbagai \npesona serta karakteristik berbeda. Pantan Terong adalah sedikit contoh \nwisata alam yang bisa ditemui didaerah ini, menawarkan pemandangan \nmenawan serta udara yang masih segar terbebas dari polusi.</p><p>\n</p><p>Pantan Terong merupakan <span class=\"redactor-unlink\"></span><a href=\"https://www.tempat.co.id/\">tempat wisata</a>\n yang terletak di puncak bukit. Dari sini pandangan wisatawan akan \ndimanjakan dengan keindahan alam sekitar berupa perbukitan hijau, danau,\n sawah serta perkebunan milik warga. Keindahan alam begitu terjaga, \nserta udara yang dingin dan sejuk seolah menjadikan tempat ini sempurna.&nbsp;</p><p>Secara geografis, bukit ini terletak pada Dataran Tinggi Gayo, \nKecamtan Bebesan, Kabupaten Aceh Tengah. Untuk menuju ke lokasi dari \nPantan Terong ini wisatawan bisa terlebih dahulu menuju ke Kota Takengon\n yang tak lain adalah ibukota dari Aceh Tengah. Dari Kota Takengon, \ntempat ini bisa ditempuh dengan perjalan sekitar 15 menit saja atau \ndengan jarak tempuh kurang lebih 8 kilometer.<br></p><p>Ketika hendak berkunjung ke Pantan Terong, wisatawan tak perlu \nkhawatir karena jalan yang menjadi akses menuju tempat wisata ini sudah \ndalam kondisi sangat baik. Meskipun demikian, wisatawan dihimbau agar \ntetap berhati-hati ketika berkendara karena jalan yang menanjak serta \ndipenuhi dengan tikungan curam. Pastikan kondisi kendaraan prima, serta \nkondisi tubuh siap untuk melakukan perjalanan.\n</p><h3>Pesona Pantan Terong</h3><p>Disepanjang jalan menuju Pantan Terong, wisatawan akan disambut \ndengan udara khas puncak yang dingin dan sangat sejuk. Pemandangan \ndikiri dan kanan jalan juga akan memanjakan mata wisatawan sehingga tak \nmerasa bosan dalam berkendara.\n</p><p>\n\n\n\n</p><p>Panorama alam berupa perbukitan hijau mendominasi disepanjang \nperjalanan. Wisatawan juga bisa melihat hutan pinus, perkebunan serta \nlembah-lembah yang indah saat menuju ke puncak. Di pinggir jalan, \nwisatawan akan banyak menjumpai warung-warung yang bisa digunakan untuk \nistirahat serta menikmati secangkir kopi gayo hangat untuk menghangatkan\n badan.&nbsp;</p><p><br></p><p>Setibanya dilokasi, wisatawan bisa dengan leluasa menikmati keindahan alam yang terpampang jelas dari puncak <a href=\"https://www.tempat.co.id/tag/bukit\">bukit</a>.\n Pantan Terong memang terletak di puncak dengan ketinggian mencapai \n1.830 meter diatas permukaan laut. Sehingga seluruh Kota Takengon bisa \nterlihat dari tempat wisata ini.<br></p><p>Pada tempat ini telah dibangun dua buah bangunan yang berbentuk \nseperti balkon raksasa untuk wisatawan yang ingin lebih dekat merasakan \nkeindahan alam. Balkon-balkon ini terbuat dari beton, dan dilengkapi \ndengan pagar pembatas sehingga cukup aman untuk wisatawan.\n</p><p>Kedua balkon ini berada ditempat yang berbeda, balkon utama lokasinya\n berada didekat pintu masuk sedangkan untuk balkon kedua wisatawan harus\n jalan menuruni anak tangga yang ada disebelah kiri balkon utama. \nPengunjung bisa memilih balkon mana saja untuk menikmati indahnya \npanorama Kota Takengon, keduanya menawarkan sensasi yang berbeda.\n</p><p>Saat berada dibalkon, wisatawan akan disuguhkan keindahan alam berupa\n barisan perbukitan yang nampak hijau, deretan pegunungan, serta Danau \nLaut Tawar pun bisa dinikmati dari tempat ini. Hembusan angin \nsepoi-sepoi pun bisa dirasakan menambah dinginnya suasana puncak. Tak \njarang pengunjung juga bisa melihat pesawat yang lepas landas, dan \nmendarat di Bandara Rembele.\n</p><p>Selain menawarkan pesona alam yang memukau Pantan Terong juga \nberpotensi sebagai tempat wisata yang bisa digunakan untuk berbagai \naktivitas minat khusus. Tempat ini bisa digunakan sebagai tempat bermain\n paralayang, atau juga gantole. Sayangnya, pengelolaan tempat wisata \nyang minim masih menjadi batu penghalang.\n</p><h3>Fasilitas Pantan Terong</h3><p>Fasilitas yang ada di Pantan Terong ini bisa dikatakan cukup memadai \nwalaupun belum lengkap. Terdapat toilet, tempat parkir yang cukup luas, \nserta mushola untuk beribadah. Selain itu ada pula rumah panggung yang \nbisa digunakan wisatawan untuk beristirahat.\n</p><p>\n\n\n\n\n\n\n</p><p>Pengunjung juga bisa menemukan tempat duduk yang terlihat seperti \ntribun disekitar lokasi wisata. Tak perlu takut kelaparan, terdapat \nwarung sederhana yang menjajakan makanan serta minuman. Wisatawan bisa \nmenikmati makanan seperti mie, kopi, atau secangkir teh hangat ditengah \ndaerah dataran tinggi yang dingin ini.&nbsp;</p><h1 itemprop=\"headline\">\n</h1></div>', 'PANTAN TERONG', 1, 6, '5.5482904,95.32375589999992', '2018-07-22 13:15:54', '2018-07-22 13:15:54'),
(53, 'Jl. Geumpang - Tutut, Alue Kuyuen, Woyla Tim., Kabupaten Aceh Barat, Aceh 23681, Indonesia', '<p>orem ipsum dolor sit amet, consectetur adipiscing elit. Suspendisse \nposuere eleifend ornare. Donec sed egestas nulla. Ut aliquet pharetra \nullamcorper. Orci varius natoque penatibus et magnis dis parturient \nmontes, nascetur ridiculus mus. Aenean interdum quis enim non aliquet. \nProin vitae ipsum ligula. Mauris eget consequat metus. Nulla vel leo nec\n erat elementum suscipit sed at sapien. Cras elementum ultricies orci in\n viverra. Phasellus lacinia tortor a leo ultrices elementum. Proin \neuismod lobortis magna, quis ultricies velit aliquet id. Nam eleifend \ntempus congue.\n</p><p>\nEtiam luctus lorem eget odio maximus volutpat. Class aptent taciti \nsociosqu ad litora torquent per conubia nostra, per inceptos himenaeos. \nNunc sodales risus felis, vel suscipit orci varius ut. Etiam fringilla \ndui et consequat tempus. Aliquam consequat in dui vitae auctor. \nVestibulum id sagittis leo. Donec tempus iaculis fermentum. Aliquam \nsagittis imperdiet metus, id varius sapien dictum sit amet. Phasellus \nsagittis quam quis quam ornare fermentum.\n</p><p>\nLorem ipsum dolor sit amet, consectetur adipiscing elit. Etiam elementum\n ornare sapien vitae facilisis. Donec dictum aliquet leo, at condimentum\n erat scelerisque at. Class aptent taciti sociosqu ad litora torquent \nper conubia nostra, per inceptos himenaeos. Nam ipsum lacus, vestibulum \nquis sollicitudin at, molestie at metus. Orci varius natoque penatibus \net magnis dis parturient montes, nascetur ridiculus mus. Praesent \nelementum vitae mi quis efficitur. Fusce in odio sit amet quam dignissim\n varius. Nam luctus venenatis consequat. Donec in tellus congue, \nvestibulum tellus eu, aliquet neque. Mauris commodo, odio id porttitor \nmolestie, purus metus imperdiet quam, molestie cursus ligula erat nec \nlectus. Phasellus pharetra eros et erat porta, ut sollicitudin leo \nsemper. Proin urna lorem, sollicitudin sed tincidunt consequat, euismod \nut felis. Fusce mattis ante ac quam tempus blandit. Quisque consectetur \nenim semper nisl pretium, a tempus leo semper.\n</p><p>\nMaecenas luctus turpis iaculis massa ultrices feugiat. Donec eu magna \nmattis, fringilla diam sed, semper tortor. Aliquam a justo eget ligula \neleifend laoreet eu quis libero. Vivamus vel mattis nisi. Nunc arcu \neros, fermentum sed ullamcorper in, iaculis sed orci. Nullam ultrices \nlaoreet maximus. Integer lacinia semper vestibulum. Nam tincidunt tellus\n justo, a rutrum enim finibus quis. Proin volutpat orci dui, vel \nscelerisque libero ultricies et.\n</p><p>\n\n\n\n</p><p>\nQuisque pharetra rhoncus felis nec ultricies. Nam feugiat aliquam diam \net vestibulum. Quisque convallis erat a vestibulum pulvinar. Quisque \nvehicula ultricies lectus, in imperdiet neque porta non. Etiam lobortis \ntempus arcu. Proin molestie ex sit amet dolor fringilla, eu porta tellus\n bibendum. Maecenas massa sem, bibendum ut tempus eget, facilisis vitae \nvelit.&nbsp;</p>', 'AIR TERJUN MANGAYA', 1, 7, '4.454274499999999,96.15269850000004', '2018-07-22 13:16:51', '2018-07-22 13:16:51'),
(54, 'Unnamed Road, Danau, Bintang, Kabupaten Aceh Tengah, Aceh 24582, Indonesia', '<p>orem ipsum dolor sit amet, consectetur adipiscing elit. Suspendisse \nposuere eleifend ornare. Donec sed egestas nulla. Ut aliquet pharetra \nullamcorper. Orci varius natoque penatibus et magnis dis parturient \nmontes, nascetur ridiculus mus. Aenean interdum quis enim non aliquet. \nProin vitae ipsum ligula. Mauris eget consequat metus. Nulla vel leo nec\n erat elementum suscipit sed at sapien. Cras elementum ultricies orci in\n viverra. Phasellus lacinia tortor a leo ultrices elementum. Proin \neuismod lobortis magna, quis ultricies velit aliquet id. Nam eleifend \ntempus congue.\n</p><p>\nEtiam luctus lorem eget odio maximus volutpat. Class aptent taciti \nsociosqu ad litora torquent per conubia nostra, per inceptos himenaeos. \nNunc sodales risus felis, vel suscipit orci varius ut. Etiam fringilla \ndui et consequat tempus. Aliquam consequat in dui vitae auctor. \nVestibulum id sagittis leo. Donec tempus iaculis fermentum. Aliquam \nsagittis imperdiet metus, id varius sapien dictum sit amet. Phasellus \nsagittis quam quis quam ornare fermentum.\n</p><p>\nLorem ipsum dolor sit amet, consectetur adipiscing elit. Etiam elementum\n ornare sapien vitae facilisis. Donec dictum aliquet leo, at condimentum\n erat scelerisque at. Class aptent taciti sociosqu ad litora torquent \nper conubia nostra, per inceptos himenaeos. Nam ipsum lacus, vestibulum \nquis sollicitudin at, molestie at metus. Orci varius natoque penatibus \net magnis dis parturient montes, nascetur ridiculus mus. Praesent \nelementum vitae mi quis efficitur. Fusce in odio sit amet quam dignissim\n varius. Nam luctus venenatis consequat. Donec in tellus congue, \nvestibulum tellus eu, aliquet neque. Mauris commodo, odio id porttitor \nmolestie, purus metus imperdiet quam, molestie cursus ligula erat nec \nlectus. Phasellus pharetra eros et erat porta, ut sollicitudin leo \nsemper. Proin urna lorem, sollicitudin sed tincidunt consequat, euismod \nut felis. Fusce mattis ante ac quam tempus blandit. Quisque consectetur \nenim semper nisl pretium, a tempus leo semper.\n</p><p>\nMaecenas luctus turpis iaculis massa ultrices feugiat. Donec eu magna \nmattis, fringilla diam sed, semper tortor. Aliquam a justo eget ligula \neleifend laoreet eu quis libero. Vivamus vel mattis nisi. Nunc arcu \neros, fermentum sed ullamcorper in, iaculis sed orci. Nullam ultrices \nlaoreet maximus. Integer lacinia semper vestibulum. Nam tincidunt tellus\n justo, a rutrum enim finibus quis. Proin volutpat orci dui, vel \nscelerisque libero ultricies et.\n</p><p>\n\n\n\n</p><p>\nQuisque pharetra rhoncus felis nec ultricies. Nam feugiat aliquam diam \net vestibulum. Quisque convallis erat a vestibulum pulvinar. Quisque \nvehicula ultricies lectus, in imperdiet neque porta non. Etiam lobortis \ntempus arcu. Proin molestie ex sit amet dolor fringilla, eu porta tellus\n bibendum. Maecenas massa sem, bibendum ut tempus eget, facilisis vitae \nvelit.&nbsp;</p>', 'PANTAI KETIBUNG', 1, 6, '4.6274121,96.95178120000003', '2018-07-22 13:17:43', '2018-07-22 13:17:43'),
(55, 'Jl. Takengon - Bintang, Lut Tawar, Kabupaten Aceh Tengah, Aceh 24519, Indonesia,undefined', '<p>orem ipsum dolor sit amet, consectetur adipiscing elit. Suspendisse \nposuere eleifend ornare. Donec sed egestas nulla. Ut aliquet pharetra \nullamcorper. Orci varius natoque penatibus et magnis dis parturient \nmontes, nascetur ridiculus mus. Aenean interdum quis enim non aliquet. \nProin vitae ipsum ligula. Mauris eget consequat metus. Nulla vel leo nec\n erat elementum suscipit sed at sapien. Cras elementum ultricies orci in\n viverra. Phasellus lacinia tortor a leo ultrices elementum. Proin \neuismod lobortis magna, quis ultricies velit aliquet id. Nam eleifend \ntempus congue.\n</p><p>\nEtiam luctus lorem eget odio maximus volutpat. Class aptent taciti \nsociosqu ad litora torquent per conubia nostra, per inceptos himenaeos. \nNunc sodales risus felis, vel suscipit orci varius ut. Etiam fringilla \ndui et consequat tempus. Aliquam consequat in dui vitae auctor. \nVestibulum id sagittis leo. Donec tempus iaculis fermentum. Aliquam \nsagittis imperdiet metus, id varius sapien dictum sit amet. Phasellus \nsagittis quam quis quam ornare fermentum.\n</p><p>\nLorem ipsum dolor sit amet, consectetur adipiscing elit. Etiam elementum\n ornare sapien vitae facilisis. Donec dictum aliquet leo, at condimentum\n erat scelerisque at. Class aptent taciti sociosqu ad litora torquent \nper conubia nostra, per inceptos himenaeos. Nam ipsum lacus, vestibulum \nquis sollicitudin at, molestie at metus. Orci varius natoque penatibus \net magnis dis parturient montes, nascetur ridiculus mus. Praesent \nelementum vitae mi quis efficitur. Fusce in odio sit amet quam dignissim\n varius. Nam luctus venenatis consequat. Donec in tellus congue, \nvestibulum tellus eu, aliquet neque. Mauris commodo, odio id porttitor \nmolestie, purus metus imperdiet quam, molestie cursus ligula erat nec \nlectus. Phasellus pharetra eros et erat porta, ut sollicitudin leo \nsemper. Proin urna lorem, sollicitudin sed tincidunt consequat, euismod \nut felis. Fusce mattis ante ac quam tempus blandit. Quisque consectetur \nenim semper nisl pretium, a tempus leo semper.\n</p><p>\nMaecenas luctus turpis iaculis massa ultrices feugiat. Donec eu magna \nmattis, fringilla diam sed, semper tortor. Aliquam a justo eget ligula \neleifend laoreet eu quis libero. Vivamus vel mattis nisi. Nunc arcu \neros, fermentum sed ullamcorper in, iaculis sed orci. Nullam ultrices \nlaoreet maximus. Integer lacinia semper vestibulum. Nam tincidunt tellus\n justo, a rutrum enim finibus quis. Proin volutpat orci dui, vel \nscelerisque libero ultricies et.\n</p><p>\n\n\n\n</p><p>\nQuisque pharetra rhoncus felis nec ultricies. Nam feugiat aliquam diam \net vestibulum. Quisque convallis erat a vestibulum pulvinar. Quisque \nvehicula ultricies lectus, in imperdiet neque porta non. Etiam lobortis \ntempus arcu. Proin molestie ex sit amet dolor fringilla, eu porta tellus\n bibendum. Maecenas massa sem, bibendum ut tempus eget, facilisis vitae \nvelit.&nbsp;</p>', 'GUA LOYANG KORO', 2, 7, '4.6057467,96.88398800000004', '2018-07-22 13:18:46', '2018-07-22 13:18:46'),
(56, 'Jl. Sara Rasa, Takengon Tim., Lut Tawar, Kabupaten Aceh Tengah, Aceh 24519, Indonesia', '<p>orem ipsum dolor sit amet, consectetur adipiscing elit. Suspendisse \nposuere eleifend ornare. Donec sed egestas nulla. Ut aliquet pharetra \nullamcorper. Orci varius natoque penatibus et magnis dis parturient \nmontes, nascetur ridiculus mus. Aenean interdum quis enim non aliquet. \nProin vitae ipsum ligula. Mauris eget consequat metus. Nulla vel leo nec\n erat elementum suscipit sed at sapien. Cras elementum ultricies orci in\n viverra. Phasellus lacinia tortor a leo ultrices elementum. Proin \neuismod lobortis magna, quis ultricies velit aliquet id. Nam eleifend \ntempus congue.\n</p><p>\nEtiam luctus lorem eget odio maximus volutpat. Class aptent taciti \nsociosqu ad litora torquent per conubia nostra, per inceptos himenaeos. \nNunc sodales risus felis, vel suscipit orci varius ut. Etiam fringilla \ndui et consequat tempus. Aliquam consequat in dui vitae auctor. \nVestibulum id sagittis leo. Donec tempus iaculis fermentum. Aliquam \nsagittis imperdiet metus, id varius sapien dictum sit amet. Phasellus \nsagittis quam quis quam ornare fermentum.\n</p><p>\nLorem ipsum dolor sit amet, consectetur adipiscing elit. Etiam elementum\n ornare sapien vitae facilisis. Donec dictum aliquet leo, at condimentum\n erat scelerisque at. Class aptent taciti sociosqu ad litora torquent \nper conubia nostra, per inceptos himenaeos. Nam ipsum lacus, vestibulum \nquis sollicitudin at, molestie at metus. Orci varius natoque penatibus \net magnis dis parturient montes, nascetur ridiculus mus. Praesent \nelementum vitae mi quis efficitur. Fusce in odio sit amet quam dignissim\n varius. Nam luctus venenatis consequat. Donec in tellus congue, \nvestibulum tellus eu, aliquet neque. Mauris commodo, odio id porttitor \nmolestie, purus metus imperdiet quam, molestie cursus ligula erat nec \nlectus. Phasellus pharetra eros et erat porta, ut sollicitudin leo \nsemper. Proin urna lorem, sollicitudin sed tincidunt consequat, euismod \nut felis. Fusce mattis ante ac quam tempus blandit. Quisque consectetur \nenim semper nisl pretium, a tempus leo semper.\n</p><p>\nMaecenas luctus turpis iaculis massa ultrices feugiat. Donec eu magna \nmattis, fringilla diam sed, semper tortor. Aliquam a justo eget ligula \neleifend laoreet eu quis libero. Vivamus vel mattis nisi. Nunc arcu \neros, fermentum sed ullamcorper in, iaculis sed orci. Nullam ultrices \nlaoreet maximus. Integer lacinia semper vestibulum. Nam tincidunt tellus\n justo, a rutrum enim finibus quis. Proin volutpat orci dui, vel \nscelerisque libero ultricies et.\n</p><p>\n\n\n\n</p><p>\nQuisque pharetra rhoncus felis nec ultricies. Nam feugiat aliquam diam \net vestibulum. Quisque convallis erat a vestibulum pulvinar. Quisque \nvehicula ultricies lectus, in imperdiet neque porta non. Etiam lobortis \ntempus arcu. Proin molestie ex sit amet dolor fringilla, eu porta tellus\n bibendum. Maecenas massa sem, bibendum ut tempus eget, facilisis vitae \nvelit.&nbsp;</p>', 'DERMAGA LUKUP PENALAM', 2, 7, '4.6240488,96.85783249999997', '2018-07-22 13:19:44', '2018-07-22 13:19:44'),
(57, 'Unnamed Road, Mandeh, Koto XI Tarusan, Kabupaten Pesisir Selatan, Sumatera Barat 25654, Indonesia', '<p>orem ipsum dolor sit amet, consectetur adipiscing elit. Suspendisse \nposuere eleifend ornare. Donec sed egestas nulla. Ut aliquet pharetra \nullamcorper. Orci varius natoque penatibus et magnis dis parturient \nmontes, nascetur ridiculus mus. Aenean interdum quis enim non aliquet. \nProin vitae ipsum ligula. Mauris eget consequat metus. Nulla vel leo nec\n erat elementum suscipit sed at sapien. Cras elementum ultricies orci in\n viverra. Phasellus lacinia tortor a leo ultrices elementum. Proin \neuismod lobortis magna, quis ultricies velit aliquet id. Nam eleifend \ntempus congue.\n</p><p>\nEtiam luctus lorem eget odio maximus volutpat. Class aptent taciti \nsociosqu ad litora torquent per conubia nostra, per inceptos himenaeos. \nNunc sodales risus felis, vel suscipit orci varius ut. Etiam fringilla \ndui et consequat tempus. Aliquam consequat in dui vitae auctor. \nVestibulum id sagittis leo. Donec tempus iaculis fermentum. Aliquam \nsagittis imperdiet metus, id varius sapien dictum sit amet. Phasellus \nsagittis quam quis quam ornare fermentum.\n</p><p>\nLorem ipsum dolor sit amet, consectetur adipiscing elit. Etiam elementum\n ornare sapien vitae facilisis. Donec dictum aliquet leo, at condimentum\n erat scelerisque at. Class aptent taciti sociosqu ad litora torquent \nper conubia nostra, per inceptos himenaeos. Nam ipsum lacus, vestibulum \nquis sollicitudin at, molestie at metus. Orci varius natoque penatibus \net magnis dis parturient montes, nascetur ridiculus mus. Praesent \nelementum vitae mi quis efficitur. Fusce in odio sit amet quam dignissim\n varius. Nam luctus venenatis consequat. Donec in tellus congue, \nvestibulum tellus eu, aliquet neque. Mauris commodo, odio id porttitor \nmolestie, purus metus imperdiet quam, molestie cursus ligula erat nec \nlectus. Phasellus pharetra eros et erat porta, ut sollicitudin leo \nsemper. Proin urna lorem, sollicitudin sed tincidunt consequat, euismod \nut felis. Fusce mattis ante ac quam tempus blandit. Quisque consectetur \nenim semper nisl pretium, a tempus leo semper.\n</p><p>\nMaecenas luctus turpis iaculis massa ultrices feugiat. Donec eu magna \nmattis, fringilla diam sed, semper tortor. Aliquam a justo eget ligula \neleifend laoreet eu quis libero. Vivamus vel mattis nisi. Nunc arcu \neros, fermentum sed ullamcorper in, iaculis sed orci. Nullam ultrices \nlaoreet maximus. Integer lacinia semper vestibulum. Nam tincidunt tellus\n justo, a rutrum enim finibus quis. Proin volutpat orci dui, vel \nscelerisque libero ultricies et.\n</p><p>\n\n\n\n</p><p>\nQuisque pharetra rhoncus felis nec ultricies. Nam feugiat aliquam diam \net vestibulum. Quisque convallis erat a vestibulum pulvinar. Quisque \nvehicula ultricies lectus, in imperdiet neque porta non. Etiam lobortis \ntempus arcu. Proin molestie ex sit amet dolor fringilla, eu porta tellus\n bibendum. Maecenas massa sem, bibendum ut tempus eget, facilisis vitae \nvelit.&nbsp;</p>', 'DERMAGA WISATA TOWEREN', 2, 6, '-1.1873247,100.44527560000006', '2018-07-22 13:20:35', '2018-07-22 13:20:35'),
(58, 'Unnamed Road, Tanoh Abu, Atu Lintang, Kabupaten Aceh Tengah, Aceh 24563, Indonesia', '<p>orem ipsum dolor sit amet, consectetur adipiscing elit. Suspendisse \nposuere eleifend ornare. Donec sed egestas nulla. Ut aliquet pharetra \nullamcorper. Orci varius natoque penatibus et magnis dis parturient \nmontes, nascetur ridiculus mus. Aenean interdum quis enim non aliquet. \nProin vitae ipsum ligula. Mauris eget consequat metus. Nulla vel leo nec\n erat elementum suscipit sed at sapien. Cras elementum ultricies orci in\n viverra. Phasellus lacinia tortor a leo ultrices elementum. Proin \neuismod lobortis magna, quis ultricies velit aliquet id. Nam eleifend \ntempus congue.\n</p><p>\nEtiam luctus lorem eget odio maximus volutpat. Class aptent taciti \nsociosqu ad litora torquent per conubia nostra, per inceptos himenaeos. \nNunc sodales risus felis, vel suscipit orci varius ut. Etiam fringilla \ndui et consequat tempus. Aliquam consequat in dui vitae auctor. \nVestibulum id sagittis leo. Donec tempus iaculis fermentum. Aliquam \nsagittis imperdiet metus, id varius sapien dictum sit amet. Phasellus \nsagittis quam quis quam ornare fermentum.\n</p><p>\nLorem ipsum dolor sit amet, consectetur adipiscing elit. Etiam elementum\n ornare sapien vitae facilisis. Donec dictum aliquet leo, at condimentum\n erat scelerisque at. Class aptent taciti sociosqu ad litora torquent \nper conubia nostra, per inceptos himenaeos. Nam ipsum lacus, vestibulum \nquis sollicitudin at, molestie at metus. Orci varius natoque penatibus \net magnis dis parturient montes, nascetur ridiculus mus. Praesent \nelementum vitae mi quis efficitur. Fusce in odio sit amet quam dignissim\n varius. Nam luctus venenatis consequat. Donec in tellus congue, \nvestibulum tellus eu, aliquet neque. Mauris commodo, odio id porttitor \nmolestie, purus metus imperdiet quam, molestie cursus ligula erat nec \nlectus. Phasellus pharetra eros et erat porta, ut sollicitudin leo \nsemper. Proin urna lorem, sollicitudin sed tincidunt consequat, euismod \nut felis. Fusce mattis ante ac quam tempus blandit. Quisque consectetur \nenim semper nisl pretium, a tempus leo semper.\n</p><p>\nMaecenas luctus turpis iaculis massa ultrices feugiat. Donec eu magna \nmattis, fringilla diam sed, semper tortor. Aliquam a justo eget ligula \neleifend laoreet eu quis libero. Vivamus vel mattis nisi. Nunc arcu \neros, fermentum sed ullamcorper in, iaculis sed orci. Nullam ultrices \nlaoreet maximus. Integer lacinia semper vestibulum. Nam tincidunt tellus\n justo, a rutrum enim finibus quis. Proin volutpat orci dui, vel \nscelerisque libero ultricies et.\n</p><p>\n\n\n\n</p><p>\nQuisque pharetra rhoncus felis nec ultricies. Nam feugiat aliquam diam \net vestibulum. Quisque convallis erat a vestibulum pulvinar. Quisque \nvehicula ultricies lectus, in imperdiet neque porta non. Etiam lobortis \ntempus arcu. Proin molestie ex sit amet dolor fringilla, eu porta tellus\n bibendum. Maecenas massa sem, bibendum ut tempus eget, facilisis vitae \nvelit.&nbsp;</p>', 'PANTAI PUKES', 1, 6, '4.448264099999999,96.83509989999993', '2018-07-22 13:21:37', '2018-07-22 13:21:37'),
(59, 'Unnamed Road, Bintang, Kabupaten Aceh Tengah, Aceh, Indonesia,undefined', '<p>orem ipsum dolor sit amet, consectetur adipiscing elit. Suspendisse \nposuere eleifend ornare. Donec sed egestas nulla. Ut aliquet pharetra \nullamcorper. Orci varius natoque penatibus et magnis dis parturient \nmontes, nascetur ridiculus mus. Aenean interdum quis enim non aliquet. \nProin vitae ipsum ligula. Mauris eget consequat metus. Nulla vel leo nec\n erat elementum suscipit sed at sapien. Cras elementum ultricies orci in\n viverra. Phasellus lacinia tortor a leo ultrices elementum. Proin \neuismod lobortis magna, quis ultricies velit aliquet id. Nam eleifend \ntempus congue.\n</p><p>\nEtiam luctus lorem eget odio maximus volutpat. Class aptent taciti \nsociosqu ad litora torquent per conubia nostra, per inceptos himenaeos. \nNunc sodales risus felis, vel suscipit orci varius ut. Etiam fringilla \ndui et consequat tempus. Aliquam consequat in dui vitae auctor. \nVestibulum id sagittis leo. Donec tempus iaculis fermentum. Aliquam \nsagittis imperdiet metus, id varius sapien dictum sit amet. Phasellus \nsagittis quam quis quam ornare fermentum.\n</p><p>\nLorem ipsum dolor sit amet, consectetur adipiscing elit. Etiam elementum\n ornare sapien vitae facilisis. Donec dictum aliquet leo, at condimentum\n erat scelerisque at. Class aptent taciti sociosqu ad litora torquent \nper conubia nostra, per inceptos himenaeos. Nam ipsum lacus, vestibulum \nquis sollicitudin at, molestie at metus. Orci varius natoque penatibus \net magnis dis parturient montes, nascetur ridiculus mus. Praesent \nelementum vitae mi quis efficitur. Fusce in odio sit amet quam dignissim\n varius. Nam luctus venenatis consequat. Donec in tellus congue, \nvestibulum tellus eu, aliquet neque. Mauris commodo, odio id porttitor \nmolestie, purus metus imperdiet quam, molestie cursus ligula erat nec \nlectus. Phasellus pharetra eros et erat porta, ut sollicitudin leo \nsemper. Proin urna lorem, sollicitudin sed tincidunt consequat, euismod \nut felis. Fusce mattis ante ac quam tempus blandit. Quisque consectetur \nenim semper nisl pretium, a tempus leo semper.\n</p><p>\nMaecenas luctus turpis iaculis massa ultrices feugiat. Donec eu magna \nmattis, fringilla diam sed, semper tortor. Aliquam a justo eget ligula \neleifend laoreet eu quis libero. Vivamus vel mattis nisi. Nunc arcu \neros, fermentum sed ullamcorper in, iaculis sed orci. Nullam ultrices \nlaoreet maximus. Integer lacinia semper vestibulum. Nam tincidunt tellus\n justo, a rutrum enim finibus quis. Proin volutpat orci dui, vel \nscelerisque libero ultricies et.\n</p><p>\n\n\n\n</p><p>\nQuisque pharetra rhoncus felis nec ultricies. Nam feugiat aliquam diam \net vestibulum. Quisque convallis erat a vestibulum pulvinar. Quisque \nvehicula ultricies lectus, in imperdiet neque porta non. Etiam lobortis \ntempus arcu. Proin molestie ex sit amet dolor fringilla, eu porta tellus\n bibendum. Maecenas massa sem, bibendum ut tempus eget, facilisis vitae \nvelit.&nbsp;</p>', 'PANTE MENYE', 1, 6, '4.592276399999998,96.996712', '2018-07-22 13:26:15', '2018-07-22 13:26:15'),
(60, 'Unnamed Road, Weh Porak, Pintu Rime Gayo, Kabupaten Bener Meriah, Aceh 24571, Indonesia', '<p>orem ipsum dolor sit amet, consectetur adipiscing elit. Suspendisse \nposuere eleifend ornare. Donec sed egestas nulla. Ut aliquet pharetra \nullamcorper. Orci varius natoque penatibus et magnis dis parturient \nmontes, nascetur ridiculus mus. Aenean interdum quis enim non aliquet. \nProin vitae ipsum ligula. Mauris eget consequat metus. Nulla vel leo nec\n erat elementum suscipit sed at sapien. Cras elementum ultricies orci in\n viverra. Phasellus lacinia tortor a leo ultrices elementum. Proin \neuismod lobortis magna, quis ultricies velit aliquet id. Nam eleifend \ntempus congue.\n</p><p>\nEtiam luctus lorem eget odio maximus volutpat. Class aptent taciti \nsociosqu ad litora torquent per conubia nostra, per inceptos himenaeos. \nNunc sodales risus felis, vel suscipit orci varius ut. Etiam fringilla \ndui et consequat tempus. Aliquam consequat in dui vitae auctor. \nVestibulum id sagittis leo. Donec tempus iaculis fermentum. Aliquam \nsagittis imperdiet metus, id varius sapien dictum sit amet. Phasellus \nsagittis quam quis quam ornare fermentum.\n</p><p>\nLorem ipsum dolor sit amet, consectetur adipiscing elit. Etiam elementum\n ornare sapien vitae facilisis. Donec dictum aliquet leo, at condimentum\n erat scelerisque at. Class aptent taciti sociosqu ad litora torquent \nper conubia nostra, per inceptos himenaeos. Nam ipsum lacus, vestibulum \nquis sollicitudin at, molestie at metus. Orci varius natoque penatibus \net magnis dis parturient montes, nascetur ridiculus mus. Praesent \nelementum vitae mi quis efficitur. Fusce in odio sit amet quam dignissim\n varius. Nam luctus venenatis consequat. Donec in tellus congue, \nvestibulum tellus eu, aliquet neque. Mauris commodo, odio id porttitor \nmolestie, purus metus imperdiet quam, molestie cursus ligula erat nec \nlectus. Phasellus pharetra eros et erat porta, ut sollicitudin leo \nsemper. Proin urna lorem, sollicitudin sed tincidunt consequat, euismod \nut felis. Fusce mattis ante ac quam tempus blandit. Quisque consectetur \nenim semper nisl pretium, a tempus leo semper.\n</p><p>\nMaecenas luctus turpis iaculis massa ultrices feugiat. Donec eu magna \nmattis, fringilla diam sed, semper tortor. Aliquam a justo eget ligula \neleifend laoreet eu quis libero. Vivamus vel mattis nisi. Nunc arcu \neros, fermentum sed ullamcorper in, iaculis sed orci. Nullam ultrices \nlaoreet maximus. Integer lacinia semper vestibulum. Nam tincidunt tellus\n justo, a rutrum enim finibus quis. Proin volutpat orci dui, vel \nscelerisque libero ultricies et.\n</p><p>\n\n\n\n</p><p>\nQuisque pharetra rhoncus felis nec ultricies. Nam feugiat aliquam diam \net vestibulum. Quisque convallis erat a vestibulum pulvinar. Quisque \nvehicula ultricies lectus, in imperdiet neque porta non. Etiam lobortis \ntempus arcu. Proin molestie ex sit amet dolor fringilla, eu porta tellus\n bibendum. Maecenas massa sem, bibendum ut tempus eget, facilisis vitae \nvelit.&nbsp;</p>', 'WEH PORAK SILIH NARA', 1, 6, '4.867301699999999,96.7734911', '2018-07-22 13:27:18', '2018-07-22 13:27:18'),
(61, 'Unnamed Road, Kabupaten Aceh Tengah, Aceh 24519, Indonesia,undefined,undefined', '<p>orem ipsum dolor sit amet, consectetur adipiscing elit. Suspendisse \nposuere eleifend ornare. Donec sed egestas nulla. Ut aliquet pharetra \nullamcorper. Orci varius natoque penatibus et magnis dis parturient \nmontes, nascetur ridiculus mus. Aenean interdum quis enim non aliquet. \nProin vitae ipsum ligula. Mauris eget consequat metus. Nulla vel leo nec\n erat elementum suscipit sed at sapien. Cras elementum ultricies orci in\n viverra. Phasellus lacinia tortor a leo ultrices elementum. Proin \neuismod lobortis magna, quis ultricies velit aliquet id. Nam eleifend \ntempus congue.\n</p><p>\nEtiam luctus lorem eget odio maximus volutpat. Class aptent taciti \nsociosqu ad litora torquent per conubia nostra, per inceptos himenaeos. \nNunc sodales risus felis, vel suscipit orci varius ut. Etiam fringilla \ndui et consequat tempus. Aliquam consequat in dui vitae auctor. \nVestibulum id sagittis leo. Donec tempus iaculis fermentum. Aliquam \nsagittis imperdiet metus, id varius sapien dictum sit amet. Phasellus \nsagittis quam quis quam ornare fermentum.\n</p><p>\nLorem ipsum dolor sit amet, consectetur adipiscing elit. Etiam elementum\n ornare sapien vitae facilisis. Donec dictum aliquet leo, at condimentum\n erat scelerisque at. Class aptent taciti sociosqu ad litora torquent \nper conubia nostra, per inceptos himenaeos. Nam ipsum lacus, vestibulum \nquis sollicitudin at, molestie at metus. Orci varius natoque penatibus \net magnis dis parturient montes, nascetur ridiculus mus. Praesent \nelementum vitae mi quis efficitur. Fusce in odio sit amet quam dignissim\n varius. Nam luctus venenatis consequat. Donec in tellus congue, \nvestibulum tellus eu, aliquet neque. Mauris commodo, odio id porttitor \nmolestie, purus metus imperdiet quam, molestie cursus ligula erat nec \nlectus. Phasellus pharetra eros et erat porta, ut sollicitudin leo \nsemper. Proin urna lorem, sollicitudin sed tincidunt consequat, euismod \nut felis. Fusce mattis ante ac quam tempus blandit. Quisque consectetur \nenim semper nisl pretium, a tempus leo semper.\n</p><p>\nMaecenas luctus turpis iaculis massa ultrices feugiat. Donec eu magna \nmattis, fringilla diam sed, semper tortor. Aliquam a justo eget ligula \neleifend laoreet eu quis libero. Vivamus vel mattis nisi. Nunc arcu \neros, fermentum sed ullamcorper in, iaculis sed orci. Nullam ultrices \nlaoreet maximus. Integer lacinia semper vestibulum. Nam tincidunt tellus\n justo, a rutrum enim finibus quis. Proin volutpat orci dui, vel \nscelerisque libero ultricies et.\n</p><p>\n\n\n\n</p><p>\nQuisque pharetra rhoncus felis nec ultricies. Nam feugiat aliquam diam \net vestibulum. Quisque convallis erat a vestibulum pulvinar. Quisque \nvehicula ultricies lectus, in imperdiet neque porta non. Etiam lobortis \ntempus arcu. Proin molestie ex sit amet dolor fringilla, eu porta tellus\n bibendum. Maecenas massa sem, bibendum ut tempus eget, facilisis vitae \nvelit.&nbsp;</p>', 'DESA WISATA KELITU', 2, 6, '4.639261299999999,96.95043779999992', '2018-07-22 13:28:30', '2018-07-22 13:28:30'),
(62, 'Jl. Lintas Barat Sumatera, Batee Tunggai, Sama Dua, Kabupaten Aceh Selatan, Aceh 23752, Indonesia', '<p><span style=\"font-size: 15.4px;\">air terjun Air Dingin masih terbilang menjadi air terjun dengan ketinggian paling rendah dibandingkan air terjun Tingkat Tujuh yang juga terletak di Aceh Selatan. Namun karena akses menuju ke objek wisata ini sangat mudah ditempuh oleh masyarakat Aceh Selatan, menjadikan Air Dingin sebagai destinasi pilihan seluruh kalangan masyarakat, tidak hanya bagi kaum traveler semata. Bahkan masyarakat dari kecamatan-kecamatan di daerah Aceh Barat Daya, seperti yang berasal dari Manggeng, Labuhan Haji hingga Blang Pidie juga banyak yang berkunjung ke Air Dingin. Jarak yang mereka tempuh hanya sekitar 1 atau 2 jam perjalanan dan jalan yang mereka lalui hanya satu arah.</span><br></p>', 'Air terjun air dingin', 1, 3, '3.3465265,97.12591909999992', '2018-07-25 13:41:59', '2018-07-25 13:41:59'),
(63, 'Unnamed Road, Hulu Kuantan, Kabupaten Kuantan Singingi, Riau 29565, Indonesia,undefined', '<p><span style=\"font-size: 15.4px;\">Air Terjun Tujuh Tingkat yang berada di Aceh Selatan. Wujudnya yang unik sekaligus cantik, membuat air terjun ini begitu menarik perhatian wisatawan. Dari namanya, pasti sudah dapat ditebak mengapa diberi nama \'tujuh tingkat\'. Ya, karena memang air terjun ini memiliki 7 tingkat dengan ketinggian masing-masing.&nbsp;</span></p><p><span style=\"font-size: 15.4px;\"><br></span></p><p><span style=\"font-size: 15.4px;\">Tempat wisata ini patut dikunjungi karena pemandangannya sangat indah, dengan peohonan rindang dan udara sejuk. Cocok sekali untuk rekreasi di masa libur panjang seperti sekarang ini.</span></p><p><span style=\"font-size: 15.4px;\"><br></span></p><p><span style=\"font-size: 15.4px;\">Air Terjun Tujuh Tingkat ini berlokasi di wilayah Kecamatan Tapaktuan, Kabupaten Aceh Selatan. Butuh waktu 8 jam perjalanan darat dari Kota Banda Aceh. Sementara dari Kota Tapaktuan, jarak tempuhnya cukup dekat. Hanya sekitar 10 menit saja menggunakan kendaraan bermotor.</span></p><p><span style=\"font-size: 15.4px;\"><br></span></p><p><span style=\"font-size: 15.4px;\">Untuk bisa sampai ke air terjun tingkat pertama, Anda harus berjalan kaki mendaki kurang lebih sekitar 1-2 km dari jalan utama, yakni Jalan Medan, Tapaktuan. Obyek wisata ini memiliki tempat parkir dan para pengunjung bisa membawa motor maupun mobil untuk sampai ke parkiran menuju air terjun tingkat pertama.</span></p><p><span style=\"font-size: 15.4px;\"><br></span></p><p><span style=\"font-size: 15.4px;\">Sesuai dengan namanya, Air Terjun Tujuh Tingkat terdiri dari 7 tingkatan. Tingkat pertama, dua, tiga, empat sampai tujuh terpisah satu sama lain. Tingkat satu hingga empat terletak bersisian, sementara untuk tingkatan selanjutnya Anda hsrus mendaki lagi dengan menelusuri aliran sungai.</span></p>', 'Air Terjun tujuh tingkat', 1, 3, '-0.6361522000000001,101.35445249999998', '2018-07-25 13:42:57', '2018-07-25 13:42:57');
INSERT INTO `wisatas` (`id`, `alamat_maps`, `deskripsi`, `judul`, `kategori`, `kota_aceh_id`, `latlng_maps`, `created_at`, `updated_at`) VALUES
(64, 'Jl. Lintas Barat Sumatera, Kabupaten Aceh Selatan, Aceh 23752, Indonesia,undefined,undefined', '<p><span style=\"font-size: 15.4px;\">Desiran air terjun dari kaki pegunungan Leuser serta hembusan hawa fresh bikin siapapun bakal kerasan berlama-lama bila bertandang ke tempat ini. Terdapat di Desa Lhok Pawoh, Sawang Aceh Selatan, air terjun yang dinamakan dengan Tuwie Lhok ini sedikit di ketahui orang. Seperti umumnya potensi wisata di beberapa tempat lain di Aceh Selatan, Tuwie Lhok juga tak dikelola dengan baik sebagai obyek wisata.</span></p><p><span style=\"font-size: 15.4px;\"><br></span></p><p><span style=\"font-size: 15.4px;\">Bila menginginkan ke tempat ini, dari jalan nasional Blang Pidie - Tapaktuan anda mesti melalui jalan sempit seperti gang yang di kiri-kanan berjejeran tempat tinggal masyarakat. Sekitaran 100 meter untuk meraih Tuwie Lhok.</span></p><p><span style=\"font-size: 15.4px;\"><br></span></p><p><span style=\"font-size: 15.4px;\">Sungainya tidaklah terlalu besar serta tempat begitu sempit, tetapi nada desiran air serta hawa fresh bikin nyaman siapapun yang bertandang kesini. Hawa fresh berhembus dari pohon-pohon pala yang melingkari tempat ini. Bila anda ke Aceh Selatan, luangkan lah bertandang ke tempat ini.A</span></p>', 'Air terjun tuwi lhok', 1, 3, '3.3501449,97.12657769999998', '2018-07-25 13:44:03', '2018-07-25 13:44:03'),
(65, 'Unnamed Road, Suaq Geringgeng, Kluet Utara, Kabupaten Aceh Selatan, Aceh 23772, Indonesia', '<p><span style=\"font-size: 15.4px;\">Bupaleh berdasarkan Al-Qur\'an dan Hadist Nabi. Kegiatan itu dilaksanakan mulai&nbsp;</span></p><p><span style=\"font-size: 15.4px;\">tahun 1940. Sebelumnya pada tahun 1888 dikawasan itu juga digunakan&nbsp;</span></p><p><span style=\"font-size: 15.4px;\">sebagai tempat untuk bermusyawarah para ulama keturunan Said yang&nbsp;</span></p><p><span style=\"font-size: 15.4px;\">mengembangkan Agama Islam di Aceh. Salah seorang keturunan Said yang&nbsp;</span></p><p><span style=\"font-size: 15.4px;\">berjasa dalam mengembangkan Agama Islam di Aceh Selatan adalah alm. Drs.</span></p><p><span style=\"font-size: 15.4px;\">H. Sayed Mudhahar Ahmad, Msi, yaitu mantan Bupati Aceh Selatan.&nbsp;</span></p><p><span style=\"font-size: 15.4px;\">Disebutkan juga di lokasi Bupaleh ini merupakan tempat pertama sekali&nbsp;</span></p><p><span style=\"font-size: 15.4px;\">Tengku Syeikh Muda Waly mengajarkan Al-Qur\'an (belajar mengaji) kepada&nbsp;</span></p><p><span style=\"font-size: 15.4px;\">anak sulungnya yang bernama Djamaluddin Waly.</span></p>', 'Bupale pasia kuala ba\'u', 1, 3, '3.084164,97.3118862', '2018-07-25 13:44:52', '2018-07-25 13:44:52'),
(66, 'Unnamed Road, Kota Sabang, Aceh, Indonesia,undefined,undefined', '<p><span style=\"font-size: 15.4px;\">Menurut legenda ysng di warisi dari generasi ke genarasi yang ada di Aceh Selatan, Gua Kalam ini di percaya sebagai tempat bertapanya Tuan Tapa dan tempat Putri Naga tinggal setelah diselamatkan Tuan Tapa dari cengkeraman sepasang naga dari negeri cina yang hampir menculik sang putri .Kondisi dalam goa lumayan terang akibat cahaya yang di hasilkan dari lobang longsor . dalam gua tersebut. kita menjumpai singai-sungai kecil yang mengalir ke hulu. Kalau diperkirakan jarak ujung terowongan ini mencapai 100 meter dari gerbang yang tadi kami lewati. Untuk mencapainya kami harus menaiki bebatuan yang besar . Lagi-lagi kami harus berhati-hati jangan sampai terpeleset. Akhirnya kami sampai di ujung gua. Di sebelah kanan kami terdapat tempat yang tertinggi itulah tempat Tuan Tapa bertapa. Untuk menaikinya lebih baik berhati-hati di karenakan batu- batu yang terdapat di situ begitu licin.</span><br></p>', 'Goa kalam', 1, 3, '5.827371599999999,95.25951699999996', '2018-07-25 13:46:35', '2018-07-25 13:46:35'),
(67, 'Jl. Tapaktuan - Subulussalam No.8, Hilir, Tapak Tuan, Kabupaten Aceh Selatan, Aceh 23715, Indonesia', '<p><span style=\"font-size: 15.4px;\">Pemandian kolam dengan airnya yang dingin</span><br></p>', 'ie sijuk panjupian', 1, 3, '3.2648715,97.24101410000003', '2018-07-25 13:47:42', '2018-07-25 13:47:42'),
(68, 'Jalan Pulau Kapuk, Mon Ikeun, Kec. Lhoknga, Kabupaten Aceh Besar, Aceh 23371, Indonesia', '<p><span style=\"font-size: 15.4px;\">Pantai Cemara Indah merupakan salah satu destinasi wisata unggulan di Aceh Singkil selain Pulau Banyak, pantai ini menawarkan pesona pasir putih serta pohon cemara yang tumbuh disepanjang bibir pantai.</span><br></p>', 'Pantai cemara', 1, 12, '5.472736900000001,95.23712939999996', '2018-07-25 13:48:44', '2018-07-25 13:48:44'),
(69, 'Haloban, West Banyak Island, Aceh Singkil Regency, Aceh, Indonesia,undefined', '<p><span style=\"font-size: 15.4px;\">Pantai pulau ini (pantai Amandangan dan pantai Pelanggaran) merupakan tempat bertelurnya penyu hijau, penyu belimbing dan penyu sisik. Selain itu, di kedua pantai ini merupakan salah satu tempat favorit untuk melakukan surfing dengan ombak yang mencapai ketinggian hingga 5 meter.</span><br></p>', 'Pulau Bangkaru', 1, 3, '2.0603049,97.12516989999995', '2018-07-25 13:49:31', '2018-07-25 13:49:31'),
(70, 'Unnamed Road, Kabupaten Aceh Singkil, Aceh, Indonesia,undefined,undefined', '<p><span style=\"font-size: 15.4px;\">Pulau&nbsp; Banyak milik Provinsi Aceh telah menjadi referensi baru tujuan wisata favorit di Pulau Sumatera dan Indonesia. Seperti namanya, pulau&nbsp; terdiri dari banyak pulau indah (sekitar 70 pulau) dan semuanya layak untuk dijelajahi! Meski begitu, yang paling terkenal disebut Pulau Tailana. Traveller mengenalinya sebagai tempat terbaik untuk menikmati nuansa tenang, snorkeling, olahraga air, dan relaksasi! Kebanyakan orang akan merasakan hal yang sama mengenai atmosfer. Rasanya seperti surga saat menghabiskan liburan di pulau ini karena alamnya yang belum terjamah dan obyek wisata alamnya yang indah. Tak heran, banyak agen tur merekomendasikan tempat ini kepada semua orang, terutama mereka yang sedang berkunjung ke Provinsi Aceh dan sekitarnya.</span><br></p>', 'Pulau Tailana', 1, 12, '2.3589459,97.87216000000001', '2018-07-25 13:50:45', '2018-07-25 13:50:45'),
(71, 'Unnamed Road, Raket, Trumon, Kabupaten Aceh Selatan, Aceh 23774, Indonesia', '<p><span style=\"font-size: 15.4px;\">Salah satu objek wisata yang paling dekat dengan The Sapo Belen adalah Rawa Singkil. Rawa Singkil merupakan kawasan konservasi yang dilindungi. Rawa Singkil dapat ditempuh hanya sekitar 30 Menit dari The Sapo Belen.</span></p><p><span style=\"font-size: 15.4px;\">Para Tamu dapat menikmati indahnya panorama kawasan Rawa Singkil yang didalamnya terdapat binatang yang di lindungi yaitu Orang Utan Singkil yang saat ini terancam punah. The&nbsp; Sapo Belen sengaja mengajak para tamu dan masyarakat Singkil lainnya untuk bersama-sama melindungi Orang Utan tersebut.</span></p>', 'Rawa Singkil', 1, 12, '2.4529307,97.73876100000007', '2018-07-25 13:51:25', '2018-07-25 13:51:25'),
(72, 'Unnamed Road, Kabupaten Aceh Singkil, Aceh, Indonesia,undefined,undefined', '<p><span style=\"font-size: 15.4px;\">Salah satu objek wisata yang paling dekat dengan The Sapo Belen adalah Rawa Singkil. Rawa Singkil merupakan kawasan konservasi yang dilindungi. Rawa Singkil dapat ditempuh hanya sekitar 30 Menit dari The Sapo Belen.</span></p><p><span style=\"font-size: 15.4px;\">Para Tamu dapat menikmati indahnya panorama kawasan Rawa Singkil yang didalamnya terdapat binatang yang di lindungi yaitu Orang Utan Singkil yang saat ini terancam punah. The&nbsp; Sapo Belen sengaja mengajak para tamu dan masyarakat Singkil lainnya untuk bersama-sama melindungi Orang Utan tersebut.</span></p>', 'Ujung lhok', 1, 12, '2.3589459,97.87216000000001', '2018-07-25 13:52:04', '2018-07-25 13:52:04'),
(73, 'Unnamed Road, Tlk. Nibung, Pulau Banyak, Kabupaten Aceh Singkil, Aceh 24784, Indonesia', '<p><span style=\"font-size: 15.4px;\">”Pulau Banyak bertabur pesona, ke-99 pulau itu layak dikembangkan menjadi objek wisata andalan. Wisatawan bisa snorkling, diving dan menikmati atraksi seni budaya serta kuliner Pulau Banyak,”</span><br></p>', 'Wisata Bahari Pulau banyak', 1, 12, '2.3198851,97.41380200000003', '2018-07-25 13:52:51', '2018-07-25 13:52:51'),
(74, 'Jl. Blangkejeren - Kutacane, Penggalangan, Blangkejeren, Kabupaten Gayo Lues, Aceh 24653, Indonesia', '<p><span style=\"font-size: 15.4px;\">Masyarakat di Desa Agusen juga sangat bersahabat, selalu menyambut tamu dengan ramah. Beberapa rumah masyarakat sudah bisa dijadikan sebagai tempat tinggal, jika ada pengunjung yang ingin bermalam.</span></p><p><span style=\"font-size: 15.4px;\"><br></span></p><p><span style=\"font-size: 15.4px;\">“Kami menyediakan beberapa rumah masyarakat untuk pengunjung yang ingin menginap. Pemandu wisata juga ada, kami terus telah belajar bagaimana mengelola wisata yang baik,” sebut Marjohansyah, pemuda desa Agusen.</span></p><p><span style=\"font-size: 15.4px;\"><br></span></p><p><span style=\"font-size: 15.4px;\">&nbsp;</span></p>', 'Aii Agusen', 1, 15, '3.955165,97.3516558', '2018-07-25 13:54:18', '2018-07-25 13:54:18'),
(75, 'Jl. Blangkejeren - Kutacane, Penggalangan, Blangkejeren, Kabupaten Gayo Lues, Aceh 24653, Indonesia', '<p><span style=\"font-size: 15.4px;\">Wisata Air Terjun Akang Siwah terletak di Kabupaten Gayo Lues suatu Kabupaten di Aceh yang beribukota di Blangkejeren dan hasil pemekaran dari kabupaten Aceh Tenggara, terletak pada koordinat 3°40\'46,13\"€ - 4°16\'50,45\"€ LU 96°43\'15,65\"€ - 97°55\'24,29\", secara geografis wilayah ini mempunyai luas wilayah mencapai 5.719 km yang terbagi dalam 11 kecamatan dan 97 desa. Kabupaten ini berada di gugusan bukit barisan, yang sebagian besar adalah area Taman Nasional Gunung Laoser yang telah di canangkan sebagai warisan dunia.</span></p><p><span style=\"font-size: 15.4px;\"><br></span></p><p><span style=\"font-size: 15.4px;\">Obyek wisata ini merupakan wisata alam yang mempesona dan masih sangat alami. Cocok bagi anda yang ingin merasakan ketenangan dan merasakan kesejukan. Wisata Alam Air Terjun Akang Siwah hanya berjarak 6 km dari ibukota Blangkejeren, air terjun ini memiliki panorama tiga tingkat (8 m, 14 m dan 40 m). anda bisa menuju ke sana dengan menggunakan sepeda motor ataupun mobil.</span></p>', 'Air terjun sakawang', 1, 15, '3.955165,97.3516558', '2018-07-25 13:55:34', '2018-07-25 13:55:34'),
(76, 'Jl. Puri No.91, Kota Matsum IV, Medan Area, Kota Medan, Sumatera Utara 20211, Indonesia', '<p><span style=\"font-size: 15.4px;\">Air Terjun Rerebe Kolam Biru ini mempunyai lebar lebih kurang 100 meter dan panjang lebih kurang 110 dengan kedalaman kolam 2-8 meter. Memang bukan perkara yang mudah untuk menengok pesona dari Air Terjun Kolam Biru Rerebe ini. Anda harus melewati pemukiman warga sekitar, serta melalui jalur yang masih berupa tanah. Dahulu, bahkan pengunjung harus menyusuri jalan menanjak yang cukup ekstrim melewati perbukitan dan melewati aliran sungai dari air terjun.</span><br></p>', 'Air terjun arebe', 1, 3, '3.5781207,98.69115929999998', '2018-07-25 13:56:14', '2018-07-25 13:56:14'),
(77, 'Jl. Sigli -Krueng Raya, Hutan, Muara Tiga, Kabupaten Pidie, Aceh 24173, Indonesia', '<p><span style=\"font-size: 15.4px;\">Guha tujuh adalah objek wisata yang banyak menyimpan benda bersejarah didalamnya sangat disayangkan Sebagian benda bersejarah yang ada di dalam objek wisata Guha Tujoh Laweung, Kecamatan Muara Tiga, Pidie, kini banyak yang telah dirusak pengunjung. Bahkan, sebuah batu berbentuk seekor burung elang sedang sujud dan di mulutnya keluar air telah dipatahkan dan dicuri pengunjung. Karena itu, masyarakat sangat mengharapkan agar Pemkab Pidie segera menyelamatkan situs bersejarah yang menjadi objek wisata andalan di kabupaten pidie tersebut.&nbsp;</span><br></p>', 'Guha tujoh', 1, 9, '5.4862682,95.87407800000005', '2018-07-25 13:57:19', '2018-07-25 13:57:19'),
(78, 'Unnamed Road, Cot Kreh, Keumala, Kabupaten Pidie, Aceh 24187, Indonesia', '<p><span style=\"font-size: 15.4px;\">Guha tujuh adalah objek wisata yang banyak menyimpan benda bersejarah didalamnya sangat disayangkan Sebagian benda bersejarah yang ada di dalam objek wisata Guha Tujoh Laweung, Kecamatan Muara Tiga, Pidie, kini banyak yang telah dirusak pengunjung. Bahkan, sebuah batu berbentuk seekor burung elang sedang sujud dan di mulutnya keluar air telah dipatahkan dan dicuri pengunjung. Karena itu, masyarakat sangat mengharapkan agar Pemkab Pidie segera menyelamatkan situs bersejarah yang menjadi objek wisata andalan di kabupaten pidie tersebut.&nbsp;</span><br></p>', 'Keumala', 1, 9, '5.2306075,95.86704050000003', '2018-07-25 13:58:12', '2018-07-25 13:58:12'),
(79, 'Jl. le Leubeue, Simpang Tiga, Kabupaten Pidie, Aceh 24181, Indonesia,undefined', '<p><span style=\"font-size: 15.4px;\">Pantai Mantak Tari adalah pantai terindah yang pernah saya kunjungi. Maklum, sampai lulus SD saya hanya berkunjung ke pantai ini.</span></p><p><span style=\"font-size: 15.4px;\"><br></span></p><p><span style=\"font-size: 15.4px;\">Sambil bermain di pinggir pantai, guru kami menunjukkan sebuah benteng yang terletak tepat di bibir pantai. Benteng Jepang, begitu jelas guru SD saya itu. Menurut pemaparannya, benteng tersebut dibangun pada masa penjajahan Jepang untuk melawan serangan musuh lewat lautan.</span></p>', 'Mantak tari', 1, 9, '5.3558112,95.99813110000002', '2018-07-25 13:58:59', '2018-07-25 13:58:59');

--
-- Indexes for dumped tables
--

--
-- Indexes for table `admins`
--
ALTER TABLE `admins`
  ADD PRIMARY KEY (`id`),
  ADD UNIQUE KEY `admins_email_unique` (`email`);

--
-- Indexes for table `akomodasis`
--
ALTER TABLE `akomodasis`
  ADD PRIMARY KEY (`id`);

--
-- Indexes for table `akomodasi_wisatas`
--
ALTER TABLE `akomodasi_wisatas`
  ADD PRIMARY KEY (`id`),
  ADD KEY `akomodasi_wisatas_akomodasi_id_foreign` (`akomodasi_id`),
  ADD KEY `akomodasi_wisatas_wisata_id_foreign` (`wisata_id`);

--
-- Indexes for table `budayas`
--
ALTER TABLE `budayas`
  ADD PRIMARY KEY (`id`);

--
-- Indexes for table `images`
--
ALTER TABLE `images`
  ADD PRIMARY KEY (`id`);

--
-- Indexes for table `kota_acehs`
--
ALTER TABLE `kota_acehs`
  ADD PRIMARY KEY (`id`);

--
-- Indexes for table `migrations`
--
ALTER TABLE `migrations`
  ADD PRIMARY KEY (`id`);

--
-- Indexes for table `password_resets`
--
ALTER TABLE `password_resets`
  ADD KEY `password_resets_email_index` (`email`);

--
-- Indexes for table `pengujians`
--
ALTER TABLE `pengujians`
  ADD PRIMARY KEY (`id`);

--
-- Indexes for table `pengujian_details`
--
ALTER TABLE `pengujian_details`
  ADD PRIMARY KEY (`id`);

--
-- Indexes for table `sliders`
--
ALTER TABLE `sliders`
  ADD PRIMARY KEY (`id`);

--
-- Indexes for table `testers`
--
ALTER TABLE `testers`
  ADD PRIMARY KEY (`id`);

--
-- Indexes for table `ulasans`
--
ALTER TABLE `ulasans`
  ADD PRIMARY KEY (`id`);

--
-- Indexes for table `users`
--
ALTER TABLE `users`
  ADD PRIMARY KEY (`id`),
  ADD UNIQUE KEY `users_email_unique` (`email`);

--
-- Indexes for table `wisatas`
--
ALTER TABLE `wisatas`
  ADD PRIMARY KEY (`id`);

--
-- AUTO_INCREMENT for dumped tables
--

--
-- AUTO_INCREMENT for table `admins`
--
ALTER TABLE `admins`
  MODIFY `id` int(10) UNSIGNED NOT NULL AUTO_INCREMENT, AUTO_INCREMENT=2;

--
-- AUTO_INCREMENT for table `akomodasis`
--
ALTER TABLE `akomodasis`
  MODIFY `id` int(10) UNSIGNED NOT NULL AUTO_INCREMENT, AUTO_INCREMENT=19;

--
-- AUTO_INCREMENT for table `akomodasi_wisatas`
--
ALTER TABLE `akomodasi_wisatas`
  MODIFY `id` int(10) UNSIGNED NOT NULL AUTO_INCREMENT, AUTO_INCREMENT=205;

--
-- AUTO_INCREMENT for table `budayas`
--
ALTER TABLE `budayas`
  MODIFY `id` int(10) UNSIGNED NOT NULL AUTO_INCREMENT, AUTO_INCREMENT=16;

--
-- AUTO_INCREMENT for table `images`
--
ALTER TABLE `images`
  MODIFY `id` int(10) UNSIGNED NOT NULL AUTO_INCREMENT, AUTO_INCREMENT=343;

--
-- AUTO_INCREMENT for table `kota_acehs`
--
ALTER TABLE `kota_acehs`
  MODIFY `id` int(10) UNSIGNED NOT NULL AUTO_INCREMENT, AUTO_INCREMENT=26;

--
-- AUTO_INCREMENT for table `migrations`
--
ALTER TABLE `migrations`
  MODIFY `id` int(10) UNSIGNED NOT NULL AUTO_INCREMENT, AUTO_INCREMENT=21;

--
-- AUTO_INCREMENT for table `pengujians`
--
ALTER TABLE `pengujians`
  MODIFY `id` int(10) UNSIGNED NOT NULL AUTO_INCREMENT, AUTO_INCREMENT=14;

--
-- AUTO_INCREMENT for table `pengujian_details`
--
ALTER TABLE `pengujian_details`
  MODIFY `id` int(10) UNSIGNED NOT NULL AUTO_INCREMENT, AUTO_INCREMENT=1028;

--
-- AUTO_INCREMENT for table `sliders`
--
ALTER TABLE `sliders`
  MODIFY `id` int(10) UNSIGNED NOT NULL AUTO_INCREMENT, AUTO_INCREMENT=3;

--
-- AUTO_INCREMENT for table `testers`
--
ALTER TABLE `testers`
  MODIFY `id` int(10) UNSIGNED NOT NULL AUTO_INCREMENT, AUTO_INCREMENT=17;

--
-- AUTO_INCREMENT for table `ulasans`
--
ALTER TABLE `ulasans`
  MODIFY `id` int(10) UNSIGNED NOT NULL AUTO_INCREMENT, AUTO_INCREMENT=961;

--
-- AUTO_INCREMENT for table `users`
--
ALTER TABLE `users`
  MODIFY `id` int(10) UNSIGNED NOT NULL AUTO_INCREMENT, AUTO_INCREMENT=18;

--
-- AUTO_INCREMENT for table `wisatas`
--
ALTER TABLE `wisatas`
  MODIFY `id` int(10) UNSIGNED NOT NULL AUTO_INCREMENT, AUTO_INCREMENT=80;

--
-- Constraints for dumped tables
--

--
-- Constraints for table `akomodasi_wisatas`
--
ALTER TABLE `akomodasi_wisatas`
  ADD CONSTRAINT `akomodasi_wisatas_akomodasi_id_foreign` FOREIGN KEY (`akomodasi_id`) REFERENCES `akomodasis` (`id`) ON DELETE CASCADE ON UPDATE CASCADE,
  ADD CONSTRAINT `akomodasi_wisatas_wisata_id_foreign` FOREIGN KEY (`wisata_id`) REFERENCES `wisatas` (`id`) ON DELETE CASCADE ON UPDATE CASCADE;
COMMIT;

/*!40101 SET CHARACTER_SET_CLIENT=@OLD_CHARACTER_SET_CLIENT */;
/*!40101 SET CHARACTER_SET_RESULTS=@OLD_CHARACTER_SET_RESULTS */;
/*!40101 SET COLLATION_CONNECTION=@OLD_COLLATION_CONNECTION */;
